order_id,order_date,state,city,category,transport_mode,shipment_volume,weight_kg,distance_km,fuel_price_per_litre,weather,processing_hours,delivery_days,promised_days,late_flag,delay_days,freight_cost,transport_cost,inventory_level,stockout_flag,customer_rating
ORD100000,2025-02-02,West Bengal,Kolkata,Grocery,Bike,5,0.34,33.8,92.35,Normal,3.1,3.34,3.2,1,0.14,147.72,190.32,179,0,3.7
ORD100001,2025-10-10,Delhi,Dwarka,Grocery,Bike,6,3.43,115.2,95.03,Normal,8.6,3.07,4.7,0,0.0,221.3,239.21,5,1,4.7
ORD100002,2025-08-27,Rajasthan,Jodhpur,Home & Kitchen,Bike,4,1.41,27.1,93.59,Normal,8.2,3.83,4.6,0,0.0,115.01,128.07,5,1,5.0
ORD100003,2025-06-10,Gujarat,Vadodara,Electronics,Truck,8,0.94,30.9,92.84,Normal,9.4,4.19,3.4,1,0.79,150.5,198.39,44,0,4.2
ORD100004,2025-06-08,Maharashtra,Pune,Home & Kitchen,Van,3,0.66,132.3,89.35,Normal,8.1,3.32,4.2,0,0.0,198.54,225.75,5,1,3.8
ORD100005,2025-11-10,West Bengal,Kolkata,Electronics,Bike,5,1.4,103.7,94.55,Normal,5.4,2.18,3.9,0,0.0,180.7,225.89,5,1,4.5
ORD100006,2025-02-01,Rajasthan,Jodhpur,Fashion,Bike,7,5.66,46.6,94.71,Normal,7.7,2.89,1.7,1,1.19,189.01,245.2,56,0,4.3
ORD100007,2025-09-12,Rajasthan,Jodhpur,Sports,Truck,4,3.78,46.6,97.63,Normal,9.7,4.37,5.7,0,0.0,138.25,157.83,5,1,4.3
ORD100008,2025-03-15,Tamil Nadu,Madurai,Home & Kitchen,Van,6,5.83,107.1,97.1,Normal,6.6,3.7,3.3,1,0.4,267.61,291.9,5,1,3.9
ORD100009,2025-02-04,Delhi,Dwarka,Home & Kitchen,Van,6,1.87,131.4,96.13,Normal,5.9,2.05,2.6,0,0.0,271.17,319.22,5,1,4.2
ORD100010,2025-07-12,Tamil Nadu,Coimbatore,Grocery,Bike,8,2.16,56.9,96.59,Normal,10.5,2.23,2.5,0,0.0,211.31,232.3,70,0,5.0
ORD100011,2025-12-23,Karnataka,Mangaluru,Beauty,Bike,1,0.72,157.0,96.83,Normal,3.4,1.31,3.0,0,0.0,163.2,193.17,5,0,3.9
ORD100012,2025-09-26,West Bengal,Durgapur,Electronics,Truck,3,0.72,51.9,96.2,Normal,3.3,3.65,5.2,0,0.0,139.25,164.69,5,1,4.3
ORD100013,2025-10-05,West Bengal,Siliguri,Electronics,Van,4,1.83,177.0,97.84,Rain,4.0,5.28,4.8,1,0.48,283.14,317.9,5,1,3.3
ORD100014,2025-09-19,Maharashtra,Nagpur,Sports,Van,5,0.82,55.7,93.09,Normal,13.6,3.15,2.1,1,1.05,144.27,181.57,5,1,4.3
ORD100015,2025-10-14,Gujarat,Vadodara,Electronics,Truck,4,1.15,153.3,94.52,Normal,9.1,2.57,1.9,1,0.67,254.15,289.24,5,1,3.3
ORD100016,2025-07-07,West Bengal,Siliguri,Grocery,Van,5,2.07,78.6,94.29,Normal,8.5,2.76,3.8,0,0.0,204.5,283.19,5,1,4.1
ORD100017,2025-02-16,Maharashtra,Pune,Books,Truck,8,4.6,154.9,94.46,Normal,6.0,3.5,2.1,1,1.4,263.06,317.2,5,1,3.6
ORD100018,2025-11-03,Tamil Nadu,Chennai,Home & Kitchen,Bike,3,2.03,13.1,95.21,Normal,7.5,2.18,2.3,0,0.0,118.66,121.07,119,0,4.6
ORD100019,2025-06-14,Maharashtra,Pune,Grocery,Bike,4,0.83,37.3,98.44,Heavy Rain,10.7,4.41,5.9,0,0.0,117.68,172.23,6,1,4.3
ORD100020,2025-07-02,Maharashtra,Mumbai,Electronics,Truck,6,0.62,147.9,97.14,Normal,8.1,4.22,5.5,0,0.0,216.68,266.03,5,1,4.5
ORD100021,2025-05-16,Tamil Nadu,Coimbatore,Home & Kitchen,Truck,5,2.18,199.5,97.76,Normal,4.2,4.65,3.8,1,0.85,300.51,336.47,5,1,2.8
ORD100022,2025-03-08,Karnataka,Mangaluru,Home & Kitchen,Van,7,1.34,61.3,95.45,Normal,8.9,4.62,5.5,0,0.0,174.97,207.85,5,1,4.9
ORD100023,2025-12-05,Delhi,Dwarka,Sports,Van,3,2.17,47.1,95.39,Rain,5.9,2.51,2.3,1,0.21,149.01,194.05,9,1,4.1
ORD100024,2025-10-13,Rajasthan,Jaipur,Home & Kitchen,Truck,9,1.76,23.6,96.68,Normal,8.7,5.48,5.6,0,0.0,190.44,241.08,188,0,4.5
ORD100025,2025-08-24,West Bengal,Kolkata,Electronics,Van,5,1.92,16.3,96.44,Normal,4.6,2.88,3.1,0,0.0,134.67,142.83,70,0,3.1
ORD100026,2025-05-27,Rajasthan,Udaipur,Sports,Bike,3,4.4,15.0,96.47,Normal,4.7,4.44,4.7,0,0.0,89.95,118.06,5,1,4.5
ORD100027,2025-10-28,Rajasthan,Udaipur,Electronics,Van,4,3.99,71.6,99.89,Normal,5.7,3.72,4.3,0,0.0,163.21,197.28,133,0,4.1
ORD100028,2025-07-19,Gujarat,Surat,Sports,Van,1,2.56,68.6,96.8,Normal,3.7,0.96,1.0,0,0.0,118.61,139.91,5,0,4.1
ORD100029,2025-06-11,Delhi,Rohini,Grocery,Van,7,1.13,28.1,94.36,Normal,7.4,2.16,2.2,0,0.0,168.14,174.94,124,0,4.5
ORD100030,2025-06-14,Delhi,Rohini,Beauty,Truck,10,1.41,42.0,94.53,Normal,7.0,2.73,4.2,0,0.0,237.07,274.28,160,0,5.0
ORD100031,2025-03-24,Delhi,Dwarka,Grocery,Van,5,3.31,56.6,97.34,Rain,11.2,4.76,5.5,0,0.0,180.68,184.26,194,0,5.0
ORD100032,2025-02-03,Telangana,Hyderabad,Grocery,Bike,4,4.69,12.4,97.23,Normal,8.2,1.46,1.2,1,0.26,99.84,112.19,97,0,4.6
ORD100033,2025-07-22,West Bengal,Siliguri,Electronics,Bike,11,0.88,81.3,97.64,Normal,10.9,4.77,5.6,0,0.0,238.41,314.08,38,1,4.4
ORD100034,2025-11-21,Rajasthan,Jodhpur,Sports,Truck,7,5.44,88.3,96.84,Rain,7.8,6.1,5.5,1,0.6,243.08,261.74,5,1,4.8
ORD100035,2025-01-24,Delhi,Rohini,Sports,Bike,5,1.21,103.1,94.06,Normal,1.9,1.59,2.4,0,0.0,228.63,243.08,5,1,5.0
ORD100036,2025-11-10,Telangana,Nizamabad,Sports,Truck,7,3.11,97.0,98.72,Heavy Rain,9.9,5.13,6.3,0,0.0,225.58,247.45,5,1,4.5
ORD100037,2025-10-30,Karnataka,Mysuru,Grocery,Bike,8,12.44,64.2,98.4,Rain,9.0,4.32,5.7,0,0.0,277.3,328.73,5,1,3.5
ORD100038,2025-04-12,West Bengal,Durgapur,Beauty,Van,7,0.72,175.8,95.32,Normal,8.6,3.79,4.9,0,0.0,251.06,328.19,5,1,4.0
ORD100039,2025-08-19,Tamil Nadu,Chennai,Beauty,Truck,8,2.8,48.6,96.7,Rain,8.0,4.65,4.4,1,0.25,178.92,228.55,161,0,2.7
ORD100040,2025-03-02,Tamil Nadu,Madurai,Electronics,Van,10,1.64,95.7,96.4,Rain,3.1,5.0,5.2,0,0.0,273.07,331.64,5,1,4.2
ORD100041,2025-10-04,Karnataka,Bengaluru,Fashion,Truck,11,2.69,26.8,95.42,Normal,8.1,1.88,3.6,0,0.0,147.37,201.99,171,0,4.5
ORD100042,2025-09-13,Karnataka,Mysuru,Grocery,Bike,4,1.35,27.3,94.03,Normal,4.5,1.63,2.0,0,0.0,143.59,160.09,7,1,3.6
ORD100043,2025-05-10,Maharashtra,Pune,Grocery,Van,4,0.4,90.9,97.18,Normal,7.0,3.48,4.1,0,0.0,181.2,218.54,19,0,5.0
ORD100044,2025-01-25,Tamil Nadu,Chennai,Home & Kitchen,Van,5,1.23,33.6,93.48,Normal,8.0,1.85,3.2,0,0.0,135.85,146.14,88,0,4.6
ORD100045,2025-12-21,Karnataka,Mysuru,Fashion,Truck,6,2.52,90.2,95.12,Normal,12.8,4.28,6.3,0,0.0,155.59,207.97,5,1,3.5
ORD100046,2025-06-12,Rajasthan,Udaipur,Grocery,Bike,6,4.84,93.5,99.3,Normal,8.8,2.88,3.5,0,0.0,246.1,276.55,5,1,4.6
ORD100047,2025-11-22,Maharashtra,Mumbai,Fashion,Bike,6,2.62,187.3,97.0,Normal,6.0,2.45,2.8,0,0.0,348.37,394.18,5,1,3.5
ORD100048,2025-09-05,Karnataka,Bengaluru,Sports,Van,4,5.25,25.3,96.96,Rain,6.0,3.73,6.1,0,0.0,129.71,140.28,40,0,5.0
ORD100049,2025-10-12,Maharashtra,Mumbai,Grocery,Truck,4,1.46,21.9,95.77,Normal,7.9,2.75,5.2,0,0.0,99.63,94.49,70,0,3.8
ORD100050,2025-10-05,Tamil Nadu,Chennai,Electronics,Truck,5,1.39,74.3,93.52,Normal,9.0,4.72,5.5,0,0.0,165.95,213.95,5,1,4.0
ORD100051,2025-03-13,Tamil Nadu,Chennai,Electronics,Truck,8,2.52,145.1,97.1,Normal,5.0,4.15,4.9,0,0.0,301.45,357.0,5,1,4.3
ORD100052,2025-05-13,Delhi,Dwarka,Grocery,Van,3,1.58,71.8,97.28,Normal,5.6,3.06,4.6,0,0.0,173.24,192.77,5,1,4.6
ORD100053,2025-06-20,Rajasthan,Udaipur,Fashion,Van,10,4.18,315.0,97.84,Normal,8.6,5.63,6.7,0,0.0,491.62,597.78,5,1,4.3
ORD100054,2025-07-01,Maharashtra,Nagpur,Books,Truck,4,0.81,89.0,95.73,Normal,2.5,3.54,4.3,0,0.0,165.52,202.21,5,1,3.6
ORD100055,2025-01-16,Telangana,Nizamabad,Home & Kitchen,Truck,8,3.53,84.7,95.72,Normal,10.0,4.29,5.7,0,0.0,258.29,297.15,5,1,4.5
ORD100056,2025-07-19,West Bengal,Siliguri,Electronics,Truck,8,2.0,56.3,97.51,Rain,8.9,4.4,4.5,0,0.0,180.28,203.71,45,0,4.2
ORD100057,2025-02-26,Maharashtra,Pune,Fashion,Truck,6,2.55,98.3,94.25,Normal,6.9,4.52,6.2,0,0.0,243.94,282.77,5,1,4.2
ORD100058,2025-09-29,Tamil Nadu,Madurai,Grocery,Truck,5,3.64,142.1,98.0,Heavy Rain,7.8,5.7,7.0,0,0.0,282.99,334.07,5,1,5.0
ORD100059,2025-09-07,West Bengal,Kolkata,Sports,Bike,6,1.32,78.8,96.27,Heavy Rain,8.9,4.82,5.9,0,0.0,179.31,190.89,25,0,4.3
ORD100060,2025-12-03,Delhi,Rohini,Sports,Bike,7,1.17,133.5,97.12,Normal,12.4,3.67,4.3,0,0.0,296.23,356.32,5,1,4.3
ORD100061,2025-09-29,Delhi,New Delhi,Fashion,Truck,4,2.53,78.2,100.77,Heavy Rain,8.3,6.22,6.4,0,0.0,196.25,223.46,74,0,4.6
ORD100062,2025-05-14,Telangana,Nizamabad,Books,Van,4,1.26,23.7,96.15,Normal,3.7,2.16,1.3,1,0.86,112.52,128.63,181,0,4.1
ORD100063,2025-12-20,Tamil Nadu,Chennai,Electronics,Bike,3,2.45,19.5,96.92,Normal,13.4,3.35,2.5,1,0.85,94.48,108.31,5,1,4.0
ORD100064,2025-05-30,Delhi,New Delhi,Beauty,Van,5,2.45,111.4,96.75,Normal,4.2,2.24,1.4,1,0.84,233.85,245.58,5,1,2.6
ORD100065,2025-04-29,Karnataka,Mysuru,Sports,Van,5,1.93,80.3,93.16,Normal,8.0,3.2,5.0,0,0.0,165.94,187.43,5,1,4.3
ORD100066,2025-11-27,West Bengal,Siliguri,Fashion,Truck,8,2.42,139.0,97.85,Rain,7.6,6.08,6.2,0,0.0,312.61,375.15,5,1,4.3
ORD100067,2025-05-16,West Bengal,Kolkata,Sports,Truck,8,3.04,114.0,92.56,Rain,7.9,2.83,2.4,1,0.43,241.99,294.15,5,1,3.2
ORD100068,2025-01-28,Delhi,New Delhi,Home & Kitchen,Bike,9,1.89,19.4,98.16,Normal,9.3,2.07,2.7,0,0.0,233.43,263.99,276,0,3.8
ORD100069,2025-06-21,Rajasthan,Jodhpur,Electronics,Van,6,1.48,50.0,95.58,Normal,8.4,3.29,3.1,1,0.19,170.12,194.82,133,0,4.5
ORD100070,2025-10-18,West Bengal,Siliguri,Beauty,Bike,8,3.44,34.5,95.52,Normal,11.7,3.18,3.5,0,0.0,149.57,193.69,82,0,4.6
ORD100071,2025-03-11,Tamil Nadu,Madurai,Sports,Truck,6,2.41,69.7,96.81,Normal,5.7,3.85,5.0,0,0.0,219.19,280.34,5,1,4.2
ORD100072,2025-06-18,Telangana,Warangal,Home & Kitchen,Bike,10,2.7,65.2,94.52,Normal,9.8,1.88,2.3,0,0.0,222.17,267.02,5,1,4.7
ORD100073,2025-02-17,Gujarat,Surat,Books,Van,4,2.94,17.7,96.73,Rain,8.3,2.68,3.1,0,0.0,69.35,73.89,53,0,5.0
ORD100074,2025-09-08,Tamil Nadu,Coimbatore,Electronics,Van,9,2.22,46.5,94.98,Normal,14.3,2.49,3.2,0,0.0,246.73,324.88,88,0,4.8
ORD100075,2025-06-23,Delhi,Rohini,Grocery,Van,7,1.61,46.6,94.66,Heavy Rain,8.9,4.08,3.5,1,0.58,240.6,289.19,5,1,4.6
ORD100076,2025-05-01,Telangana,Hyderabad,Beauty,Van,6,1.35,94.0,96.61,Rain,4.4,3.89,4.9,0,0.0,216.97,250.18,35,0,4.6
ORD100077,2025-03-24,Gujarat,Ahmedabad,Home & Kitchen,Van,10,1.9,67.4,99.23,Rain,12.2,4.78,6.8,0,0.0,245.71,284.52,67,0,4.9
ORD100078,2025-07-26,West Bengal,Kolkata,Grocery,Van,5,2.75,41.5,98.36,Normal,6.0,2.5,2.9,0,0.0,161.24,211.75,143,0,4.4
ORD100079,2025-09-02,Rajasthan,Jaipur,Grocery,Bike,8,2.84,36.6,96.1,Normal,6.0,2.99,3.8,0,0.0,196.98,220.38,98,0,5.0
ORD100080,2025-12-10,West Bengal,Durgapur,Beauty,Van,7,2.21,17.3,96.81,Normal,11.0,2.79,2.7,1,0.09,193.07999999999998,170.08,96,0,4.9
ORD100081,2025-06-09,Gujarat,Vadodara,Home & Kitchen,Van,8,2.53,111.1,96.16,Normal,8.4,4.02,4.1,0,0.0,250.4,305.91,5,1,4.6
ORD100082,2025-02-28,West Bengal,Durgapur,Electronics,Bike,8,0.98,113.1,95.01,Normal,7.4,2.57,4.2,0,0.0,239.11,287.48,5,1,3.8
ORD100083,2025-10-31,Maharashtra,Pune,Sports,Van,4,1.49,1178.4,95.3,Rain,10.8,4.1,4.9,0,0.0,1156.55,250.54,5,1,4.6
ORD100084,2025-08-18,West Bengal,Kolkata,Grocery,Bike,8,3.11,44.5,97.69,Normal,6.9,1.96,3.3,0,0.0,160.36,191.54,109,0,4.4
ORD100085,2025-09-13,Karnataka,Mysuru,Books,Truck,3,1.17,175.6,95.92,Normal,4.9,3.14,4.1,0,0.0,268.55,309.29,5,1,4.9
ORD100086,2025-02-05,Karnataka,Bengaluru,Grocery,Bike,8,2.21,112.4,97.15,Normal,9.3,2.93,3.5,0,0.0,252.68,280.48,5,1,4.3
ORD100087,2025-04-25,Maharashtra,Nagpur,Books,Van,6,2.08,121.7,95.45,Normal,1.7,2.54,4.3,0,0.0,252.04,287.84,5,1,4.6
ORD100088,2025-10-08,Tamil Nadu,Coimbatore,Electronics,Bike,7,1.87,53.6,98.74,Normal,8.1,2.79,1.9,1,0.89,192.81,249.11,54,0,4.2
ORD100089,2025-10-31,Karnataka,Mysuru,Fashion,Van,5,3.13,51.0,98.49,Normal,7.3,2.53,2.5,1,0.03,104.09,157.17,15,1,3.6
ORD100090,2025-06-08,Telangana,Nizamabad,Grocery,Bike,5,2.33,103.5,100.17,Normal,4.9,4.11,4.5,0,0.0,217.62,246.56,5,1,4.7
ORD100091,2025-10-21,Gujarat,Ahmedabad,Electronics,Van,7,0.92,150.6,99.84,Normal,7.5,3.86,4.6,0,0.0,287.94,332.92,5,1,4.6
ORD100092,2025-11-04,Delhi,Dwarka,Electronics,Bike,5,2.82,1408.0,95.76,Normal,7.7,3.26,3.7,0,0.0,1282.85,294.47,5,1,3.3
ORD100093,2025-05-22,West Bengal,Durgapur,Grocery,Van,10,1.45,160.8,95.89,Normal,8.6,3.56,4.4,0,0.0,315.93,343.49,5,1,4.4
ORD100094,2025-11-24,Maharashtra,Mumbai,Books,Van,6,0.83,92.6,98.1,Normal,9.2,1.14,3.1,0,0.0,191.18,232.91,5,1,3.7
ORD100095,2025-04-16,Rajasthan,Jaipur,Grocery,Truck,4,3.26,26.8,95.9,Rain,7.5,3.66,3.3,1,0.36,136.48,167.38,135,0,4.7
ORD100096,2025-03-29,West Bengal,Kolkata,Electronics,Van,4,0.93,4.0,97.94,Normal,6.1,1.61,3.7,0,0.0,88.38,120.12,27,0,4.2
ORD100097,2025-09-07,Karnataka,Bengaluru,Sports,Van,4,1.6,118.2,96.92,Normal,8.3,3.24,3.7,0,0.0,160.82,206.67,5,1,4.2
ORD100098,2025-08-21,Rajasthan,Udaipur,Electronics,Truck,4,2.44,36.4,99.22,Normal,7.4,3.95,4.8,0,0.0,106.66,144.04,80,0,4.9
ORD100099,2025-02-21,Rajasthan,Jaipur,Home & Kitchen,Bike,3,1.92,213.6,99.29,Normal,13.8,3.92,4.6,0,0.0,300.14,346.97,5,1,3.2
ORD100100,2025-10-31,Karnataka,Bengaluru,Sports,Van,11,1.34,157.2,97.07,Normal,11.6,4.28,5.2,0,0.0,334.95,382.02,5,1,3.9
ORD100101,2025-03-14,Delhi,Rohini,Books,Van,6,1.06,71.5,94.35,Normal,5.9,1.94,3.7,0,0.0,240.62,275.61,64,0,5.0
ORD100102,2025-10-21,Tamil Nadu,Coimbatore,Sports,Van,7,1.23,76.9,99.49,Normal,3.3,2.94,2.6,1,0.34,199.62,215.5,7,1,3.9
ORD100103,2025-01-03,Telangana,Nizamabad,Books,Bike,10,1.0,104.8,96.59,Normal,6.9,3.7,3.8,0,0.0,217.43,264.02,81,0,3.7
ORD100104,2025-10-18,West Bengal,Siliguri,Grocery,Van,7,1.85,75.2,97.68,Rain,2.6,5.59,6.9,0,0.0,237.12,298.34,5,1,4.1
ORD100105,2025-10-15,West Bengal,Kolkata,Home & Kitchen,Van,5,1.41,109.3,97.5,Normal,8.6,3.95,3.9,1,0.05,232.83,273.58,5,1,3.2
ORD100106,2025-10-12,Delhi,Dwarka,Home & Kitchen,Van,8,0.82,70.5,98.46,Normal,7.2,3.67,2.7,1,0.97,183.49,228.08,6,1,3.5
ORD100107,2025-08-31,Maharashtra,Mumbai,Sports,Bike,5,1.67,50.7,96.67,Heavy Rain,5.0,5.88,7.2,0,0.0,173.63,198.95,28,0,4.3
ORD100108,2025-06-22,Delhi,Dwarka,Books,Van,8,1.33,36.6,95.8,Rain,9.5,3.5,3.5,0,0.0,181.15,216.98,181,0,5.0
ORD100109,2025-09-15,Karnataka,Mangaluru,Fashion,Truck,7,2.4,52.8,98.12,Normal,6.8,2.88,4.4,0,0.0,161.2,205.76,156,0,3.9
ORD100110,2025-04-12,Gujarat,Vadodara,Fashion,Bike,6,2.55,81.7,99.36,Normal,8.4,2.78,3.1,0,0.0,206.69,241.53,5,1,3.7
ORD100111,2025-10-12,Gujarat,Vadodara,Home & Kitchen,Van,3,4.82,34.2,97.67,Normal,6.0,3.88,5.6,0,0.0,116.05,141.83,5,1,4.3
ORD100112,2025-07-22,Tamil Nadu,Chennai,Home & Kitchen,Truck,10,3.07,129.0,97.69,Normal,9.1,5.65,6.6,0,0.0,258.78,352.54,5,1,4.5
ORD100113,2025-06-17,Telangana,Hyderabad,Books,Truck,7,0.99,82.0,95.81,Normal,10.8,3.98,4.1,0,0.0,198.65,265.96,209,0,4.3
ORD100114,2025-07-04,Maharashtra,Pune,Electronics,Bike,11,0.49,60.3,98.89,Normal,11.2,1.95,1.5,1,0.45,244.1,288.6,17,1,3.9
ORD100115,2025-07-27,Tamil Nadu,Chennai,Fashion,Van,9,0.75,33.0,99.05,Normal,11.8,2.29,2.8,0,0.0,177.93,208.51,154,0,5.0
ORD100116,2025-01-14,Maharashtra,Pune,Sports,Bike,6,1.45,136.9,97.82,Rain,8.1,4.15,4.9,0,0.0,229.61,262.01,5,1,3.9
ORD100117,2025-02-21,Gujarat,Vadodara,Beauty,Truck,3,0.71,171.0,96.29,Normal,1.6,3.15,3.3,0,0.0,251.57,282.46,5,1,4.4
ORD100118,2025-03-31,Gujarat,Ahmedabad,Fashion,Van,3,2.0,8.0,98.21,Normal,4.5,2.06,1.6,1,0.46,81.33,68.06,58,0,4.7
ORD100119,2025-02-11,Rajasthan,Udaipur,Home & Kitchen,Van,8,2.06,77.7,98.39,Normal,4.0,5.01,5.5,0,0.0,194.38,237.31,103,0,5.0
ORD100120,2025-06-10,Gujarat,Vadodara,Electronics,Bike,9,1.4,152.6,98.04,Rain,10.6,3.29,5.4,0,0.0,302.06,350.16,5,1,4.7
ORD100121,2025-09-01,Rajasthan,Udaipur,Home & Kitchen,Van,4,2.41,105.6,96.19,Normal,6.7,3.38,4.3,0,0.0,191.64,219.85,5,1,3.5
ORD100122,2025-08-27,Maharashtra,Mumbai,Electronics,Bike,8,1.36,19.7,98.62,Normal,11.1,3.64,3.8,0,0.0,203.84,230.63,88,0,4.9
ORD100123,2025-06-21,Rajasthan,Jaipur,Electronics,Van,7,1.23,57.7,98.48,Rain,10.2,3.66,4.5,0,0.0,203.53,239.28,5,1,5.0
ORD100124,2025-11-09,Delhi,New Delhi,Electronics,Van,5,6.11,30.0,98.97,Normal,7.2,3.54,4.8,0,0.0,177.98,191.63,23,0,4.7
ORD100125,2025-07-26,Karnataka,Bengaluru,Home & Kitchen,Van,5,1.97,33.8,97.99,Normal,11.4,3.25,3.1,1,0.15,94.42,108.84,46,0,3.7
ORD100126,2025-01-29,Tamil Nadu,Chennai,Electronics,Truck,7,2.17,72.9,100.57,Normal,10.1,3.91,4.4,0,0.0,219.29,293.94,94,0,4.1
ORD100127,2025-10-07,Karnataka,Mysuru,Sports,Bike,10,3.49,97.5,98.28,Normal,9.1,3.54,4.1,0,0.0,289.84,323.11,5,1,5.0
ORD100128,2025-07-29,Maharashtra,Mumbai,Electronics,Van,8,3.56,46.1,100.82,Heavy Rain,9.3,5.22,5.6,0,0.0,154.08,238.36,132,0,4.7
ORD100129,2025-08-20,Maharashtra,Mumbai,Fashion,Van,5,1.59,68.2,98.74,Normal,10.5,3.46,3.1,1,0.36,147.73,155.51,5,1,4.5
ORD100130,2025-07-26,West Bengal,Siliguri,Sports,Van,7,3.97,97.4,96.27,Normal,9.0,2.36,3.7,0,0.0,214.73,241.92,32,0,4.4
ORD100131,2025-07-22,Tamil Nadu,Madurai,Electronics,Bike,4,1.5,20.2,99.89,Normal,4.9,3.2,2.0,1,1.2,137.52,136.97,5,1,4.1
ORD100132,2025-02-03,Gujarat,Vadodara,Fashion,Van,10,2.0,33.5,97.75,Normal,6.0,3.57,3.7,0,0.0,238.87,277.0,5,1,3.9
ORD100133,2025-07-24,Delhi,New Delhi,Books,Van,6,0.9,38.2,97.63,Normal,6.5,3.3,3.3,0,0.0,129.83,107.55,65,0,5.0
ORD100134,2025-10-18,Tamil Nadu,Coimbatore,Beauty,Van,6,1.65,53.6,100.32,Normal,5.6,3.37,3.6,0,0.0,138.17,183.32,21,1,5.0
ORD100135,2025-04-21,Karnataka,Mysuru,Home & Kitchen,Van,8,2.33,58.5,96.23,Rain,8.6,6.02,8.0,0,0.0,146.02,172.64,40,0,4.5
ORD100136,2025-08-09,Tamil Nadu,Chennai,Grocery,Bike,4,2.55,74.2,95.35,Normal,5.4,1.64,2.1,0,0.0,126.7,156.33,5,1,3.5
ORD100137,2025-01-12,Maharashtra,Nagpur,Grocery,Bike,6,1.16,46.2,98.13,Rain,6.3,4.2,5.9,0,0.0,139.47,194.89,5,1,5.0
ORD100138,2025-05-07,Gujarat,Surat,Fashion,Van,6,0.69,102.1,99.09,Rain,10.2,3.24,4.1,0,0.0,191.89,220.29,5,1,5.0
ORD100139,2025-06-09,Maharashtra,Nagpur,Electronics,Van,3,2.72,49.1,100.14,Rain,10.5,3.9,5.0,0,0.0,132.47,156.18,5,1,4.3
ORD100140,2025-12-25,Telangana,Hyderabad,Electronics,Van,4,1.76,26.9,98.86,Normal,4.7,3.69,4.1,0,0.0,133.17,138.63,85,0,4.3
ORD100141,2025-03-20,Telangana,Warangal,Books,Truck,4,1.56,42.2,94.57,Heavy Rain,5.7,5.19,6.5,0,0.0,137.49,178.98,76,0,4.3
ORD100142,2025-04-11,Delhi,New Delhi,Home & Kitchen,Bike,6,5.9,239.2,96.9,Rain,7.2,1.85,2.0,0,0.0,756.35,184.03,187,0,4.3
ORD100143,2025-05-30,Gujarat,Vadodara,Electronics,Van,8,1.66,10.3,96.4,Normal,8.8,3.1,3.4,0,0.0,147.35,161.72,254,0,5.0
ORD100144,2025-12-29,Maharashtra,Pune,Beauty,Van,4,1.44,199.5,95.3,Normal,7.4,3.09,3.3,0,0.0,259.81,320.09,5,1,4.8
ORD100145,2025-11-08,Gujarat,Ahmedabad,Sports,Bike,6,0.62,10.1,98.41,Normal,5.9,2.85,2.6,1,0.25,108.91,132.47,190,0,3.3
ORD100146,2025-01-13,Telangana,Hyderabad,Electronics,Truck,5,1.0,51.4,99.66,Normal,8.1,2.99,3.7,0,0.0,142.98,174.59,5,1,4.3
ORD100147,2025-03-27,Gujarat,Surat,Electronics,Truck,3,3.56,67.4,100.51,Normal,5.3,2.7,4.2,0,0.0,173.58,211.98,5,1,4.7
ORD100148,2025-10-27,Delhi,New Delhi,Fashion,Bike,5,1.26,65.7,99.68,Normal,6.0,1.64,2.0,0,0.0,187.13,230.44,105,0,4.2
ORD100149,2025-01-22,Gujarat,Ahmedabad,Grocery,Truck,5,3.03,9.0,97.81,Normal,4.8,2.44,2.4,1,0.04,99.47,113.02,222,0,4.2
ORD100150,2025-11-09,Rajasthan,Udaipur,Fashion,Bike,1,0.87,72.6,100.78,Normal,8.0,2.44,4.9,0,0.0,121.21,147.85,5,0,4.6
ORD100151,2025-04-13,Karnataka,Mangaluru,Sports,Truck,7,1.14,136.6,98.48,Rain,9.9,5.37,5.7,0,0.0,272.83,325.8,5,1,5.0
ORD100152,2025-12-01,Gujarat,Surat,Electronics,Truck,4,1.13,20.0,98.99,Normal,7.4,3.31,4.7,0,0.0,104.79,127.5,236,0,4.9
ORD100153,2025-04-18,Telangana,Nizamabad,Fashion,Bike,8,2.75,71.4,97.71,Normal,9.8,2.21,2.9,0,0.0,205.02,235.86,5,1,4.3
ORD100154,2025-06-08,Tamil Nadu,Coimbatore,Fashion,Van,10,1.75,72.5,98.49,Heavy Rain,11.5,5.2,6.9,0,0.0,193.07999999999998,310.68,5,1,4.5
ORD100155,2025-08-30,Rajasthan,Jaipur,Fashion,Van,10,0.98,61.1,98.19,Normal,10.5,3.72,4.4,0,0.0,193.07999999999998,260.66,32,1,4.1
ORD100156,2025-02-16,Karnataka,Mangaluru,Fashion,Bike,7,3.2,217.3,96.49,Normal,9.7,3.27,3.9,0,0.0,342.06,383.62,5,1,5.0
ORD100157,2025-07-23,Tamil Nadu,Chennai,Books,Van,7,2.78,59.9,100.14,Normal,6.7,2.5,3.1,0,0.0,168.12,178.07,115,0,4.9
ORD100158,2025-07-04,West Bengal,Siliguri,Home & Kitchen,Van,6,2.51,43.4,99.32,Normal,3.6,3.04,3.5,0,0.0,122.46,164.2,124,0,3.7
ORD100159,2025-10-14,Maharashtra,Pune,Grocery,Bike,7,2.44,15.4,100.48,Normal,5.8,3.17,3.9,0,0.0,151.73,184.07,120,0,4.4
ORD100160,2025-12-30,Gujarat,Ahmedabad,Electronics,Bike,11,1.16,149.5,97.8,Normal,14.5,3.94,3.9,1,0.04,330.69,396.16,5,1,3.1
ORD100161,2025-08-31,Karnataka,Bengaluru,Beauty,Bike,5,4.56,29.5,100.36,Rain,6.7,2.1,3.2,0,0.0,121.79,138.37,104,0,4.3
ORD100162,2025-05-30,Karnataka,Mangaluru,Fashion,Van,10,1.89,79.2,96.29,Normal,12.7,3.99,7.1,0,0.0,265.35,311.92,80,0,4.5
ORD100163,2025-05-29,Maharashtra,Nagpur,Beauty,Van,11,2.4,160.2,100.11,Heavy Rain,10.5,5.99,5.8,1,0.19,323.96,384.3,5,1,4.4
ORD100164,2025-06-02,Tamil Nadu,Coimbatore,Electronics,Van,7,2.58,92.1,100.38,Normal,7.7,5.01,6.0,0,0.0,177.15,221.28,5,1,5.0
ORD100165,2025-10-25,Gujarat,Ahmedabad,Sports,Bike,8,1.09,18.7,97.31,Normal,5.7,2.06,2.8,0,0.0,167.01,178.25,282,0,3.7
ORD100166,2025-04-28,Gujarat,Vadodara,Sports,Bike,7,6.91,105.7,101.21,Rain,6.5,3.44,3.1,1,0.34,255.04,297.14,5,1,4.0
ORD100167,2025-03-02,West Bengal,Siliguri,Books,Van,8,1.98,41.2,102.03,Rain,7.7,3.96,5.4,0,0.0,177.36,221.12,112,0,4.7
ORD100168,2025-05-03,Delhi,Dwarka,Sports,Bike,6,2.06,100.2,98.21,Normal,7.0,1.78,2.1,0,0.0,234.53,277.95,5,1,4.5
ORD100169,2025-01-09,Tamil Nadu,Coimbatore,Electronics,Van,5,1.54,198.5,101.88,Normal,8.3,4.24,4.3,0,0.0,329.77,403.64,5,1,3.7
ORD100170,2025-02-08,Delhi,Rohini,Beauty,Van,5,4.25,94.4,96.23,Normal,5.6,2.82,4.8,0,0.0,222.66,257.98,5,1,4.1
ORD100171,2025-02-02,Karnataka,Mysuru,Home & Kitchen,Van,7,4.37,64.6,99.07,Rain,6.4,4.57,5.0,0,0.0,194.16,242.98,44,0,4.4
ORD100172,2025-10-09,Karnataka,Bengaluru,Sports,Van,5,2.23,5.7,94.63,Rain,9.2,3.46,5.2,0,0.0,69.42,104.39,199,0,4.9
ORD100173,2025-09-21,Tamil Nadu,Chennai,Home & Kitchen,Truck,5,0.78,37.3,101.04,Normal,11.6,3.81,5.0,0,0.0,193.07999999999998,171.66,52,0,4.0
ORD100174,2025-09-12,Delhi,Dwarka,Home & Kitchen,Bike,6,1.81,28.2,96.63,Rain,7.5,4.42,5.2,0,0.0,145.09,184.34,52,0,4.2
ORD100175,2025-06-18,Tamil Nadu,Madurai,Grocery,Truck,10,1.93,93.4,95.89,Normal,9.8,4.58,5.9,0,0.0,193.07999999999998,265.25,5,1,4.4
ORD100176,2025-09-19,Tamil Nadu,Madurai,Electronics,Bike,8,1.5,154.1,99.9,Normal,7.6,2.25,3.7,0,0.0,272.68,310.98,5,1,3.6
ORD100177,2025-02-28,Gujarat,Surat,Grocery,Bike,5,1.06,87.1,101.32,Rain,6.7,3.09,3.6,0,0.0,221.01,261.86,5,1,4.3
ORD100178,2025-11-25,Telangana,Hyderabad,Home & Kitchen,Van,5,0.73,71.8,98.74,Normal,6.3,4.34,4.7,0,0.0,193.07999999999998,202.86,38,0,4.7
ORD100179,2025-07-02,Karnataka,Mysuru,Grocery,Bike,7,5.24,568.8,99.74,Normal,7.2,0.74,2.2,0,0.0,1218.4,296.54,118,0,4.0
ORD100180,2025-12-09,Gujarat,Ahmedabad,Sports,Van,3,3.26,62.8,102.69,Normal,7.8,1.71,4.9,0,0.0,175.01,210.23,5,1,4.2
ORD100181,2025-02-25,Gujarat,Surat,Beauty,Truck,9,2.06,143.1,97.83,Rain,9.9,5.45,4.7,1,0.75,296.82,364.58,5,1,3.5
ORD100182,2025-07-01,West Bengal,Durgapur,Home & Kitchen,Van,7,1.32,110.4,97.79,Heavy Rain,7.0,6.82,6.5,1,0.32,205.29,251.03,5,1,4.3
ORD100183,2025-09-12,Delhi,Rohini,Electronics,Van,9,2.54,170.3,101.54,Normal,7.0,4.09,3.9,1,0.19,321.44,374.5,5,1,3.0
ORD100184,2025-06-30,Maharashtra,Nagpur,Electronics,Truck,4,2.3,159.8,100.01,Normal,5.5,4.27,4.7,0,0.0,263.87,309.97,5,1,4.2
ORD100185,2025-06-12,Telangana,Nizamabad,Electronics,Van,7,1.55,239.1,102.19,Normal,9.3,5.54,5.4,1,0.14,351.82,424.01,5,1,4.8
ORD100186,2025-03-02,Maharashtra,Mumbai,Beauty,Bike,7,2.59,124.1,97.32,Normal,5.8,2.62,3.9,0,0.0,257.82,318.19,5,1,5.0
ORD100187,2025-05-20,Delhi,Rohini,Fashion,Truck,6,2.81,112.3,96.45,Normal,4.9,2.89,2.3,1,0.59,243.15,290.31,5,1,4.5
ORD100188,2025-03-29,Maharashtra,Mumbai,Home & Kitchen,Bike,5,3.15,65.4,97.11,Normal,7.8,2.6,2.9,0,0.0,198.69,206.64,5,1,5.0
ORD100189,2025-04-21,Tamil Nadu,Coimbatore,Home & Kitchen,Bike,4,1.13,73.4,100.99,Normal,6.4,2.87,3.1,0,0.0,182.59,203.24,70,0,4.0
ORD100190,2025-09-07,Rajasthan,Udaipur,Sports,Bike,5,2.67,133.1,101.9,Rain,6.7,4.49,6.1,0,0.0,227.01,267.01,5,1,5.0
ORD100191,2025-08-19,Karnataka,Mangaluru,Electronics,Bike,10,4.33,54.4,101.68,Normal,11.1,3.79,4.4,0,0.0,197.52,256.2,15,1,3.3
ORD100192,2025-08-10,Gujarat,Surat,Home & Kitchen,Bike,7,2.44,147.1,100.78,Rain,7.6,5.38,4.9,1,0.48,310.59,362.83,5,1,3.6
ORD100193,2025-05-13,Rajasthan,Jaipur,Fashion,Bike,1,8.46,64.9,102.05,Normal,4.7,2.66,3.6,0,0.0,163.28,194.6,15,0,4.8
ORD100194,2025-12-17,Gujarat,Surat,Electronics,Van,8,1.79,76.4,98.73,Normal,8.4,2.43,2.3,1,0.13,206.14,237.25,5,1,4.0
ORD100195,2025-02-01,Maharashtra,Nagpur,Sports,Van,4,0.66,189.5,96.27,Normal,4.8,2.99,2.6,1,0.39,220.21,248.96,5,1,4.0
ORD100196,2025-05-06,Gujarat,Surat,Electronics,Truck,7,1.16,114.1,96.95,Heavy Rain,9.8,6.02,7.7,0,0.0,251.64,316.44,5,1,4.0
ORD100197,2025-02-13,West Bengal,Durgapur,Grocery,Bike,5,1.3,78.2,97.27,Normal,7.0,3.61,3.9,0,0.0,188.84,204.66,5,1,2.9
ORD100198,2025-05-04,Karnataka,Mysuru,Grocery,Bike,3,2.9,221.7,96.42,Normal,3.8,3.14,4.3,0,0.0,290.66,313.87,5,1,4.7
ORD100199,2025-12-18,Gujarat,Surat,Books,Van,4,2.0,46.2,97.48,Rain,7.2,2.48,2.8,0,0.0,155.56,178.11,5,1,5.0
ORD100200,2025-05-14,Delhi,New Delhi,Grocery,Bike,8,2.2,38.6,98.28,Rain,6.1,2.48,3.4,0,0.0,215.02,263.1,146,0,4.6
ORD100201,2025-11-28,Tamil Nadu,Madurai,Grocery,Van,8,2.44,36.9,101.06,Rain,10.7,3.65,5.6,0,0.0,147.84,187.72,266,0,4.6
ORD100202,2025-06-30,Karnataka,Bengaluru,Fashion,Van,7,6.99,85.0,100.52,Normal,8.0,3.45,4.3,0,0.0,266.34,265.31,5,1,4.7
ORD100203,2025-09-13,Gujarat,Vadodara,Fashion,Van,4,1.17,74.8,102.72,Normal,8.1,2.44,2.8,0,0.0,137.22,160.16,5,1,4.0
ORD100204,2025-06-16,Telangana,Hyderabad,Grocery,Bike,4,1.92,95.0,97.8,Normal,5.1,1.72,1.2,1,0.52,154.3,170.64,5,1,3.8
ORD100205,2025-04-08,Tamil Nadu,Coimbatore,Beauty,Van,7,1.5,16.3,100.72,Normal,7.1,2.41,3.9,0,0.0,136.03,183.97,151,0,3.8
ORD100206,2025-10-06,Gujarat,Surat,Beauty,Van,7,0.94,17.8,102.44,Normal,8.6,2.62,3.8,0,0.0,175.29,182.4,126,0,5.0
ORD100207,2025-12-20,Maharashtra,Pune,Home & Kitchen,Truck,8,0.54,38.5,99.17,Rain,7.5,4.98,6.0,0,0.0,151.13,204.38,124,0,3.2
ORD100208,2025-04-07,Maharashtra,Pune,Home & Kitchen,Bike,7,4.68,85.1,99.31,Heavy Rain,5.8,4.51,5.1,0,0.0,222.15,260.65,11,1,4.3
ORD100209,2025-10-12,Delhi,Rohini,Fashion,Van,5,1.23,53.6,102.62,Normal,8.7,2.82,4.5,0,0.0,115.75,146.19,5,1,5.0
ORD100210,2025-04-06,Rajasthan,Jaipur,Electronics,Van,4,1.71,28.7,99.51,Normal,7.3,4.56,4.9,0,0.0,132.64,164.09,5,1,4.8
ORD100211,2025-09-19,Maharashtra,Nagpur,Fashion,Bike,8,2.66,34.4,102.75,Normal,5.4,2.91,4.1,0,0.0,156.95,190.02,197,0,3.9
ORD100212,2025-10-15,Maharashtra,Nagpur,Electronics,Van,7,0.93,116.9,97.53,Normal,6.7,3.83,6.2,0,0.0,223.79,267.3,5,1,4.7
ORD100213,2025-06-14,West Bengal,Siliguri,Beauty,Van,8,1.17,170.5,103.13,Normal,5.9,3.15,3.9,0,0.0,321.92,400.5,5,1,4.9
ORD100214,2025-09-26,Gujarat,Ahmedabad,Grocery,Bike,7,1.99,56.9,102.5,Normal,6.5,2.77,3.2,0,0.0,166.97,216.86,36,0,4.6
ORD100215,2025-04-10,Maharashtra,Mumbai,Beauty,Van,11,1.51,29.5,98.53,Heavy Rain,7.9,5.12,5.3,0,0.0,213.94,275.46,261,0,4.8
ORD100216,2025-01-29,Tamil Nadu,Coimbatore,Grocery,Van,8,0.88,88.1,99.72,Normal,7.3,4.11,4.3,0,0.0,227.38,283.45,5,1,3.8
ORD100217,2025-02-05,Rajasthan,Jaipur,Electronics,Van,5,2.99,205.7,98.06,Heavy Rain,3.6,7.72,8.5,0,0.0,312.85,386.07,5,1,4.1
ORD100218,2025-06-13,West Bengal,Siliguri,Electronics,Van,4,1.49,78.9,99.43,Rain,5.5,3.07,5.3,0,0.0,140.57,174.78,5,1,4.7
ORD100219,2025-11-26,Tamil Nadu,Madurai,Grocery,Van,8,2.2,83.4,97.52,Rain,10.5,3.63,4.7,0,0.0,226.8,270.71,5,1,4.3
ORD100220,2025-02-16,Tamil Nadu,Coimbatore,Books,Bike,8,2.0,66.3,97.15,Normal,12.4,3.22,4.1,0,0.0,200.96,250.48,78,0,4.3
ORD100221,2025-06-16,Gujarat,Vadodara,Grocery,Van,8,3.78,100.0,98.12,Normal,5.4,2.2,3.0,0,0.0,239.98,275.68,5,1,3.9
ORD100222,2025-09-14,Karnataka,Bengaluru,Grocery,Van,7,2.53,83.5,102.26,Normal,10.5,3.05,2.4,1,0.65,230.21,280.97,5,1,4.6
ORD100223,2025-03-15,Karnataka,Mangaluru,Grocery,Van,5,1.15,14.3,97.07,Normal,12.5,2.04,2.7,0,0.0,83.34,120.5,184,0,4.6
ORD100224,2025-09-21,Maharashtra,Mumbai,Grocery,Van,4,4.29,98.3,102.9,Normal,6.4,2.69,2.6,1,0.09,183.61,206.5,5,1,4.5
ORD100225,2025-04-22,Telangana,Nizamabad,Grocery,Bike,5,1.48,79.4,102.1,Normal,8.2,0.91,3.0,0,0.0,178.26,205.9,5,1,3.3
ORD100226,2025-10-23,Telangana,Warangal,Grocery,Bike,5,1.19,31.7,102.84,Heavy Rain,9.4,4.54,4.5,1,0.04,169.72,198.84,154,0,4.5
ORD100227,2025-07-31,West Bengal,Durgapur,Electronics,Van,13,1.08,44.3,101.11,Normal,8.6,6.27,5.8,1,0.47,193.76,241.63,22,1,3.3
ORD100228,2025-07-19,Karnataka,Bengaluru,Electronics,Bike,7,0.44,20.9,103.48,Normal,9.9,2.17,1.3,1,0.87,146.16,161.21,34,0,3.7
ORD100229,2025-03-06,Gujarat,Surat,Fashion,Van,5,1.36,108.5,97.95,Normal,6.4,1.91,1.9,1,0.01,201.05,230.52,5,1,4.1
ORD100230,2025-06-19,West Bengal,Siliguri,Beauty,Van,6,2.61,127.2,103.01,Normal,9.8,4.27,2.4,1,1.87,261.12,301.54,5,1,4.8
ORD100231,2025-11-09,Maharashtra,Nagpur,Grocery,Truck,6,0.83,88.5,106.04,Normal,11.0,2.76,3.6,0,0.0,177.71,230.37,5,1,5.0
ORD100232,2025-01-08,Tamil Nadu,Coimbatore,Home & Kitchen,Bike,5,6.11,55.1,100.11,Normal,10.6,2.93,3.8,0,0.0,175.77,210.77,5,1,4.5
ORD100233,2025-10-04,Karnataka,Bengaluru,Home & Kitchen,Van,9,0.47,73.4,100.51,Normal,7.4,3.24,3.0,1,0.24,192.85,237.04,5,1,4.2
ORD100234,2025-06-29,Maharashtra,Pune,Books,Bike,5,1.21,87.0,98.97,Normal,8.4,1.29,2.8,0,0.0,173.87,212.99,5,1,4.2
ORD100235,2025-09-20,Tamil Nadu,Madurai,Home & Kitchen,Truck,8,0.77,85.8,100.76,Normal,6.7,4.63,5.2,0,0.0,232.52,275.01,5,1,4.5
ORD100236,2025-08-31,Maharashtra,Mumbai,Books,Van,6,3.66,115.5,101.0,Rain,4.7,3.52,4.1,0,0.0,247.01,262.32,5,1,4.5
ORD100237,2025-06-07,Tamil Nadu,Madurai,Home & Kitchen,Van,8,3.08,45.8,96.43,Normal,7.6,2.53,4.0,0,0.0,184.69,219.21,26,1,4.7
ORD100238,2025-04-23,Telangana,Nizamabad,Fashion,Van,7,1.69,79.2,101.8,Rain,9.7,4.55,6.3,0,0.0,225.89,267.16,59,0,4.2
ORD100239,2025-08-17,Delhi,Rohini,Fashion,Bike,6,0.8,37.8,102.72,Normal,6.5,4.28,4.1,1,0.18,208.11,227.99,137,0,4.2
ORD100240,2025-02-21,West Bengal,Durgapur,Home & Kitchen,Van,6,0.92,108.5,99.15,Normal,10.8,4.69,4.1,1,0.59,195.32,210.42,5,1,4.1
ORD100241,2025-08-02,Gujarat,Ahmedabad,Electronics,Truck,12,2.37,40.6,99.99,Normal,9.7,4.26,4.6,0,0.0,243.75,291.68,189,0,3.9
ORD100242,2025-02-04,Maharashtra,Mumbai,Home & Kitchen,Bike,14,1.3,221.9,102.3,Normal,7.4,7.24,9.3,0,0.0,422.24,486.83,5,1,4.4
ORD100243,2025-08-26,Telangana,Nizamabad,Home & Kitchen,Truck,5,1.4,74.6,99.12,Normal,6.2,2.68,2.7,0,0.0,200.71,217.22,34,0,4.2
ORD100244,2025-08-18,Karnataka,Mysuru,Home & Kitchen,Truck,2,1.92,54.7,102.15,Normal,4.3,3.58,5.2,0,0.0,107.77,131.23,5,1,5.0
ORD100245,2025-01-31,Telangana,Hyderabad,Books,Truck,3,1.54,47.3,101.35,Normal,9.5,4.43,4.3,1,0.13,149.54,193.09,5,1,4.6
ORD100246,2025-10-04,Maharashtra,Nagpur,Electronics,Truck,3,0.65,73.8,105.05,Normal,7.4,2.51,3.1,0,0.0,142.07,171.59,5,1,5.0
ORD100247,2025-06-01,Maharashtra,Mumbai,Fashion,Bike,8,0.85,191.3,100.64,Rain,7.7,4.61,4.8,0,0.0,311.65,384.31,5,1,4.2
ORD100248,2025-10-15,Tamil Nadu,Madurai,Electronics,Van,4,0.86,32.7,99.92,Normal,8.4,2.33,3.4,0,0.0,122.83,103.69,5,1,5.0
ORD100249,2025-01-16,West Bengal,Durgapur,Sports,Bike,6,1.25,109.8,101.35,Rain,5.3,3.79,4.6,0,0.0,222.16,262.34,5,1,4.3
ORD100250,2025-03-07,Maharashtra,Pune,Books,Van,10,2.14,39.0,101.13,Normal,5.9,3.68,3.6,1,0.08,181.29,234.46,5,1,3.6
ORD100251,2025-06-30,Telangana,Hyderabad,Sports,Bike,6,2.0,28.7,103.88,Normal,4.2,1.39,1.7,0,0.0,146.52,162.56,105,0,5.0
ORD100252,2025-03-10,Gujarat,Ahmedabad,Sports,Truck,6,4.35,95.4,103.8,Normal,3.1,2.98,2.7,1,0.28,255.05,285.26,5,1,4.3
ORD100253,2025-05-01,West Bengal,Siliguri,Home & Kitchen,Bike,6,0.81,56.0,99.66,Normal,4.5,3.16,4.1,0,0.0,135.55,160.99,5,1,4.1
ORD100254,2025-08-30,Gujarat,Surat,Grocery,Bike,4,2.46,70.2,100.65,Normal,8.1,0.7,1.0,0,0.0,175.02,212.88,5,1,4.3
ORD100255,2025-02-22,Gujarat,Vadodara,Home & Kitchen,Bike,8,1.21,90.2,99.76,Normal,9.8,2.86,3.6,0,0.0,248.85,274.06,5,1,4.9
ORD100256,2025-09-05,Gujarat,Vadodara,Sports,Van,7,7.27,191.2,99.46,Normal,6.2,2.85,3.9,0,0.0,339.91,378.58,5,1,4.3
ORD100257,2025-02-07,Telangana,Hyderabad,Fashion,Bike,5,1.88,107.4,95.18,Normal,2.0,1.8,3.1,0,0.0,201.55,214.83,5,1,4.5
ORD100258,2025-03-05,Delhi,Dwarka,Fashion,Bike,3,1.4,55.9,104.1,Normal,5.2,2.49,3.8,0,0.0,132.07,159.87,5,1,5.0
ORD100259,2025-08-03,Tamil Nadu,Madurai,Sports,Bike,4,2.41,115.6,99.87,Normal,7.9,2.88,3.9,0,0.0,182.83,202.2,5,1,4.1
ORD100260,2025-10-17,Delhi,Dwarka,Books,Bike,8,2.29,25.4,100.29,Normal,10.2,2.03,1.8,1,0.23,162.59,196.18,74,0,3.7
ORD100261,2025-03-04,Rajasthan,Jodhpur,Sports,Truck,5,2.0,62.7,106.1,Rain,7.5,4.51,4.4,1,0.11,205.87,248.56,24,0,5.0
ORD100262,2025-04-20,West Bengal,Durgapur,Electronics,Van,7,2.96,50.0,99.98,Normal,5.3,3.84,3.8,1,0.04,179.61,206.17,25,1,4.2
ORD100263,2025-12-04,Karnataka,Mangaluru,Home & Kitchen,Bike,5,5.37,246.9,100.82,Normal,9.2,3.4,4.0,0,0.0,359.44,387.09,5,1,4.8
ORD100264,2025-12-28,West Bengal,Siliguri,Home & Kitchen,Bike,7,3.66,38.3,101.65,Heavy Rain,8.9,4.69,6.4,0,0.0,152.18,192.37,98,0,5.0
ORD100265,2025-08-01,Rajasthan,Udaipur,Fashion,Bike,6,1.83,853.6,101.79,Rain,9.2,4.92,5.0,0,0.0,1142.75,274.05,5,1,4.8
ORD100266,2025-06-13,Karnataka,Mysuru,Fashion,Van,6,6.39,47.7,100.09,Rain,5.6,3.36,3.8,0,0.0,161.09,214.89,5,1,5.0
ORD100267,2025-05-07,Delhi,Dwarka,Home & Kitchen,Bike,6,2.75,36.4,103.24,Normal,8.7,3.48,5.3,0,0.0,151.77,184.8,30,0,3.7
ORD100268,2025-08-12,Gujarat,Surat,Books,Bike,5,0.99,42.0,101.52,Normal,9.0,1.49,1.0,1,0.49,72.47,98.63,191,0,4.2
ORD100269,2025-08-04,Rajasthan,Jaipur,Home & Kitchen,Bike,5,2.09,78.4,101.45,Normal,3.6,3.9,6.0,0,0.0,181.58,215.16,5,1,4.4
ORD100270,2025-04-18,Maharashtra,Nagpur,Grocery,Bike,8,1.75,68.1,100.05,Rain,6.5,3.61,4.9,0,0.0,209.32,246.78,5,1,4.8
ORD100271,2025-01-09,Gujarat,Ahmedabad,Books,Van,8,1.42,55.6,101.05,Normal,4.2,3.37,3.4,0,0.0,172.86,211.05,36,0,3.3
ORD100272,2025-02-25,Gujarat,Vadodara,Beauty,Bike,6,2.47,130.5,103.05,Normal,5.4,2.9,3.3,0,0.0,231.15,261.84,5,1,3.7
ORD100273,2025-12-16,West Bengal,Durgapur,Fashion,Van,9,0.59,59.8,103.08,Normal,8.0,4.33,6.6,0,0.0,185.96,233.13,90,0,4.5
ORD100274,2025-06-02,Telangana,Nizamabad,Home & Kitchen,Van,8,5.71,123.9,100.56,Normal,4.9,5.42,5.7,0,0.0,296.91,348.05,5,1,4.9
ORD100275,2025-06-26,Karnataka,Mangaluru,Electronics,Truck,4,3.0,71.4,99.96,Normal,9.5,2.71,4.1,0,0.0,153.76,183.87,5,1,3.8
ORD100276,2025-06-20,Delhi,Dwarka,Grocery,Bike,10,0.61,31.9,102.95,Normal,11.4,3.51,6.0,0,0.0,223.12,252.83,111,0,4.2
ORD100277,2025-10-13,Tamil Nadu,Coimbatore,Fashion,Van,2,2.97,76.4,101.92,Normal,5.7,2.48,3.1,0,0.0,183.64,178.56,5,1,4.7
ORD100278,2025-01-24,Maharashtra,Pune,Electronics,Truck,5,2.69,75.9,102.98,Rain,5.4,3.08,3.8,0,0.0,183.28,212.39,5,1,4.4
ORD100279,2025-01-31,West Bengal,Durgapur,Sports,Truck,11,5.22,278.4,99.67,Normal,9.4,6.54,9.2,0,0.0,498.75,574.6,5,1,5.0
ORD100280,2025-04-11,West Bengal,Kolkata,Grocery,Truck,10,6.18,159.4,101.39,Normal,12.9,5.46,5.2,1,0.26,376.65,437.85,5,1,4.6
ORD100281,2025-06-27,West Bengal,Kolkata,Books,Bike,9,6.89,177.7,103.03,Normal,10.5,4.29,5.0,0,0.0,359.71,410.13,5,1,3.9
ORD100282,2025-09-02,Delhi,Rohini,Fashion,Truck,3,1.68,544.0,100.18,Normal,1.8,2.62,3.7,0,0.0,613.3,176.56,5,1,4.5
ORD100283,2025-06-29,Karnataka,Mangaluru,Sports,Truck,1,2.86,47.2,104.87,Normal,1.0,2.08,1.4,1,0.68,116.73,128.55,5,0,3.6
ORD100284,2025-06-11,Maharashtra,Mumbai,Home & Kitchen,Bike,10,1.47,60.6,104.43,Normal,6.4,3.08,2.7,1,0.38,226.3,253.57,95,0,4.6
ORD100285,2025-12-09,Telangana,Hyderabad,Home & Kitchen,Bike,9,3.8,58.1,101.14,Normal,8.5,3.69,3.9,0,0.0,205.56,248.8,5,1,5.0
ORD100286,2025-02-28,Delhi,Dwarka,Sports,Truck,8,0.49,126.3,101.17,Rain,3.6,4.61,5.7,0,0.0,303.97,353.41,5,1,4.0
ORD100287,2025-07-28,Tamil Nadu,Madurai,Sports,Bike,5,0.88,49.5,102.12,Rain,6.3,2.56,2.8,0,0.0,162.96,216.78,88,0,5.0
ORD100288,2025-07-17,Rajasthan,Udaipur,Fashion,Van,6,1.52,116.7,101.86,Normal,3.1,3.69,4.3,0,0.0,196.44,238.91,5,1,3.8
ORD100289,2025-06-22,Karnataka,Mangaluru,Electronics,Van,6,1.94,138.8,103.76,Normal,7.4,2.9,4.3,0,0.0,259.77,313.88,5,1,4.2
ORD100290,2025-10-22,Gujarat,Ahmedabad,Home & Kitchen,Van,4,2.24,99.9,100.0,Rain,7.2,3.41,4.7,0,0.0,191.64,220.08,5,1,3.9
ORD100291,2025-04-08,West Bengal,Kolkata,Grocery,Bike,3,4.61,27.1,100.03,Normal,10.9,2.56,1.4,1,1.16,133.2,151.33,66,0,3.6
ORD100292,2025-12-15,Telangana,Warangal,Books,Van,6,1.32,95.7,102.1,Normal,6.9,2.37,3.2,0,0.0,201.08,228.56,5,1,3.3
ORD100293,2025-05-02,Rajasthan,Jaipur,Fashion,Van,13,0.87,24.7,102.52,Heavy Rain,8.8,6.66,7.9,0,0.0,187.85,242.06,150,0,4.5
ORD100294,2025-07-18,Gujarat,Surat,Electronics,Truck,5,1.57,74.8,101.58,Normal,10.3,3.0,3.6,0,0.0,201.32,224.75,5,1,3.6
ORD100295,2025-07-10,Delhi,Dwarka,Grocery,Bike,6,1.36,61.8,103.27,Normal,8.9,2.18,3.4,0,0.0,218.24,243.08,24,0,4.2
ORD100296,2025-11-07,Delhi,Rohini,Grocery,Bike,8,2.89,827.2,104.13,Normal,8.3,1.85,3.2,0,0.0,1174.1,283.96,5,1,5.0
ORD100297,2025-06-10,Karnataka,Bengaluru,Fashion,Bike,9,5.43,53.1,103.03,Normal,8.0,2.81,3.8,0,0.0,219.93,268.08,86,0,4.6
ORD100298,2025-04-14,Delhi,Rohini,Beauty,Bike,10,5.12,48.6,102.37,Normal,13.4,2.15,2.8,0,0.0,257.58,306.69,189,0,5.0
ORD100299,2025-01-08,Telangana,Nizamabad,Sports,Truck,6,4.09,53.7,101.33,Normal,5.8,4.12,5.0,0,0.0,168.7,197.98,5,1,5.0
ORD100300,2025-05-13,Rajasthan,Udaipur,Home & Kitchen,Bike,6,1.39,56.8,101.87,Normal,3.6,1.98,1.0,1,0.98,190.05,254.11,85,0,4.4
ORD100301,2025-10-29,Tamil Nadu,Madurai,Beauty,Bike,8,1.81,24.2,99.29,Normal,7.5,2.61,4.6,0,0.0,162.28,195.79,144,0,4.2
ORD100302,2025-01-04,West Bengal,Siliguri,Beauty,Truck,5,2.65,142.7,99.62,Rain,6.3,3.91,5.8,0,0.0,224.98,273.75,5,1,4.3
ORD100303,2025-11-24,Delhi,New Delhi,Beauty,Bike,6,1.22,59.4,104.04,Rain,10.3,2.46,4.3,0,0.0,155.68,205.75,5,1,4.8
ORD100304,2025-07-18,West Bengal,Durgapur,Books,Bike,6,1.3,116.8,104.95,Normal,7.6,2.72,3.5,0,0.0,224.06,248.11,5,1,4.2
ORD100305,2025-02-21,Maharashtra,Pune,Beauty,Van,5,2.57,93.7,99.34,Normal,9.3,3.56,4.8,0,0.0,199.02,227.58,43,0,4.5
ORD100306,2025-04-21,Karnataka,Mangaluru,Beauty,Van,7,0.83,61.3,102.8,Normal,1.1,1.74,2.6,0,0.0,153.17,216.06,5,1,5.0
ORD100307,2025-07-22,Telangana,Hyderabad,Electronics,Truck,3,4.1,51.2,99.09,Normal,5.7,2.02,3.0,0,0.0,147.1,180.11,5,1,4.6
ORD100308,2025-04-26,Maharashtra,Pune,Grocery,Van,2,2.0,22.7,104.81,Normal,9.6,2.8,4.7,0,0.0,33.93,56.58,170,0,3.7
ORD100309,2025-02-09,Maharashtra,Mumbai,Electronics,Bike,7,2.86,45.1,101.83,Rain,5.1,3.3,2.4,1,0.9,194.39,222.21,121,0,4.2
ORD100310,2025-09-01,West Bengal,Kolkata,Electronics,Van,8,2.3,27.8,106.41,Normal,7.4,2.3,3.4,0,0.0,189.39,218.58,85,0,4.3
ORD100311,2025-09-03,Gujarat,Vadodara,Fashion,Truck,5,4.55,34.4,100.74,Rain,9.4,3.63,3.6,1,0.03,133.6,149.57,201,0,3.7
ORD100312,2025-02-13,Telangana,Hyderabad,Beauty,Van,5,0.5,115.0,100.98,Rain,5.5,3.73,3.4,1,0.33,208.43,272.25,5,1,5.0
ORD100313,2025-04-13,West Bengal,Siliguri,Sports,Van,6,4.57,51.8,102.63,Heavy Rain,9.6,5.06,5.6,0,0.0,170.36,193.84,35,0,4.6
ORD100314,2025-03-31,West Bengal,Siliguri,Grocery,Van,4,4.5,40.9,103.55,Normal,5.4,2.9,2.5,1,0.4,136.65,137.32,56,0,5.0
ORD100315,2025-08-29,Tamil Nadu,Madurai,Books,Van,5,2.42,53.2,103.4,Normal,6.9,1.52,1.1,1,0.42,152.42,196.45,71,0,3.5
ORD100316,2025-09-24,Maharashtra,Mumbai,Fashion,Van,6,2.83,27.6,103.71,Normal,9.1,2.94,2.1,1,0.84,145.28,162.6,140,0,3.5
ORD100317,2025-09-23,Delhi,New Delhi,Beauty,Bike,2,2.97,30.7,101.56,Normal,3.3,1.08,1.3,0,0.0,91.52,113.78,189,0,4.2
ORD100318,2025-12-09,Karnataka,Mysuru,Sports,Van,3,1.12,124.5,103.75,Rain,4.1,3.71,4.9,0,0.0,201.84,238.89,5,1,4.4
ORD100319,2025-10-08,Rajasthan,Jodhpur,Fashion,Bike,3,2.09,168.0,105.99,Normal,8.6,3.89,5.3,0,0.0,279.85,327.57,5,1,4.3
ORD100320,2025-04-28,Maharashtra,Nagpur,Books,Van,4,3.59,68.7,103.45,Rain,4.9,4.21,6.7,0,0.0,179.62,182.94,5,1,4.0
ORD100321,2025-02-09,Delhi,Dwarka,Beauty,Van,6,0.63,15.8,100.55,Normal,7.5,3.57,3.9,0,0.0,120.73,152.27,166,0,5.0
ORD100322,2025-08-13,West Bengal,Kolkata,Home & Kitchen,Bike,6,2.74,161.1,102.8,Normal,9.9,2.31,3.7,0,0.0,305.68,332.72,5,1,4.6
ORD100323,2025-12-01,Rajasthan,Udaipur,Beauty,Bike,6,2.13,211.8,98.52,Normal,7.6,4.08,4.9,0,0.0,348.64,398.94,5,1,5.0
ORD100324,2025-12-22,Rajasthan,Udaipur,Home & Kitchen,Truck,4,3.03,85.0,103.32,Normal,7.4,4.81,5.6,0,0.0,202.46,249.53,5,1,4.7
ORD100325,2025-03-26,Telangana,Warangal,Electronics,Bike,3,0.88,43.1,99.07,Normal,10.0,1.85,2.9,0,0.0,127.19,118.66,78,0,5.0
ORD100326,2025-03-28,Tamil Nadu,Madurai,Home & Kitchen,Bike,8,1.24,116.7,103.37,Normal,13.7,3.54,5.0,0,0.0,193.07999999999998,298.8,5,1,4.6
ORD100327,2025-01-14,Maharashtra,Nagpur,Home & Kitchen,Bike,9,0.81,66.2,102.02,Normal,8.6,4.31,5.4,0,0.0,227.0,256.75,42,0,5.0
ORD100328,2025-02-21,Gujarat,Surat,Fashion,Van,5,0.81,108.5,103.91,Normal,5.8,2.79,3.1,0,0.0,231.88,267.32,5,1,5.0
ORD100329,2025-07-22,Telangana,Hyderabad,Sports,Bike,4,3.46,19.8,102.2,Normal,8.9,3.34,4.6,0,0.0,103.77,105.39,5,1,3.9
ORD100330,2025-07-19,Maharashtra,Pune,Fashion,Truck,8,1.37,49.8,104.67,Normal,6.0,3.75,3.9,0,0.0,182.3,238.52,48,0,3.9
ORD100331,2025-05-16,Tamil Nadu,Coimbatore,Books,Van,8,1.31,26.7,103.17,Normal,11.2,3.4,4.6,0,0.0,186.27,217.75,76,0,4.0
ORD100332,2025-04-24,Tamil Nadu,Madurai,Beauty,Bike,7,4.09,34.7,104.14,Normal,6.6,3.31,4.1,0,0.0,177.2,208.56,230,0,4.3
ORD100333,2025-10-30,Gujarat,Vadodara,Electronics,Van,10,1.61,19.0,101.47,Normal,7.6,2.5,1.5,1,1.0,184.24,229.97,189,0,3.7
ORD100334,2025-06-17,Delhi,Dwarka,Home & Kitchen,Bike,5,3.77,34.9,101.39,Normal,4.6,2.63,3.2,0,0.0,170.77,153.07,72,0,4.6
ORD100335,2025-10-23,Delhi,Dwarka,Sports,Bike,4,2.0,141.1,99.68,Normal,4.4,2.12,3.7,0,0.0,199.21,216.12,5,1,5.0
ORD100336,2025-12-18,Delhi,Dwarka,Beauty,Van,10,1.61,38.3,100.15,Rain,11.6,4.84,5.4,0,0.0,223.96,290.44,269,0,3.6
ORD100337,2025-04-26,Maharashtra,Pune,Sports,Bike,5,1.12,18.5,102.39,Normal,7.7,2.03,2.9,0,0.0,95.99,99.75,136,0,3.7
ORD100338,2025-03-15,Karnataka,Mysuru,Home & Kitchen,Truck,7,2.88,38.0,102.34,Normal,7.7,3.57,3.8,0,0.0,161.85,186.59,24,1,4.2
ORD100339,2025-12-14,West Bengal,Durgapur,Grocery,Van,4,1.76,19.9,102.96,Normal,11.7,1.91,2.4,0,0.0,72.41,85.4,48,0,4.0
ORD100340,2025-08-20,Telangana,Warangal,Books,Bike,9,3.24,70.7,101.01,Normal,8.8,3.07,4.6,0,0.0,216.52,272.71,53,0,3.7
ORD100341,2025-04-17,Karnataka,Mangaluru,Sports,Truck,3,2.22,39.1,102.56,Normal,6.3,3.42,3.7,0,0.0,134.65,138.55,43,0,4.3
ORD100342,2025-08-15,Karnataka,Bengaluru,Electronics,Van,7,0.57,57.5,104.69,Normal,4.7,3.23,2.9,1,0.33,181.56,212.5,5,1,4.0
ORD100343,2025-07-07,Maharashtra,Mumbai,Sports,Bike,5,1.7,43.3,103.06,Normal,4.9,4.09,2.8,1,1.29,139.41,182.92,5,1,3.8
ORD100344,2025-11-27,Maharashtra,Nagpur,Fashion,Van,8,0.74,57.3,102.36,Normal,5.5,3.0,3.0,0,0.0,200.45,244.09,5,1,4.2
ORD100345,2025-04-04,Delhi,Rohini,Books,Truck,8,2.52,17.7,102.82,Normal,6.4,2.5,2.2,1,0.3,172.93,200.19,76,0,3.9
ORD100346,2025-12-28,Maharashtra,Pune,Beauty,Van,1,2.89,36.3,104.55,Normal,4.5,2.02,1.4,1,0.62,70.59,94.47,5,0,2.9
ORD100347,2025-12-08,West Bengal,Durgapur,Beauty,Van,4,3.09,95.6,102.64,Heavy Rain,6.1,5.46,5.2,1,0.26,218.19,240.67,5,1,4.3
ORD100348,2025-03-07,Telangana,Warangal,Fashion,Van,5,1.86,101.2,101.4,Normal,8.7,2.4,2.2,1,0.2,215.86,254.88,5,1,3.9
ORD100349,2025-03-02,Karnataka,Mysuru,Books,Bike,8,0.7,59.8,101.43,Rain,7.8,4.33,4.1,1,0.23,155.47,182.92,25,1,4.1
ORD100350,2025-07-14,Karnataka,Bengaluru,Home & Kitchen,Bike,2,2.31,63.0,101.38,Normal,10.4,2.02,4.0,0,0.0,172.09,202.48,60,0,4.5
ORD100351,2025-01-17,Karnataka,Mysuru,Fashion,Van,6,2.62,13.8,101.34,Rain,9.0,4.81,4.0,1,0.81,127.58,148.29,175,0,3.0
ORD100352,2025-04-20,Gujarat,Ahmedabad,Beauty,Truck,5,1.79,83.5,103.8,Normal,5.2,4.26,5.5,0,0.0,157.67,199.04,80,0,4.3
ORD100353,2025-06-08,Karnataka,Bengaluru,Grocery,Van,6,2.13,140.1,105.45,Heavy Rain,8.5,5.63,6.8,0,0.0,219.89,233.3,5,1,5.0
ORD100354,2025-12-20,Telangana,Warangal,Fashion,Bike,2,0.59,20.1,101.66,Normal,6.1,1.91,3.2,0,0.0,42.18,75.05,54,0,4.8
ORD100355,2025-12-29,Rajasthan,Udaipur,Grocery,Van,5,2.1,111.4,100.78,Normal,10.5,2.66,3.3,0,0.0,200.34,253.31,5,1,4.4
ORD100356,2025-02-25,Delhi,New Delhi,Fashion,Bike,6,1.88,19.5,100.13,Normal,9.4,1.58,3.4,0,0.0,117.23,125.85,275,0,5.0
ORD100357,2025-11-22,Karnataka,Mangaluru,Grocery,Bike,5,0.92,69.6,105.53,Normal,7.0,1.25,2.0,0,0.0,138.19,189.55,87,0,5.0
ORD100358,2025-02-03,Telangana,Warangal,Grocery,Van,7,2.84,17.2,104.18,Normal,12.2,2.08,2.6,0,0.0,143.04,153.01,215,0,5.0
ORD100359,2025-10-01,Tamil Nadu,Madurai,Grocery,Bike,5,1.46,177.6,101.22,Normal,8.3,2.23,4.0,0,0.0,811.1,165.92,138,0,4.9
ORD100360,2025-11-05,Karnataka,Mysuru,Books,Truck,3,2.34,34.1,102.71,Normal,7.8,2.94,3.5,0,0.0,98.77,119.74,5,1,5.0
ORD100361,2025-11-22,Tamil Nadu,Madurai,Beauty,Van,3,2.77,29.9,104.99,Rain,10.1,2.12,1.4,1,0.72,106.44,124.81,5,1,3.9
ORD100362,2025-03-23,Karnataka,Mysuru,Home & Kitchen,Van,9,2.49,131.1,102.36,Rain,10.6,4.57,5.7,0,0.0,295.46,360.53,5,1,5.0
ORD100363,2025-11-23,West Bengal,Siliguri,Grocery,Truck,5,0.84,73.1,104.04,Normal,7.4,2.87,4.5,0,0.0,214.15,249.59,73,0,4.0
ORD100364,2025-02-12,Karnataka,Mysuru,Electronics,Van,4,1.57,31.1,102.21,Rain,6.4,4.5,5.5,0,0.0,125.85,129.66,202,0,4.9
ORD100365,2025-07-09,West Bengal,Durgapur,Home & Kitchen,Truck,11,8.04,96.0,101.97,Rain,4.8,4.51,4.9,0,0.0,313.85,393.46,5,1,4.6
ORD100366,2025-06-21,Karnataka,Mysuru,Books,Truck,2,4.99,106.7,97.74,Normal,1.7,4.46,5.4,0,0.0,208.89,235.09,5,1,4.8
ORD100367,2025-04-26,Tamil Nadu,Madurai,Fashion,Van,11,3.46,86.4,101.79,Heavy Rain,9.0,6.55,7.9,0,0.0,280.27,344.27,165,0,5.0
ORD100368,2025-01-09,Rajasthan,Udaipur,Fashion,Bike,4,2.41,629.6,101.57,Rain,5.3,1.78,1.6,1,0.18,647.5,169.27,16,0,3.4
ORD100369,2025-10-09,West Bengal,Kolkata,Sports,Van,8,1.06,79.1,103.48,Normal,8.0,2.89,1.8,1,1.09,192.79,225.94,5,1,4.6
ORD100370,2025-05-03,Delhi,Rohini,Home & Kitchen,Truck,5,1.81,29.7,103.0,Normal,9.5,3.6,4.2,0,0.0,150.8,178.64,147,0,4.9
ORD100371,2025-08-30,Tamil Nadu,Madurai,Electronics,Bike,3,1.53,69.1,102.91,Normal,4.3,1.86,3.5,0,0.0,131.63,161.72,5,1,4.7
ORD100372,2025-05-30,West Bengal,Siliguri,Electronics,Truck,6,1.91,131.6,104.28,Normal,3.4,4.17,3.8,1,0.37,209.98,272.27,5,1,3.3
ORD100373,2025-05-17,Maharashtra,Pune,Home & Kitchen,Bike,5,0.79,183.6,98.37,Normal,3.6,5.1,4.6,1,0.5,266.97,299.9,5,1,3.6
ORD100374,2025-11-20,West Bengal,Durgapur,Grocery,Van,5,3.75,62.9,102.49,Heavy Rain,4.7,4.68,5.6,0,0.0,189.15,216.26,5,1,5.0
ORD100375,2025-02-04,Maharashtra,Nagpur,Books,Bike,12,0.35,41.4,100.49,Normal,6.4,2.33,2.8,0,0.0,232.99,265.21,81,0,4.5
ORD100376,2025-09-26,Maharashtra,Pune,Beauty,Truck,6,3.52,33.4,100.35,Normal,7.6,4.06,4.1,0,0.0,159.27,189.25,59,0,5.0
ORD100377,2025-09-30,Karnataka,Mysuru,Home & Kitchen,Bike,11,3.56,125.3,102.09,Rain,13.1,3.68,5.4,0,0.0,259.46,340.79,52,0,5.0
ORD100378,2025-05-19,Tamil Nadu,Coimbatore,Beauty,Van,5,9.14,33.6,102.66,Normal,9.4,3.49,3.6,0,0.0,182.32,178.95,163,0,4.1
ORD100379,2025-04-06,West Bengal,Durgapur,Electronics,Truck,8,1.71,55.8,103.53,Normal,9.7,4.69,5.7,0,0.0,161.05,235.03,5,1,4.5
ORD100380,2025-01-02,Maharashtra,Mumbai,Grocery,Bike,7,1.44,55.1,103.42,Normal,8.2,3.76,5.2,0,0.0,193.16,255.44,36,0,4.5
ORD100381,2025-12-08,West Bengal,Kolkata,Beauty,Bike,9,2.18,834.4,101.15,Normal,5.3,3.79,4.3,0,0.0,1316.8000000000002,293.99,5,1,5.0
ORD100382,2025-12-12,Tamil Nadu,Chennai,Electronics,Truck,4,2.9,82.7,102.29,Rain,12.3,4.26,5.7,0,0.0,163.84,182.05,5,1,4.6
ORD100383,2025-03-29,Karnataka,Mysuru,Books,Truck,4,1.9,210.9,105.24,Normal,5.8,3.8,5.1,0,0.0,260.14,309.75,5,1,4.5
ORD100384,2025-01-12,Tamil Nadu,Coimbatore,Grocery,Bike,7,0.93,81.2,105.57,Normal,9.5,4.23,5.1,0,0.0,229.61,261.3,5,1,4.8
ORD100385,2025-02-14,Maharashtra,Pune,Home & Kitchen,Van,6,2.9,128.0,102.12,Normal,1.9,3.83,4.2,0,0.0,251.89,307.19,5,1,4.4
ORD100386,2025-01-25,West Bengal,Siliguri,Grocery,Bike,5,2.01,46.6,102.85,Normal,6.8,2.2,4.2,0,0.0,127.0,164.31,5,1,5.0
ORD100387,2025-10-31,Rajasthan,Jaipur,Beauty,Bike,6,1.05,81.6,101.07,Normal,6.8,3.03,4.5,0,0.0,227.17,259.86,21,1,4.6
ORD100388,2025-11-22,West Bengal,Durgapur,Electronics,Van,8,0.7,133.0,104.54,Rain,7.2,5.31,6.7,0,0.0,262.29,290.56,5,1,5.0
ORD100389,2025-02-25,West Bengal,Kolkata,Home & Kitchen,Bike,10,10.02,121.9,106.87,Normal,6.2,4.05,4.8,0,0.0,309.75,360.44,5,1,4.9
ORD100390,2025-09-30,West Bengal,Kolkata,Grocery,Van,4,2.0,23.3,101.75,Rain,7.3,2.64,2.9,0,0.0,150.67,207.75,30,0,4.6
ORD100391,2025-03-07,Rajasthan,Jodhpur,Sports,Bike,4,2.9,30.5,104.83,Rain,9.8,3.04,2.0,1,1.04,147.88,171.13,113,0,4.7
ORD100392,2025-05-15,Delhi,New Delhi,Beauty,Truck,13,1.87,83.4,104.05,Rain,15.0,4.5,5.7,0,0.0,295.22,387.01,119,0,4.2
ORD100393,2025-08-07,Delhi,New Delhi,Beauty,Van,3,3.15,56.7,102.43,Normal,10.6,2.13,2.5,0,0.0,148.38,173.04,5,1,4.6
ORD100394,2025-09-20,Rajasthan,Udaipur,Grocery,Bike,6,1.02,66.8,101.48,Normal,10.4,2.34,3.2,0,0.0,148.12,206.45,52,0,4.6
ORD100395,2025-11-16,West Bengal,Siliguri,Fashion,Truck,5,2.29,54.8,107.2,Normal,11.3,3.58,6.5,0,0.0,132.98,166.84,5,1,4.7
ORD100396,2025-01-17,Rajasthan,Jaipur,Electronics,Truck,3,2.36,116.0,104.13,Normal,10.9,3.94,5.8,0,0.0,184.14,236.54,5,1,4.2
ORD100397,2025-03-13,Maharashtra,Mumbai,Fashion,Bike,4,1.03,75.4,104.48,Normal,4.2,2.54,3.6,0,0.0,110.74,150.67,5,1,4.6
ORD100398,2025-04-13,Delhi,New Delhi,Sports,Truck,2,1.88,60.0,102.38,Heavy Rain,6.6,4.06,4.7,0,0.0,133.43,158.22,5,1,4.2
ORD100399,2025-04-24,Karnataka,Mysuru,Books,Bike,9,1.54,255.0,102.88,Normal,5.1,5.08,6.5,0,0.0,391.69,459.95,5,1,3.7
ORD100400,2025-12-31,Karnataka,Mangaluru,Sports,Bike,3,1.23,131.2,100.59,Rain,7.5,4.24,5.8,0,0.0,203.66,209.67,5,1,4.4
ORD100401,2025-10-11,Rajasthan,Jaipur,Electronics,Van,5,1.42,150.0,104.15,Rain,6.3,5.22,5.6,0,0.0,284.43,317.05,5,1,4.7
ORD100402,2025-04-27,West Bengal,Kolkata,Beauty,Bike,10,0.66,28.2,102.11,Normal,8.2,3.73,4.2,0,0.0,156.79,237.88,290,0,3.9
ORD100403,2025-12-21,Rajasthan,Jodhpur,Beauty,Van,6,4.02,267.0,100.95,Rain,6.9,4.63,5.5,0,0.0,386.15,469.47,5,1,4.3
ORD100404,2025-07-02,Karnataka,Mangaluru,Home & Kitchen,Van,10,5.56,246.5,101.26,Normal,2.9,4.57,4.6,0,0.0,391.32,459.97,5,1,4.8
ORD100405,2025-07-02,Delhi,Dwarka,Home & Kitchen,Truck,7,1.1,114.5,107.14,Normal,2.8,3.66,3.7,0,0.0,265.66,302.99,5,1,4.9
ORD100406,2025-06-08,Rajasthan,Udaipur,Books,Bike,9,4.14,73.8,102.28,Normal,10.8,2.4,2.1,1,0.3,210.15,273.95,30,1,4.4
ORD100407,2025-02-22,West Bengal,Durgapur,Grocery,Bike,6,1.97,39.6,103.48,Normal,5.7,2.19,4.5,0,0.0,202.78,236.29,178,0,4.0
ORD100408,2025-12-08,Rajasthan,Jaipur,Grocery,Van,6,2.0,122.5,100.67,Normal,9.9,5.33,4.8,1,0.53,210.24,256.51,5,1,5.0
ORD100409,2025-01-06,Tamil Nadu,Coimbatore,Home & Kitchen,Bike,4,0.87,215.8,102.49,Normal,6.1,3.6,3.1,1,0.5,300.55,338.34,5,1,3.1
ORD100410,2025-03-05,Telangana,Nizamabad,Beauty,Truck,9,1.4,75.9,100.37,Normal,4.4,5.35,4.0,1,1.35,235.56,311.52,5,1,3.7
ORD100411,2025-03-25,West Bengal,Durgapur,Electronics,Van,5,2.85,30.6,103.51,Rain,3.6,5.09,6.3,0,0.0,161.35,189.34,5,1,3.2
ORD100412,2025-04-12,Tamil Nadu,Chennai,Electronics,Van,7,1.07,68.1,101.21,Normal,5.9,2.75,2.6,1,0.15,162.77,208.76,60,0,3.4
ORD100413,2025-02-18,Delhi,New Delhi,Beauty,Van,9,1.24,48.5,104.29,Normal,6.0,3.08,4.5,0,0.0,166.2,192.63,114,0,4.0
ORD100414,2025-01-07,Tamil Nadu,Coimbatore,Home & Kitchen,Bike,4,1.45,34.4,99.63,Normal,6.4,2.23,2.9,0,0.0,112.02,120.84,118,0,5.0
ORD100415,2025-09-05,West Bengal,Durgapur,Sports,Bike,6,0.22,18.4,101.72,Normal,7.8,3.41,5.3,0,0.0,143.01,152.39,97,0,5.0
ORD100416,2025-12-20,Maharashtra,Pune,Fashion,Van,5,2.49,200.1,104.98,Rain,7.9,4.88,4.8,1,0.08,298.93,350.0,5,1,4.1
ORD100417,2025-02-14,Gujarat,Surat,Electronics,Truck,6,3.05,158.4,105.63,Normal,8.0,5.31,6.1,0,0.0,301.27,353.84,5,1,4.2
ORD100418,2025-04-19,West Bengal,Durgapur,Electronics,Bike,6,2.55,53.2,102.89,Normal,9.6,3.11,4.8,0,0.0,150.72,161.38,5,1,3.1
ORD100419,2025-07-04,Telangana,Warangal,Grocery,Bike,4,3.72,9.0,102.18,Normal,9.4,2.56,4.4,0,0.0,105.68,127.74,173,0,4.1
ORD100420,2025-12-05,Rajasthan,Jaipur,Home & Kitchen,Van,2,1.51,93.1,103.09,Normal,3.6,2.97,4.6,0,0.0,153.83,175.15,5,1,3.5
ORD100421,2025-09-11,West Bengal,Durgapur,Home & Kitchen,Bike,9,6.54,167.4,106.58,Rain,4.3,4.04,5.2,0,0.0,334.78,363.02,5,1,4.1
ORD100422,2025-10-07,Maharashtra,Pune,Fashion,Van,6,1.16,213.2,102.41,Rain,5.5,5.22,5.9,0,0.0,330.63,369.49,5,1,4.3
ORD100423,2025-08-01,Delhi,Rohini,Home & Kitchen,Bike,7,1.74,92.2,102.9,Normal,7.9,3.02,4.2,0,0.0,247.12,289.98,5,1,4.6
ORD100424,2025-06-02,West Bengal,Siliguri,Beauty,Van,3,1.63,40.0,101.01,Heavy Rain,4.9,5.13,4.7,1,0.43,103.3,104.69,5,1,3.8
ORD100425,2025-03-14,Delhi,Dwarka,Fashion,Van,2,2.27,83.4,101.69,Rain,7.6,4.18,4.5,0,0.0,139.11,153.26,5,1,4.2
ORD100426,2025-11-12,Delhi,New Delhi,Electronics,Truck,2,1.72,61.8,103.7,Rain,2.6,3.84,5.8,0,0.0,193.07999999999998,146.88,5,1,4.2
ORD100427,2025-10-21,Delhi,New Delhi,Books,Van,7,1.88,55.6,104.52,Rain,11.6,4.13,5.7,0,0.0,190.53,201.51,5,1,4.4
ORD100428,2025-01-10,Karnataka,Bengaluru,Fashion,Bike,5,1.3,145.0,103.46,Heavy Rain,8.9,5.55,5.2,1,0.35,266.87,272.5,5,1,4.5
ORD100429,2025-09-19,Telangana,Hyderabad,Beauty,Van,10,1.51,95.5,104.42,Normal,7.7,3.86,4.9,0,0.0,256.38,290.14,160,0,4.9
ORD100430,2025-01-31,Delhi,Rohini,Electronics,Van,5,0.47,24.1,101.12,Normal,4.9,2.05,1.9,1,0.15,115.39,168.08,186,0,3.6
ORD100431,2025-09-27,Maharashtra,Mumbai,Grocery,Van,6,3.39,146.0,100.95,Normal,7.1,4.78,5.2,0,0.0,308.09,331.0,5,1,4.3
ORD100432,2025-10-29,Tamil Nadu,Chennai,Home & Kitchen,Truck,6,1.04,200.4,104.36,Rain,10.1,5.83,7.9,0,0.0,311.37,364.79,5,1,5.0
ORD100433,2025-02-17,Gujarat,Surat,Fashion,Truck,8,1.46,38.0,102.08,Normal,7.0,3.76,2.8,1,0.96,193.04,236.57,265,0,3.5
ORD100434,2025-06-08,Delhi,New Delhi,Home & Kitchen,Bike,6,1.01,93.5,100.82,Normal,5.8,2.01,1.6,1,0.41,161.95,226.24,5,1,4.3
ORD100435,2025-02-15,Tamil Nadu,Madurai,Sports,Van,7,2.92,60.4,103.31,Normal,7.8,3.64,4.5,0,0.0,189.0,193.14,5,1,5.0
ORD100436,2025-07-27,Karnataka,Mangaluru,Home & Kitchen,Bike,8,1.41,16.9,103.1,Normal,4.8,3.07,4.2,0,0.0,183.06,206.23,156,0,4.5
ORD100437,2025-12-05,West Bengal,Siliguri,Sports,Van,5,0.41,83.4,102.61,Normal,9.5,2.72,3.1,0,0.0,179.36,213.63,5,1,4.1
ORD100438,2025-01-30,Maharashtra,Pune,Sports,Truck,8,2.42,118.4,105.81,Heavy Rain,9.6,6.87,8.6,0,0.0,255.09,307.31,5,1,3.5
ORD100439,2025-05-26,West Bengal,Durgapur,Fashion,Van,3,1.24,83.8,106.33,Normal,8.5,2.85,3.3,0,0.0,110.26,125.76,5,1,4.8
ORD100440,2025-12-22,Rajasthan,Jodhpur,Home & Kitchen,Bike,7,1.98,162.1,104.68,Normal,11.2,2.44,3.4,0,0.0,280.63,336.16,5,1,4.6
ORD100441,2025-04-20,Maharashtra,Mumbai,Fashion,Truck,6,3.46,79.8,103.73,Normal,5.5,3.34,4.1,0,0.0,233.16,242.76,5,1,4.1
ORD100442,2025-02-18,Gujarat,Surat,Sports,Van,8,1.06,17.2,105.45,Normal,8.0,3.75,4.2,0,0.0,153.49,182.83,154,0,4.8
ORD100443,2025-06-28,Maharashtra,Nagpur,Beauty,Bike,7,1.95,42.8,103.25,Normal,7.4,1.86,3.2,0,0.0,182.37,206.58,63,0,4.6
ORD100444,2025-07-05,Maharashtra,Mumbai,Beauty,Truck,2,1.22,135.5,102.62,Normal,9.8,5.1,5.1,0,0.0,186.49,231.63,5,1,4.1
ORD100445,2025-08-30,Karnataka,Bengaluru,Electronics,Bike,10,3.82,5.4,101.92,Normal,7.9,3.28,5.1,0,0.0,172.97,181.39,351,0,3.7
ORD100446,2025-04-25,Karnataka,Mysuru,Books,Van,7,2.12,44.9,101.56,Normal,3.2,4.53,6.1,0,0.0,174.89,204.51,176,0,4.3
ORD100447,2025-12-15,Gujarat,Surat,Electronics,Van,12,1.98,81.7,104.64,Rain,8.3,3.98,5.6,0,0.0,280.13,334.81,5,1,5.0
ORD100448,2025-07-10,Rajasthan,Udaipur,Electronics,Truck,4,0.9,136.5,100.27,Normal,8.7,3.37,6.1,0,0.0,237.2,270.52,5,1,4.9
ORD100449,2025-04-15,Gujarat,Vadodara,Home & Kitchen,Bike,3,3.28,173.4,101.91,Normal,7.8,2.72,3.8,0,0.0,271.66,294.94,5,1,4.7
ORD100450,2025-12-17,West Bengal,Siliguri,Fashion,Bike,6,3.56,59.5,102.34,Rain,7.3,2.77,3.6,0,0.0,174.92,203.29,15,1,4.7
ORD100451,2025-12-04,Telangana,Warangal,Sports,Van,4,1.22,70.7,100.45,Normal,5.6,2.78,3.9,0,0.0,162.27,202.45,76,0,4.0
ORD100452,2025-07-02,West Bengal,Siliguri,Books,Truck,7,2.23,47.4,102.28,Normal,8.6,4.96,5.3,0,0.0,144.72,195.37,228,0,4.2
ORD100453,2025-01-10,Rajasthan,Jaipur,Home & Kitchen,Bike,3,2.95,74.7,103.15,Normal,7.8,2.81,3.4,0,0.0,164.72,174.09,5,1,4.5
ORD100454,2025-08-06,Tamil Nadu,Coimbatore,Fashion,Bike,7,8.51,27.3,104.84,Heavy Rain,9.0,3.62,3.6,1,0.02,141.81,161.38,150,0,3.9
ORD100455,2025-07-22,Karnataka,Bengaluru,Books,Truck,9,2.6,97.2,102.08,Normal,7.6,4.18,6.1,0,0.0,211.94,250.36,5,1,3.9
ORD100456,2025-02-24,West Bengal,Siliguri,Beauty,Van,8,2.01,6.9,103.17,Normal,8.0,4.28,4.1,1,0.18,153.75,200.8,204,0,3.3
ORD100457,2025-08-20,West Bengal,Durgapur,Home & Kitchen,Bike,8,2.0,90.9,100.3,Normal,6.7,2.25,2.2,1,0.05,240.88,273.87,70,0,3.9
ORD100458,2025-11-03,Maharashtra,Pune,Fashion,Van,5,1.89,61.3,100.8,Normal,9.6,1.92,2.4,0,0.0,133.45,141.37,5,1,4.2
ORD100459,2025-02-08,Rajasthan,Jaipur,Grocery,Van,6,3.32,139.2,99.57,Rain,7.2,4.6,4.3,1,0.3,271.45,312.41,5,1,3.8
ORD100460,2025-09-22,Gujarat,Vadodara,Sports,Van,11,1.14,116.5,104.76,Normal,6.6,3.13,3.2,0,0.0,279.88,340.88,5,1,4.4
ORD100461,2025-02-21,Rajasthan,Jodhpur,Grocery,Van,6,3.69,53.8,102.41,Normal,13.2,3.17,3.6,0,0.0,206.8,231.83,5,1,5.0
ORD100462,2025-10-01,West Bengal,Siliguri,Electronics,Van,8,0.74,111.7,103.39,Normal,6.1,5.12,6.5,0,0.0,277.63,323.48,5,1,4.3
ORD100463,2025-06-02,Delhi,Dwarka,Grocery,Bike,11,3.11,29.2,103.94,Normal,7.0,2.31,1.7,1,0.61,156.0,199.67,316,0,4.2
ORD100464,2025-01-03,Maharashtra,Mumbai,Home & Kitchen,Truck,5,3.72,19.3,104.45,Rain,4.2,4.69,4.9,0,0.0,181.9,218.53,164,0,3.9
ORD100465,2025-12-19,Tamil Nadu,Coimbatore,Books,Bike,5,3.4,89.5,106.61,Normal,5.4,2.93,3.9,0,0.0,221.66,255.16,5,1,5.0
ORD100466,2025-03-02,Karnataka,Mysuru,Fashion,Truck,4,2.4,18.0,102.92,Normal,8.6,2.37,3.5,0,0.0,128.51,143.75,39,0,5.0
ORD100467,2025-08-06,Maharashtra,Mumbai,Home & Kitchen,Bike,5,2.6,183.5,101.72,Normal,3.1,2.64,5.7,0,0.0,275.41,325.83,5,1,4.3
ORD100468,2025-03-08,Delhi,New Delhi,Fashion,Bike,4,1.55,13.6,104.26,Normal,7.0,2.46,4.5,0,0.0,117.5,121.0,103,0,3.8
ORD100469,2025-12-07,Maharashtra,Nagpur,Home & Kitchen,Bike,4,0.97,131.9,107.25,Rain,5.1,3.79,6.0,0,0.0,222.93,237.33,5,1,3.5
ORD100470,2025-09-27,Tamil Nadu,Coimbatore,Home & Kitchen,Bike,7,2.37,61.1,102.03,Normal,5.7,3.31,2.6,1,0.71,211.67,248.2,43,0,4.0
ORD100471,2025-10-21,Delhi,Dwarka,Beauty,Van,6,2.11,99.8,101.57,Normal,3.0,2.88,3.9,0,0.0,222.67,262.99,5,1,4.3
ORD100472,2025-06-07,West Bengal,Durgapur,Grocery,Van,4,3.67,75.8,98.4,Normal,6.7,2.82,4.1,0,0.0,189.4,226.05,5,1,5.0
ORD100473,2025-06-20,Rajasthan,Udaipur,Books,Truck,7,1.84,45.2,99.28,Normal,3.4,4.09,3.7,1,0.39,190.97,258.86,5,1,4.1
ORD100474,2025-08-20,Tamil Nadu,Chennai,Fashion,Van,5,2.23,39.8,105.55,Rain,6.3,2.89,3.4,0,0.0,96.93,92.91,101,0,4.1
ORD100475,2025-10-14,Gujarat,Surat,Electronics,Van,7,2.43,104.4,102.69,Normal,8.6,3.68,5.1,0,0.0,224.72,255.16,5,1,5.0
ORD100476,2025-11-06,Delhi,New Delhi,Fashion,Bike,3,2.92,140.6,100.95,Normal,1.0,1.55,3.0,0,0.0,221.07,250.53,5,1,3.4
ORD100477,2025-01-07,Telangana,Hyderabad,Fashion,Truck,2,3.73,83.0,103.0,Normal,7.9,5.1,6.9,0,0.0,149.19,199.22,5,1,4.5
ORD100478,2025-08-31,Telangana,Hyderabad,Home & Kitchen,Bike,12,1.08,97.3,107.68,Rain,4.4,5.43,6.2,0,0.0,305.92,358.38,25,1,4.5
ORD100479,2025-02-09,Gujarat,Surat,Sports,Bike,7,3.18,79.2,103.0,Normal,12.4,2.98,3.2,0,0.0,252.55,264.16,5,1,4.8
ORD100480,2025-04-16,Delhi,Dwarka,Sports,Bike,5,1.79,24.1,106.44,Normal,6.5,1.23,2.5,0,0.0,131.67,136.86,110,0,4.2
ORD100481,2025-10-30,Maharashtra,Pune,Electronics,Bike,3,3.06,207.2,101.31,Normal,4.3,2.9,3.8,0,0.0,581.4,127.08,133,0,4.4
ORD100482,2025-04-02,West Bengal,Siliguri,Books,Van,4,5.26,173.1,105.62,Normal,7.5,3.24,4.4,0,0.0,279.61,320.95,5,1,4.2
ORD100483,2025-10-18,Delhi,Dwarka,Grocery,Bike,5,0.51,61.2,101.98,Normal,4.6,2.26,1.3,1,0.96,117.16,176.24,105,0,4.1
ORD100484,2025-06-18,West Bengal,Durgapur,Home & Kitchen,Bike,5,4.43,128.8,101.61,Rain,1.2,3.78,4.5,0,0.0,220.12,244.45,5,1,4.9
ORD100485,2025-03-26,Maharashtra,Nagpur,Grocery,Truck,5,1.86,51.4,101.3,Rain,9.8,2.45,3.5,0,0.0,132.73,173.6,5,1,4.0
ORD100486,2025-05-02,West Bengal,Durgapur,Electronics,Bike,5,1.15,36.0,102.41,Rain,6.0,4.63,5.3,0,0.0,156.03,194.62,43,0,4.9
ORD100487,2025-07-13,Tamil Nadu,Madurai,Electronics,Van,3,1.52,50.5,104.75,Normal,6.4,3.2,3.8,0,0.0,117.79,125.9,5,1,3.8
ORD100488,2025-10-07,Maharashtra,Mumbai,Sports,Van,6,1.03,109.3,102.12,Normal,6.8,3.14,3.7,0,0.0,214.9,275.69,5,1,4.4
ORD100489,2025-08-10,Delhi,Rohini,Grocery,Truck,5,2.8,39.3,104.91,Normal,5.0,4.21,4.1,1,0.11,143.77,166.36,5,1,4.4
ORD100490,2025-12-07,Gujarat,Vadodara,Home & Kitchen,Van,4,1.03,79.6,101.69,Normal,3.7,2.95,4.4,0,0.0,157.99,166.58,5,1,4.2
ORD100491,2025-11-13,Gujarat,Surat,Fashion,Van,6,4.41,98.1,102.83,Normal,9.5,3.56,4.0,0,0.0,276.96,334.42,5,1,4.2
ORD100492,2025-10-02,Maharashtra,Mumbai,Sports,Truck,8,3.16,70.4,102.03,Normal,9.5,2.85,1.3,1,1.55,218.15,264.47,5,1,3.9
ORD100493,2025-08-09,Tamil Nadu,Coimbatore,Fashion,Van,7,2.33,78.4,106.24,Normal,7.6,3.2,3.4,0,0.0,241.6,260.73,5,1,2.8
ORD100494,2025-04-16,Tamil Nadu,Madurai,Sports,Bike,5,0.54,79.8,103.91,Normal,9.4,2.49,2.5,0,0.0,156.39,177.92,5,1,4.1
ORD100495,2025-05-31,Tamil Nadu,Coimbatore,Books,Van,3,0.85,38.6,103.49,Normal,6.0,1.65,2.1,0,0.0,84.75,89.14,28,0,4.3
ORD100496,2025-02-13,Delhi,New Delhi,Fashion,Van,7,1.91,57.2,102.47,Rain,10.5,3.05,3.2,0,0.0,206.33,231.36,5,1,4.4
ORD100497,2025-05-17,Maharashtra,Mumbai,Grocery,Bike,10,1.98,36.6,101.92,Normal,12.4,2.86,3.5,0,0.0,204.75,250.31,84,0,4.6
ORD100498,2025-12-05,Rajasthan,Jodhpur,Grocery,Van,7,3.71,55.1,101.16,Normal,10.6,3.32,4.2,0,0.0,207.64,235.55,42,0,4.5
ORD100499,2025-06-05,West Bengal,Siliguri,Books,Bike,4,0.3,115.4,105.35,Normal,7.5,2.5,2.5,0,0.0,239.56,298.79,5,1,5.0
ORD100500,2025-02-11,Gujarat,Surat,Fashion,Van,10,1.23,114.6,100.06,Normal,6.1,3.38,4.1,0,0.0,275.47,322.31,5,1,5.0
ORD100501,2025-08-26,Delhi,Rohini,Electronics,Truck,5,3.47,80.6,102.31,Normal,8.3,4.15,5.4,0,0.0,200.6,234.46,5,1,4.4
ORD100502,2025-12-18,Maharashtra,Nagpur,Home & Kitchen,Van,6,1.62,68.5,104.55,Normal,6.1,2.49,2.9,0,0.0,172.71,225.61,5,1,4.1
ORD100503,2025-11-13,Telangana,Hyderabad,Beauty,Truck,5,2.0,94.1,99.94,Normal,8.7,3.75,5.0,0,0.0,196.08,252.52,5,1,5.0
ORD100504,2025-04-11,West Bengal,Kolkata,Books,Bike,7,0.71,78.1,103.27,Rain,11.6,3.36,5.3,0,0.0,203.85,250.97,5,1,4.4
ORD100505,2025-06-15,Telangana,Nizamabad,Grocery,Van,5,4.01,54.7,101.38,Normal,7.0,2.46,2.3,1,0.16,181.38,200.41,6,1,3.6
ORD100506,2025-07-13,Delhi,Dwarka,Beauty,Truck,3,1.47,66.2,102.99,Normal,3.4,1.12,2.1,0,0.0,149.35,197.4,5,1,4.9
ORD100507,2025-04-01,West Bengal,Siliguri,Electronics,Van,5,4.1,30.0,102.64,Normal,9.0,3.19,5.7,0,0.0,107.39,123.65,49,0,4.5
ORD100508,2025-04-09,West Bengal,Siliguri,Electronics,Bike,5,5.22,27.0,98.88,Normal,7.4,2.27,3.2,0,0.0,187.55,193.3,105,0,5.0
ORD100509,2025-03-28,Telangana,Warangal,Books,Bike,6,4.74,158.3,104.09,Normal,11.5,3.41,3.4,1,0.01,285.69,318.2,5,1,3.6
ORD100510,2025-12-30,Maharashtra,Mumbai,Beauty,Bike,6,1.97,108.7,101.16,Rain,7.5,5.86,7.0,0,0.0,260.78,308.28,5,1,4.3
ORD100511,2025-09-30,Gujarat,Vadodara,Books,Van,7,2.0,46.7,101.94,Rain,7.5,3.68,4.2,0,0.0,150.85,178.98,31,0,5.0
ORD100512,2025-11-03,Telangana,Warangal,Electronics,Truck,7,1.41,66.2,103.02,Normal,7.9,4.4,4.0,1,0.4,177.18,222.61,24,1,2.7
ORD100513,2025-10-26,Telangana,Hyderabad,Fashion,Van,8,7.24,52.1,103.6,Rain,9.4,3.88,4.4,0,0.0,215.26,237.26,5,1,4.2
ORD100514,2025-12-17,Maharashtra,Pune,Sports,Bike,4,1.75,65.4,103.72,Normal,1.7,2.54,2.2,1,0.34,144.5,179.17,5,1,4.5
ORD100515,2025-02-08,Telangana,Hyderabad,Home & Kitchen,Bike,5,3.99,110.1,104.34,Normal,5.2,3.18,2.4,1,0.78,230.58,251.18,5,1,3.7
ORD100516,2025-11-18,Rajasthan,Jaipur,Electronics,Van,6,2.76,7.0,98.47,Heavy Rain,10.2,4.79,6.3,0,0.0,156.11,166.17,164,0,5.0
ORD100517,2025-01-25,West Bengal,Durgapur,Grocery,Van,8,1.54,90.9,103.78,Rain,6.4,3.66,2.3,1,1.36,260.18,298.38,5,1,3.4
ORD100518,2025-06-23,Karnataka,Mysuru,Beauty,Bike,9,1.71,24.1,102.92,Normal,8.3,2.98,4.9,0,0.0,163.63,181.44,92,0,4.6
ORD100519,2025-08-05,Maharashtra,Pune,Sports,Van,7,4.35,339.9,101.9,Normal,7.4,4.44,5.7,0,0.0,450.87,504.29,5,1,4.3
ORD100520,2025-05-11,Karnataka,Mangaluru,Sports,Bike,4,2.06,126.7,103.37,Normal,4.9,1.95,4.0,0,0.0,233.92,250.54,5,1,3.6
ORD100521,,Telangana,Warangal,Grocery,Van,6,1.5,21.1,104.55,Heavy Rain,6.9,5.74,7.9,0,0.0,108.91,137.38,141,0,4.3
ORD100522,2025-03-12,Tamil Nadu,Madurai,Electronics,Van,11,1.19,21.8,101.31,Normal,6.4,4.95,6.7,0,0.0,211.02,245.43,342,0,4.2
ORD100523,2025-10-29,Delhi,Rohini,Fashion,Bike,7,2.48,41.6,105.4,Normal,4.0,1.65,2.0,0,0.0,166.24,202.2,17,1,4.1
ORD100524,2025-04-27,Karnataka,Mangaluru,Sports,Van,4,1.44,65.2,104.94,Normal,7.1,3.59,3.7,0,0.0,141.83,161.72,27,0,4.0
ORD100525,2025-04-24,West Bengal,Kolkata,Fashion,Van,5,2.96,39.5,103.54,Normal,11.1,1.91,2.7,0,0.0,78.47,94.61,164,0,5.0
ORD100526,2025-12-04,Maharashtra,Nagpur,Sports,Van,6,10.52,43.8,100.67,Rain,10.2,3.39,5.0,0,0.0,213.1,259.36,5,1,4.1
ORD100527,2025-02-22,Gujarat,Ahmedabad,Grocery,Van,13,2.82,8.9,106.74,Normal,11.8,2.46,4.9,0,0.0,244.16,271.01,293,0,4.7
ORD100528,2025-12-01,Delhi,Dwarka,Electronics,Van,4,6.51,255.1,103.37,Rain,9.8,4.2,4.0,1,0.2,331.53,385.85,5,1,3.9
ORD100529,2025-12-03,Karnataka,Mysuru,Beauty,Bike,7,1.27,64.0,103.12,Normal,8.1,2.54,4.0,0,0.0,193.85,210.98,81,0,5.0
ORD100530,2025-08-07,Telangana,Hyderabad,Grocery,Truck,6,3.14,189.5,103.05,Rain,7.5,4.09,4.8,0,0.0,316.78,357.77,5,1,5.0
ORD100531,2025-03-02,West Bengal,Kolkata,Electronics,Truck,5,4.55,43.5,103.84,Normal,5.1,3.48,4.2,0,0.0,148.15,173.36,5,1,5.0
ORD100532,2025-02-26,Maharashtra,Nagpur,Fashion,Bike,9,4.94,234.8,104.5,Normal,10.7,3.37,4.7,0,0.0,404.02,463.23,5,1,4.2
ORD100533,2025-04-14,Maharashtra,Nagpur,Grocery,Truck,6,4.63,97.5,102.79,Normal,8.3,3.73,2.1,1,1.63,247.5,288.85,5,1,4.1
ORD100534,2025-07-30,Rajasthan,Jaipur,Electronics,Van,3,2.04,69.1,100.59,Normal,4.6,3.37,4.1,0,0.0,152.44,172.76,126,0,5.0
ORD100535,2025-02-26,Telangana,Warangal,Fashion,Bike,5,3.59,170.1,104.68,Normal,6.4,4.33,3.9,1,0.43,290.17,321.35,5,1,3.7
ORD100536,2025-06-16,Delhi,New Delhi,Grocery,Van,4,1.04,22.1,101.35,Normal,3.7,0.7,2.1,0,0.0,103.19,84.54,13,1,5.0
ORD100537,2025-02-12,West Bengal,Siliguri,Books,Bike,6,5.72,66.7,101.0,Rain,9.1,4.46,5.4,0,0.0,193.07999999999998,241.55,33,0,4.5
ORD100538,2025-07-17,Maharashtra,Nagpur,Beauty,Van,7,1.08,56.9,102.69,Normal,11.4,3.94,6.2,0,0.0,136.16,181.82,28,0,3.8
ORD100539,2025-01-08,Delhi,Rohini,Sports,Truck,7,4.55,127.3,101.98,Normal,5.2,3.56,5.6,0,0.0,284.21,342.21,25,1,5.0
ORD100540,2025-09-16,Karnataka,Mysuru,Sports,Van,4,3.97,13.3,103.47,Normal,9.5,2.29,2.4,0,0.0,148.27,173.05,271,0,3.5
ORD100541,2025-01-21,Rajasthan,Jaipur,Fashion,Van,4,3.95,48.4,103.81,Normal,9.9,3.51,4.5,0,0.0,131.93,148.3,56,0,3.7
ORD100542,2025-03-13,Telangana,Hyderabad,Electronics,Bike,5,7.71,9.0,101.93,Rain,4.8,4.15,6.3,0,0.0,126.56,153.13,218,0,4.2
ORD100543,2025-03-05,Karnataka,Bengaluru,Books,Van,7,3.99,50.6,102.99,Normal,2.8,1.39,2.5,0,0.0,229.47,254.75,113,0,5.0
ORD100544,2025-10-31,Telangana,Nizamabad,Home & Kitchen,Truck,7,0.85,151.3,101.89,Rain,7.7,5.16,6.5,0,0.0,277.06,323.88,5,1,4.8
ORD100545,2025-01-20,Rajasthan,Jaipur,Books,Bike,5,2.95,50.7,104.14,Normal,6.7,3.03,5.2,0,0.0,121.31,136.82,60,0,5.0
ORD100546,2025-06-06,Tamil Nadu,Madurai,Beauty,Van,4,0.59,35.6,103.64,Normal,5.9,2.66,4.7,0,0.0,114.58,147.48,5,1,5.0
ORD100547,2025-08-04,Delhi,Rohini,Fashion,Van,5,1.9,107.7,104.04,Rain,9.8,3.71,4.6,0,0.0,164.72,157.07,5,1,4.6
ORD100548,2025-07-08,Rajasthan,Jaipur,Beauty,Van,11,1.53,37.7,102.23,Normal,8.2,2.87,4.6,0,0.0,205.62,254.08,243,0,5.0
ORD100549,2025-09-06,Maharashtra,Nagpur,Beauty,Van,5,3.05,138.9,103.2,Normal,13.2,2.92,4.5,0,0.0,243.01,279.6,5,1,4.3
ORD100550,2025-10-21,Gujarat,Vadodara,Sports,Van,8,1.18,184.5,103.64,Normal,4.1,3.66,5.9,0,0.0,328.09,383.39,5,1,4.6
ORD100551,2025-05-24,West Bengal,Durgapur,Home & Kitchen,Van,1,1.2,72.2,104.07,Normal,3.3,2.31,3.1,0,0.0,122.92,132.43,5,0,4.2
ORD100552,2025-10-30,Delhi,Dwarka,Sports,Van,5,2.79,95.4,103.9,Normal,4.9,3.78,5.7,0,0.0,240.89,288.95,5,1,5.0
ORD100553,2025-04-27,Telangana,Hyderabad,Electronics,Van,5,4.32,146.8,102.48,Normal,6.8,3.49,3.9,0,0.0,261.07,297.38,5,1,4.3
ORD100554,2025-12-26,Delhi,Dwarka,Grocery,Van,6,2.02,70.7,100.63,Rain,10.9,2.7,3.9,0,0.0,137.6,164.97,5,1,3.8
ORD100555,2025-07-04,Tamil Nadu,Madurai,Sports,Van,3,9.12,17.7,103.59,Normal,4.4,4.25,5.8,0,0.0,153.36,175.33,144,0,3.8
ORD100556,2025-09-26,Delhi,Dwarka,Fashion,Truck,10,1.61,156.6,103.5,Heavy Rain,6.4,6.75,8.1,0,0.0,315.31,356.33,5,1,3.9
ORD100557,2025-11-16,West Bengal,Kolkata,Electronics,Bike,4,3.13,96.7,100.7,Normal,5.2,3.04,4.1,0,0.0,187.81,202.58,5,1,4.8
ORD100558,2025-10-17,Maharashtra,Pune,Books,Bike,5,2.51,54.3,104.19,Normal,6.8,2.12,2.9,0,0.0,186.77,227.2,7,1,4.4
ORD100559,2025-11-07,Maharashtra,Nagpur,Books,Truck,6,1.61,24.2,102.94,Normal,7.7,2.67,4.1,0,0.0,159.66,196.82,141,0,4.5
ORD100560,2025-07-15,Delhi,New Delhi,Home & Kitchen,Bike,4,4.72,50.7,102.42,Normal,6.0,1.67,2.9,0,0.0,135.53,134.72,70,0,4.7
ORD100561,2025-01-16,Karnataka,Mangaluru,Beauty,Truck,5,1.13,84.8,103.03,Normal,3.7,2.47,3.3,0,0.0,188.55,264.16,5,1,4.8
ORD100562,2025-06-29,Maharashtra,Mumbai,Books,Van,7,0.52,92.1,104.31,Rain,7.3,3.72,5.1,0,0.0,247.35,282.04,5,1,4.3
ORD100563,2025-03-08,Gujarat,Ahmedabad,Home & Kitchen,Truck,4,1.86,116.2,105.43,Rain,10.2,3.36,2.8,1,0.56,205.55,230.13,5,1,3.8
ORD100564,2025-11-21,Karnataka,Mysuru,Grocery,Van,5,1.7,163.1,102.52,Normal,9.2,3.77,4.9,0,0.0,227.11,243.32,5,1,4.2
ORD100565,2025-03-28,Karnataka,Mysuru,Fashion,Truck,6,4.02,112.1,102.2,Rain,6.4,4.12,3.3,1,0.82,245.52,309.4,5,1,4.1
ORD100566,2025-03-25,Karnataka,Mangaluru,Home & Kitchen,Van,10,0.89,69.6,103.7,Normal,8.8,4.55,4.5,1,0.05,218.24,250.67,76,0,3.9
ORD100567,2025-04-02,Maharashtra,Mumbai,Books,Van,6,2.83,43.8,100.18,Normal,8.7,2.19,3.2,0,0.0,165.0,186.57,41,0,4.0
ORD100568,2025-08-23,Telangana,Hyderabad,Home & Kitchen,Van,3,2.62,34.1,104.14,Rain,8.6,4.09,4.8,0,0.0,93.84,113.0,5,1,4.5
ORD100569,2025-07-28,Karnataka,Mysuru,Sports,Bike,6,2.48,122.7,100.14,Normal,11.2,1.89,1.1,1,0.79,245.61,252.36,5,1,4.2
ORD100570,2025-12-13,West Bengal,Siliguri,Beauty,Van,6,3.97,66.5,100.1,Normal,8.2,2.39,1.4,1,0.99,177.51,219.93,5,1,4.8
ORD100571,2025-06-01,Rajasthan,Udaipur,Beauty,Truck,5,1.98,28.6,105.36,Normal,4.1,3.27,3.7,0,0.0,153.24,169.34,5,1,3.8
ORD100572,2025-04-14,Gujarat,Surat,Fashion,Bike,3,2.08,92.6,98.8,Normal,2.5,2.3,1.4,1,0.9,204.18,241.61,5,1,3.1
ORD100573,2025-01-18,Telangana,Nizamabad,Fashion,Van,5,2.7,89.3,104.9,Normal,8.6,2.37,1.9,1,0.47,199.35,232.48,5,1,3.1
ORD100574,2025-01-03,Gujarat,Vadodara,Books,Van,11,1.88,249.4,105.34,Normal,5.5,5.57,5.8,0,0.0,390.5,479.74,5,1,4.1
ORD100575,2025-05-17,Rajasthan,Udaipur,Grocery,Bike,2,0.84,9.9,103.14,Rain,7.8,2.66,4.2,0,0.0,54.16,64.6,134,0,4.4
ORD100576,2025-12-04,Karnataka,Mangaluru,Books,Truck,3,1.54,19.1,103.61,Normal,4.7,2.55,2.2,1,0.35,102.05,137.92,5,1,3.7
ORD100577,2025-07-11,Delhi,Dwarka,Fashion,Bike,9,1.7,11.0,99.67,Heavy Rain,5.3,3.36,2.1,1,1.26,170.78,213.14,81,0,3.0
ORD100578,2025-11-23,Delhi,Rohini,Home & Kitchen,Van,9,1.4,35.5,101.61,Normal,9.6,3.61,5.5,0,0.0,171.26,208.84,62,0,5.0
ORD100579,2025-02-07,Maharashtra,Mumbai,Electronics,Van,1,1.64,65.4,103.13,Rain,3.0,4.08,5.6,0,0.0,113.14,128.31,17,0,3.5
ORD100580,2025-02-04,Maharashtra,Pune,Books,Bike,10,2.26,54.1,103.07,Rain,10.0,3.06,4.1,0,0.0,233.34,233.5,151,0,5.0
ORD100581,2025-11-01,West Bengal,Siliguri,Fashion,Bike,5,1.69,173.8,103.27,Rain,7.4,3.7,4.4,0,0.0,296.17,327.09,5,1,4.8
ORD100582,2025-02-08,Delhi,New Delhi,Beauty,Van,6,3.51,55.6,103.05,Rain,2.8,3.3,5.9,0,0.0,178.91,225.54,20,1,5.0
ORD100583,2025-01-19,Telangana,Warangal,Fashion,Bike,5,3.54,12.5,102.49,Normal,10.7,2.17,3.2,0,0.0,141.64,142.19,224,0,4.0
ORD100584,2025-05-28,Telangana,Nizamabad,Fashion,Truck,3,0.43,224.2,100.24,Normal,9.3,3.49,4.3,0,0.0,286.26,322.65,5,1,4.3
ORD100585,2025-12-04,Karnataka,Bengaluru,Grocery,Van,3,0.79,123.3,103.07,Normal,8.5,2.85,3.4,0,0.0,200.32,202.58,5,1,4.4
ORD100586,2025-09-09,Maharashtra,Nagpur,Beauty,Bike,8,2.0,118.5,100.38,Normal,10.3,3.95,5.0,0,0.0,229.6,247.47,5,1,4.3
ORD100587,2025-02-06,Tamil Nadu,Coimbatore,Sports,Bike,3,1.69,24.2,101.76,Normal,4.4,2.07,2.1,0,0.0,113.06,120.33,5,1,4.6
ORD100588,2025-11-02,Tamil Nadu,Madurai,Electronics,Bike,4,1.62,74.8,104.91,Normal,9.5,1.88,3.6,0,0.0,197.14,226.44,5,1,4.6
ORD100589,2025-11-04,Rajasthan,Jodhpur,Beauty,Van,5,2.22,153.4,99.58,Normal,8.9,3.02,4.9,0,0.0,262.11,294.4,5,1,4.0
ORD100590,2025-10-20,Gujarat,Ahmedabad,Electronics,Van,4,3.48,135.1,102.16,Normal,1.6,4.95,6.8,0,0.0,240.97,252.32,5,1,5.0
ORD100591,2025-11-26,Rajasthan,Udaipur,Books,Bike,9,1.96,38.2,103.93,Normal,6.0,2.88,3.5,0,0.0,167.81,188.64,52,0,3.9
ORD100592,2025-03-29,Gujarat,Ahmedabad,Beauty,Van,5,1.36,65.6,103.51,Normal,5.0,3.02,4.1,0,0.0,173.33,184.62,29,0,4.8
ORD100593,2025-12-24,Rajasthan,Jaipur,Fashion,Van,12,2.01,135.5,102.9,Rain,13.1,4.45,4.0,1,0.45,267.42,325.1,5,1,4.0
ORD100594,2025-04-28,Tamil Nadu,Madurai,Books,Van,4,1.46,75.1,101.12,Normal,4.2,2.19,1.8,1,0.39,178.72,187.31,5,1,4.1
ORD100595,2025-10-20,West Bengal,Siliguri,Fashion,Bike,3,0.77,53.2,104.69,Normal,4.7,3.17,4.6,0,0.0,161.74,194.45,5,1,3.1
ORD100596,2025-07-31,West Bengal,Kolkata,Home & Kitchen,Bike,3,3.75,27.7,100.11,Normal,3.3,1.94,3.5,0,0.0,104.67,107.11,40,0,4.4
ORD100597,2025-10-12,Karnataka,Mysuru,Fashion,Bike,7,2.65,65.6,103.55,Rain,6.6,2.86,2.0,1,0.86,189.93,216.32,83,0,3.8
ORD100598,2025-08-18,Maharashtra,Mumbai,Electronics,Van,7,5.16,165.2,102.57,Normal,10.7,4.26,3.8,1,0.46,328.22,381.82,5,1,4.1
ORD100599,2025-08-23,Maharashtra,Mumbai,Sports,Van,6,0.9,151.4,100.87,Rain,3.6,3.97,3.8,1,0.17,235.22,244.71,5,1,3.2
ORD100600,2025-08-13,Rajasthan,Udaipur,Grocery,Van,2,0.7,87.7,101.57,Normal,7.0,2.71,3.7,0,0.0,157.87,196.96,5,1,4.7
ORD100601,2025-10-12,Maharashtra,Mumbai,Grocery,Bike,7,1.1,80.9,105.52,Normal,5.4,2.03,2.3,0,0.0,183.14,231.11,5,1,5.0
ORD100602,2025-09-27,Rajasthan,Jodhpur,Sports,Van,6,2.0,114.1,100.16,Normal,12.1,3.92,3.6,1,0.32,244.08,291.62,5,1,4.3
ORD100603,2025-02-19,Telangana,Nizamabad,Books,Bike,7,3.52,3.0,99.07,Normal,8.2,2.94,3.4,0,0.0,135.14,150.24,149,0,4.5
ORD100604,2025-10-29,Delhi,Rohini,Fashion,Van,7,2.43,82.8,101.08,Normal,7.5,2.72,3.1,0,0.0,142.18,165.01,5,1,5.0
ORD100605,2025-07-15,Delhi,Dwarka,Electronics,Van,3,2.21,82.8,102.96,Normal,4.9,1.62,3.1,0,0.0,135.55,146.18,5,1,5.0
ORD100606,2025-04-28,Karnataka,Mangaluru,Fashion,Bike,8,3.51,18.6,104.77,Normal,8.8,2.26,2.7,0,0.0,165.64,191.88,149,0,4.1
ORD100607,2025-07-07,Delhi,Dwarka,Sports,Van,7,1.49,29.7,102.24,Normal,4.0,2.11,4.1,0,0.0,202.08,250.5,122,0,4.6
ORD100608,2025-12-19,Maharashtra,Mumbai,Sports,Bike,7,4.0,105.0,99.25,Rain,8.2,3.56,2.4,1,1.16,234.65,243.86,5,1,4.4
ORD100609,2025-11-10,Rajasthan,Jaipur,Grocery,Van,4,7.32,77.1,102.34,Normal,5.8,3.22,4.3,0,0.0,178.6,221.29,5,1,5.0
ORD100610,2025-11-01,Maharashtra,Nagpur,Home & Kitchen,Bike,8,1.01,70.4,103.7,Rain,6.3,4.02,6.6,0,0.0,211.21,246.34,5,1,4.2
ORD100611,2025-06-18,Maharashtra,Nagpur,Home & Kitchen,Van,7,1.71,52.6,102.72,Normal,12.8,4.16,4.7,0,0.0,101.31,149.66,5,1,4.0
ORD100612,2025-10-14,Telangana,Warangal,Sports,Van,5,0.82,164.2,103.02,Normal,10.4,3.19,3.6,0,0.0,287.37,330.76,5,1,3.9
ORD100613,2025-05-21,Delhi,Rohini,Electronics,Bike,3,1.08,106.9,98.75,Normal,9.8,2.15,2.3,0,0.0,193.91,226.24,5,1,3.8
ORD100614,2025-09-08,Tamil Nadu,Madurai,Beauty,Van,7,2.6,94.1,99.7,Normal,9.9,4.46,3.8,1,0.66,210.07,261.58,5,1,3.9
ORD100615,2025-08-22,Delhi,Dwarka,Fashion,Van,3,0.67,27.9,101.86,Rain,7.2,3.16,4.8,0,0.0,119.26,130.73,100,0,4.1
ORD100616,2025-04-02,West Bengal,Kolkata,Home & Kitchen,Truck,7,1.21,93.9,104.13,Normal,11.3,5.21,5.2,1,0.01,222.39,253.34,11,1,4.3
ORD100617,2025-04-08,Delhi,Rohini,Grocery,Bike,9,3.99,285.4,100.65,Normal,9.4,3.69,5.2,0,0.0,432.75,487.35,5,1,4.2
ORD100618,2025-01-23,Maharashtra,Nagpur,Sports,Bike,5,2.33,14.6,102.43,Rain,8.6,3.69,4.7,0,0.0,135.35,169.48,31,0,3.9
ORD100619,2025-02-21,Maharashtra,Mumbai,Books,Bike,6,3.32,122.5,102.35,Heavy Rain,11.0,4.63,5.9,0,0.0,239.44,299.22,5,1,5.0
ORD100620,2025-06-08,Maharashtra,Nagpur,Fashion,Truck,5,0.87,70.5,100.16,Normal,8.9,2.41,2.3,1,0.11,170.99,194.47,5,1,3.9
ORD100621,2025-06-24,Karnataka,Bengaluru,Fashion,Van,2,2.1,69.4,100.7,Normal,7.1,2.92,3.9,0,0.0,150.37,181.37,8,0,5.0
ORD100622,2025-03-02,Karnataka,Mangaluru,Sports,Bike,2,6.86,142.8,101.97,Normal,8.5,2.84,3.5,0,0.0,222.97,260.58,5,1,4.2
ORD100623,2025-06-02,Tamil Nadu,Coimbatore,Beauty,Van,5,1.31,37.8,101.34,Normal,7.2,2.82,3.7,0,0.0,134.96,134.84,68,0,5.0
ORD100624,2025-08-09,Maharashtra,Nagpur,Fashion,Bike,7,1.47,52.5,103.46,Normal,8.9,1.97,1.0,1,0.97,147.74,193.97,5,1,4.1
ORD100625,2025-03-26,Maharashtra,Nagpur,Grocery,Van,3,2.94,60.1,101.21,Normal,7.9,3.52,4.7,0,0.0,112.13,120.4,5,1,3.9
ORD100626,2025-05-04,Tamil Nadu,Coimbatore,Home & Kitchen,Van,2,1.12,35.5,103.56,Normal,2.7,3.32,6.0,0,0.0,56.39,89.42,5,1,3.6
ORD100627,2025-05-15,West Bengal,Kolkata,Electronics,Van,6,3.21,58.5,101.29,Normal,5.6,3.03,2.6,1,0.43,189.34,222.17,5,1,4.1
ORD100628,2025-07-04,Delhi,Rohini,Books,Van,4,0.63,39.2,101.98,Rain,8.3,4.0,5.6,0,0.0,115.85,172.28,49,0,4.7
ORD100629,2025-05-14,Rajasthan,Jodhpur,Beauty,Bike,5,0.42,72.2,103.36,Rain,7.1,4.69,5.2,0,0.0,136.47,163.05,5,1,4.9
ORD100630,2025-09-26,Karnataka,Mysuru,Electronics,Van,4,2.47,125.0,101.71,Normal,6.7,3.0,2.8,1,0.2,205.72,225.87,5,1,3.0
ORD100631,2025-04-30,Rajasthan,Jaipur,Home & Kitchen,Van,3,1.07,34.3,101.13,Normal,6.9,2.62,2.7,0,0.0,82.96,105.6,92,0,3.5
ORD100632,2025-06-08,West Bengal,Kolkata,Sports,Bike,8,1.39,78.5,101.75,Normal,3.0,3.72,5.7,0,0.0,217.8,269.4,34,0,3.5
ORD100633,2025-05-19,West Bengal,Durgapur,Grocery,Truck,6,3.56,67.6,103.47,Normal,7.1,3.52,4.5,0,0.0,215.46,262.79,5,1,4.0
ORD100634,2025-03-08,Telangana,Warangal,Grocery,Van,4,3.02,65.7,102.45,Normal,6.4,4.76,5.3,0,0.0,195.21,212.11,5,1,4.8
ORD100635,2025-09-08,Telangana,Warangal,Electronics,Truck,6,0.91,32.4,97.98,Normal,7.7,2.93,2.2,1,0.73,138.92,185.19,195,0,3.9
ORD100636,2025-03-27,Gujarat,Surat,Sports,Van,7,2.82,144.0,100.52,Normal,9.9,4.79,6.0,0,0.0,266.89,293.27,5,1,3.6
ORD100637,2025-04-19,West Bengal,Siliguri,Sports,Bike,3,1.66,144.0,100.53,Normal,5.3,2.69,4.4,0,0.0,171.81,165.77,5,1,3.7
ORD100638,2025-10-17,Telangana,Nizamabad,Beauty,Van,1,2.64,64.6,102.85,Normal,9.0,2.3,3.3,0,0.0,86.35,102.29,5,0,4.7
ORD100639,2025-12-13,Karnataka,Mysuru,Home & Kitchen,Van,4,1.99,117.4,98.33,Normal,4.2,2.67,2.3,1,0.37,238.86,301.2,5,1,4.5
ORD100640,2025-09-02,Maharashtra,Nagpur,Grocery,Bike,6,0.76,43.6,102.27,Rain,8.9,3.05,4.2,0,0.0,156.94,194.2,43,0,4.8
ORD100641,2025-12-01,Maharashtra,Pune,Books,Van,8,1.27,126.3,102.9,Rain,6.7,3.68,6.1,0,0.0,286.06,320.41,5,1,5.0
ORD100642,2025-11-08,Rajasthan,Jodhpur,Books,Bike,12,0.42,33.6,102.88,Normal,12.2,3.42,4.0,0,0.0,166.11,212.11,246,0,4.7
ORD100643,2025-06-25,West Bengal,Durgapur,Sports,Bike,3,2.27,29.4,101.57,Normal,6.9,1.42,3.1,0,0.0,109.52,123.89,10,1,5.0
ORD100644,2025-10-09,Gujarat,Vadodara,Grocery,Truck,7,2.61,74.5,98.8,Normal,4.7,1.83,2.3,0,0.0,160.76,190.92,5,1,5.0
ORD100645,2025-04-30,Delhi,New Delhi,Home & Kitchen,Bike,8,1.27,203.7,101.23,Normal,8.2,3.49,4.0,0,0.0,277.27,317.68,5,1,4.4
ORD100646,2025-06-18,Telangana,Warangal,Fashion,Van,3,1.87,27.6,104.33,Normal,7.3,3.63,4.5,0,0.0,85.13,104.91,77,0,4.9
ORD100647,2025-07-15,Telangana,Hyderabad,Books,Van,11,1.07,15.5,100.59,Rain,9.5,4.55,4.9,0,0.0,233.18,284.33,423,0,3.3
ORD100648,2025-12-17,Gujarat,Surat,Home & Kitchen,Van,6,4.56,124.9,105.58,Normal,8.5,3.48,3.8,0,0.0,230.58,254.41,5,1,4.9
ORD100649,2025-11-06,Maharashtra,Nagpur,Home & Kitchen,Bike,6,0.87,77.4,103.1,Normal,6.6,4.91,5.6,0,0.0,216.6,228.05,5,1,3.9
ORD100650,2025-06-28,West Bengal,Durgapur,Grocery,Van,11,1.65,83.2,101.36,Normal,7.7,2.21,3.8,0,0.0,248.67,298.11,155,0,4.8
ORD100651,2025-08-27,Delhi,New Delhi,Fashion,Van,7,0.87,53.9,102.01,Normal,3.4,3.08,3.9,0,0.0,193.07999999999998,232.42,234,0,4.3
ORD100652,2025-03-15,Karnataka,Mangaluru,Books,Truck,4,2.35,100.6,102.27,Normal,8.1,2.55,3.2,0,0.0,208.53,252.72,5,1,4.8
ORD100653,2025-10-21,West Bengal,Siliguri,Electronics,Bike,4,3.95,117.7,100.54,Normal,8.1,3.08,4.0,0,0.0,249.49,266.85,5,1,3.9
ORD100654,2025-07-21,Maharashtra,Pune,Home & Kitchen,Bike,6,0.52,22.2,100.82,Normal,11.9,2.04,4.2,0,0.0,193.07999999999998,149.02,5,1,4.3
ORD100655,2025-07-14,Karnataka,Bengaluru,Home & Kitchen,Van,6,3.08,18.4,105.14,Normal,7.4,2.57,2.4,1,0.17,148.09,178.86,5,1,4.4
ORD100656,2025-10-07,West Bengal,Durgapur,Grocery,Bike,9,5.82,30.4,104.22,Normal,9.5,3.16,4.5,0,0.0,206.89,256.8,8,1,4.7
ORD100657,2025-08-20,West Bengal,Siliguri,Grocery,Van,6,2.19,42.3,100.83,Normal,7.7,2.84,4.3,0,0.0,222.72,248.96,31,0,3.4
ORD100658,2025-01-27,Rajasthan,Jodhpur,Fashion,Van,7,1.3,60.7,100.1,Rain,9.8,3.97,4.5,0,0.0,206.28,229.65,5,1,4.4
ORD100659,2025-04-16,Karnataka,Bengaluru,Fashion,Van,9,1.96,75.9,98.62,Heavy Rain,7.1,4.51,6.3,0,0.0,222.29,261.27,119,0,4.2
ORD100660,2025-03-06,Rajasthan,Jaipur,Electronics,Truck,6,1.41,106.8,105.35,Normal,7.6,4.99,6.5,0,0.0,267.05,307.37,5,1,4.0
ORD100661,2025-09-26,Rajasthan,Udaipur,Grocery,Van,5,7.22,42.0,103.3,Rain,7.7,3.78,5.2,0,0.0,227.52,280.71,94,0,4.1
ORD100662,2025-01-13,West Bengal,Durgapur,Sports,Truck,7,3.47,121.1,103.68,Normal,9.7,3.58,3.1,1,0.48,237.06,277.99,5,1,4.3
ORD100663,2025-03-15,Telangana,Nizamabad,Books,Van,7,3.62,77.1,100.44,Rain,13.4,2.89,3.1,0,0.0,219.14,283.1,5,1,5.0
ORD100664,2025-08-07,Delhi,Dwarka,Home & Kitchen,Bike,6,8.17,86.0,100.31,Normal,8.9,3.08,3.2,0,0.0,224.1,257.47,5,1,4.8
ORD100665,2025-09-11,Telangana,Hyderabad,Grocery,Van,7,4.83,22.2,99.73,Normal,4.4,2.75,4.1,0,0.0,127.32,150.32,295,0,4.2
ORD100666,2025-07-03,West Bengal,Durgapur,Home & Kitchen,Van,5,1.86,35.4,95.68,Normal,4.0,3.51,5.0,0,0.0,193.07999999999998,155.96,80,0,4.5
ORD100667,2025-11-11,Maharashtra,Nagpur,Electronics,Truck,7,2.05,51.5,99.78,Normal,10.3,5.68,6.2,0,0.0,102.86,127.15,64,0,4.5
ORD100668,2025-12-02,West Bengal,Durgapur,Home & Kitchen,Bike,4,9.34,346.9,101.92,Normal,3.4,5.26,5.7,0,0.0,465.94,519.09,5,1,5.0
ORD100669,2025-02-18,Delhi,Dwarka,Electronics,Bike,6,1.25,119.4,101.77,Rain,8.0,3.46,6.2,0,0.0,226.01,261.58,5,1,4.5
ORD100670,2025-12-14,Rajasthan,Jodhpur,Home & Kitchen,Truck,4,1.8,63.4,100.2,Normal,4.8,2.83,3.7,0,0.0,151.54,181.57,5,1,4.8
ORD100671,2025-08-13,Delhi,Dwarka,Books,Bike,4,1.04,44.8,102.47,Rain,13.3,3.69,4.8,0,0.0,125.96,178.71,67,0,4.5
ORD100672,2025-08-21,Telangana,Hyderabad,Home & Kitchen,Van,6,0.62,210.2,100.06,Normal,4.1,4.43,4.9,0,0.0,299.31,367.5,5,1,4.8
ORD100673,2025-02-04,Rajasthan,Jaipur,Grocery,Van,1,1.14,80.1,102.64,Normal,3.8,4.45,6.3,0,0.0,86.65,99.82,5,0,5.0
ORD100674,2025-08-15,Delhi,New Delhi,Sports,Bike,6,1.15,36.2,102.6,Normal,9.2,1.61,2.7,0,0.0,112.7,133.15,115,0,3.9
ORD100675,2025-09-22,West Bengal,Siliguri,Beauty,Bike,9,1.34,29.5,102.7,Normal,7.7,2.07,2.9,0,0.0,176.97,193.53,211,0,4.4
ORD100676,2025-07-31,Gujarat,Surat,Fashion,Truck,6,3.0,96.2,101.34,Normal,5.7,4.68,5.6,0,0.0,213.64,259.32,5,1,4.4
ORD100677,2025-01-31,Karnataka,Mangaluru,Grocery,Bike,9,2.0,63.0,99.72,Normal,6.0,2.83,3.2,0,0.0,235.35,291.96,99,0,4.9
ORD100678,2025-07-10,West Bengal,Kolkata,Electronics,Van,8,3.89,137.2,99.03,Rain,6.6,5.99,5.8,1,0.19,270.86,337.13,5,1,3.9
ORD100679,2025-12-08,Tamil Nadu,Chennai,Fashion,Van,4,2.22,27.0,97.25,Rain,4.4,2.58,3.3,0,0.0,94.01,103.05,100,0,4.1
ORD100680,2025-09-22,Rajasthan,Udaipur,Fashion,Van,3,2.26,122.1,102.5,Normal,6.3,2.55,4.6,0,0.0,191.65,196.15,5,1,4.3
ORD100681,2025-02-20,Maharashtra,Nagpur,Books,Van,3,1.67,129.2,98.09,Normal,11.1,2.04,2.5,0,0.0,147.92,173.73,5,1,4.6
ORD100682,2025-12-17,Tamil Nadu,Coimbatore,Books,Bike,5,7.14,156.7,100.86,Normal,12.8,0.91,2.6,0,0.0,287.55,331.75,5,1,4.8
ORD100683,2025-12-16,Maharashtra,Mumbai,Books,Truck,6,1.53,39.8,101.48,Normal,12.4,2.87,3.2,0,0.0,167.54,197.54,170,0,4.1
ORD100684,2025-03-03,West Bengal,Siliguri,Grocery,Bike,4,3.65,122.4,99.15,Normal,6.5,1.27,1.0,1,0.27,252.37,288.32,5,1,3.6
ORD100685,2025-10-20,West Bengal,Kolkata,Beauty,Bike,5,0.93,52.8,100.83,Normal,8.7,2.62,2.9,0,0.0,157.17,179.97,6,1,4.2
ORD100686,2025-05-29,Telangana,Warangal,Books,Truck,10,1.72,32.8,101.61,Normal,9.0,3.95,3.2,1,0.75,167.41,219.86,111,0,3.6
ORD100687,2025-08-05,Gujarat,Surat,Sports,Bike,5,7.43,64.2,100.53,Normal,5.6,1.82,3.2,0,0.0,179.55,208.98,5,1,4.3
ORD100688,2025-06-12,West Bengal,Siliguri,Fashion,Bike,6,3.14,10.8,101.83,Normal,3.0,3.02,2.1,1,0.92,129.92,152.31,233,0,4.1
ORD100689,2025-10-13,Maharashtra,Mumbai,Sports,Truck,5,0.81,85.9,100.18,Rain,2.4,4.57,5.3,0,0.0,163.46,180.72,5,1,5.0
ORD100690,2025-12-30,Maharashtra,Mumbai,Sports,Bike,6,1.03,65.9,100.47,Rain,7.6,4.49,4.5,0,0.0,145.91,194.16,5,1,4.2
ORD100691,2025-10-18,West Bengal,Kolkata,Beauty,Bike,5,5.71,20.5,99.35,Normal,4.0,3.89,4.0,0,0.0,130.68,142.42,78,0,3.5
ORD100692,2025-12-06,Tamil Nadu,Chennai,Electronics,Van,3,2.13,87.3,100.69,Rain,4.3,3.89,5.4,0,0.0,189.83,175.44,5,1,4.7
ORD100693,2025-12-12,Telangana,Warangal,Home & Kitchen,Van,8,1.68,117.9,100.92,Normal,8.9,4.52,5.1,0,0.0,261.54,303.98,5,1,3.6
ORD100694,2025-02-02,Delhi,Rohini,Books,Truck,6,1.21,60.6,99.23,Rain,1.4,4.3,5.0,0,0.0,192.52,235.25,5,1,5.0
ORD100695,2025-04-03,Karnataka,Bengaluru,Electronics,Van,8,1.64,48.5,101.65,Normal,11.7,4.76,5.4,0,0.0,166.36,216.23,69,0,4.5
ORD100696,2025-09-21,Tamil Nadu,Coimbatore,Fashion,Truck,5,5.05,98.3,96.42,Normal,7.5,2.77,3.1,0,0.0,250.43,291.13,5,1,4.6
ORD100697,2025-08-04,West Bengal,Kolkata,Beauty,Bike,5,1.28,169.8,102.79,Rain,6.0,3.6,3.6,0,0.0,271.99,311.34,5,1,5.0
ORD100698,2025-01-19,West Bengal,Kolkata,Sports,Van,6,1.36,58.3,98.27,Rain,5.7,3.22,2.4,1,0.82,179.92,210.99,5,1,3.7
ORD100699,2025-02-04,Rajasthan,Udaipur,Books,Bike,4,2.97,224.3,102.68,Normal,7.9,3.05,4.1,0,0.0,310.98,341.11,5,1,4.7
ORD100700,2025-07-09,Telangana,Hyderabad,Grocery,Truck,7,1.02,143.3,101.9,Normal,5.2,3.78,4.8,0,0.0,198.83,244.68,5,1,4.7
ORD100701,2025-08-13,Rajasthan,Jodhpur,Fashion,Truck,5,1.1,50.3,102.59,Rain,10.2,4.0,5.7,0,0.0,183.26,228.26,215,0,5.0
ORD100702,2025-03-03,Rajasthan,Udaipur,Electronics,Bike,9,2.02,37.1,98.72,Normal,10.6,3.82,4.9,0,0.0,196.94,227.59,68,0,5.0
ORD100703,2025-03-04,Delhi,Rohini,Grocery,Truck,4,2.06,100.8,100.36,Rain,4.8,4.09,4.4,0,0.0,164.57,200.61,5,1,4.5
ORD100704,2025-02-17,Rajasthan,Jaipur,Home & Kitchen,Van,8,1.19,27.6,101.24,Normal,7.5,3.98,4.5,0,0.0,215.5,242.27,107,0,5.0
ORD100705,2025-07-26,Karnataka,Mysuru,Beauty,Bike,7,2.74,27.6,101.46,Rain,10.8,3.41,4.6,0,0.0,160.71,180.4,116,0,3.3
ORD100706,2025-01-03,West Bengal,Siliguri,Sports,Van,5,2.32,52.5,102.19,Normal,8.0,4.63,6.3,0,0.0,148.29,169.67,121,0,4.4
ORD100707,2025-07-28,West Bengal,Durgapur,Beauty,Truck,8,0.56,50.0,101.83,Normal,7.3,4.26,4.6,0,0.0,157.13,198.45,118,0,4.8
ORD100708,2025-06-23,West Bengal,Kolkata,Grocery,Bike,8,3.34,197.6,101.49,Rain,6.3,3.48,5.2,0,0.0,321.29,372.79,5,1,3.7
ORD100709,2025-06-20,West Bengal,Kolkata,Grocery,Bike,5,1.39,127.4,101.5,Normal,6.6,2.2,2.8,0,0.0,183.43,220.76,5,1,5.0
ORD100710,2025-09-05,Karnataka,Mangaluru,Books,Truck,6,3.4,130.8,101.83,Rain,6.5,3.86,4.0,0,0.0,238.75,255.73,5,1,5.0
ORD100711,2025-07-10,Telangana,Nizamabad,Fashion,Van,3,7.78,98.4,100.61,Normal,7.8,4.25,4.4,0,0.0,204.05,219.47,5,1,4.3
ORD100712,2025-09-23,Gujarat,Ahmedabad,Fashion,Van,8,1.93,52.4,102.62,Normal,7.2,2.76,3.2,0,0.0,205.21,249.7,38,0,5.0
ORD100713,2025-10-06,Delhi,New Delhi,Home & Kitchen,Van,3,1.32,59.8,100.4,Normal,3.8,1.84,2.5,0,0.0,89.53,127.51,5,1,4.9
ORD100714,2025-12-02,West Bengal,Kolkata,Beauty,Van,9,4.93,92.6,97.48,Normal,11.5,3.13,4.9,0,0.0,237.93,264.92,109,0,4.6
ORD100715,2025-10-19,Telangana,Hyderabad,Home & Kitchen,Bike,6,1.17,32.4,102.74,Rain,8.6,3.28,5.7,0,0.0,113.3,122.63,5,1,4.7
ORD100716,2025-07-08,Karnataka,Mangaluru,Beauty,Bike,5,6.89,32.2,101.32,Normal,5.1,1.74,2.2,0,0.0,186.06,211.04,96,0,4.1
ORD100717,2025-06-29,West Bengal,Siliguri,Grocery,Truck,6,1.49,119.1,100.19,Rain,5.8,4.13,3.6,1,0.53,245.15,304.52,5,1,4.0
ORD100718,2025-03-28,Maharashtra,Mumbai,Electronics,Van,7,1.34,105.5,100.65,Normal,9.4,4.23,4.4,0,0.0,178.8,205.87,5,1,4.1
ORD100719,2025-08-07,Karnataka,Mangaluru,Beauty,Van,7,9.37,30.2,103.14,Rain,6.5,3.63,4.1,0,0.0,192.29,194.55,94,0,4.5
ORD100720,2025-02-20,Maharashtra,Nagpur,Home & Kitchen,Truck,7,2.55,29.5,100.58,Normal,7.3,3.82,4.8,0,0.0,196.01,236.92,88,0,4.6
ORD100721,2025-12-06,Gujarat,Surat,Home & Kitchen,Bike,8,5.78,30.9,103.12,Normal,7.8,3.48,2.6,1,0.88,210.54,231.17,83,0,4.0
ORD100722,2025-11-05,Telangana,Nizamabad,Electronics,Truck,4,1.98,117.3,101.21,Normal,4.8,4.52,6.2,0,0.0,196.62,256.21,5,1,4.5
ORD100723,2025-02-13,Telangana,Hyderabad,Electronics,Van,4,1.89,139.7,99.69,Normal,4.0,3.06,3.0,1,0.06,236.77,265.54,5,1,5.0
ORD100724,2025-10-14,West Bengal,Siliguri,Sports,Truck,5,0.3,33.1,97.97,Rain,6.6,5.35,6.3,0,0.0,148.0,160.21,48,0,3.6
ORD100725,2025-02-12,Gujarat,Ahmedabad,Sports,Bike,4,3.89,78.8,100.47,Heavy Rain,4.5,4.32,4.9,0,0.0,223.32,233.17,76,0,3.5
ORD100726,2025-09-21,Delhi,Rohini,Grocery,Bike,5,2.59,31.9,102.65,Normal,5.6,1.25,1.4,0,0.0,128.68,152.42,22,0,4.0
ORD100727,2025-02-02,Maharashtra,Pune,Beauty,Van,7,1.87,160.1,99.24,Normal,9.8,4.37,6.3,0,0.0,315.4,355.31,5,1,4.5
ORD100728,2025-06-28,Delhi,New Delhi,Books,Truck,3,2.96,16.8,100.9,Normal,4.6,2.71,3.0,0,0.0,89.48,110.71,93,0,4.3
ORD100729,2025-08-29,Tamil Nadu,Madurai,Sports,Truck,5,2.06,85.7,102.99,Normal,8.1,4.0,3.8,1,0.2,172.76,252.58,5,1,3.2
ORD100730,2025-09-24,Karnataka,Mangaluru,Beauty,Van,2,1.09,52.0,97.01,Normal,8.2,1.94,3.1,0,0.0,109.8,106.04,5,1,5.0
ORD100731,2025-06-02,West Bengal,Durgapur,Electronics,Van,4,2.55,32.9,100.9,Heavy Rain,6.4,5.05,6.5,0,0.0,132.27,161.22,5,1,4.8
ORD100732,2025-12-03,Tamil Nadu,Chennai,Grocery,Bike,4,1.78,21.7,101.16,Normal,7.9,1.32,1.8,0,0.0,132.26,168.43,139,0,4.3
ORD100733,2025-10-10,West Bengal,Kolkata,Sports,Van,8,3.26,27.5,100.78,Normal,6.0,3.48,4.3,0,0.0,172.64,223.53,143,0,4.0
ORD100734,2025-03-18,Maharashtra,Nagpur,Home & Kitchen,Truck,10,1.68,59.4,97.06,Rain,10.6,4.96,6.5,0,0.0,207.94,245.66,160,0,4.4
ORD100735,2025-09-02,West Bengal,Kolkata,Fashion,Van,7,1.48,42.3,98.74,Normal,9.2,3.6,4.1,0,0.0,145.89,178.24,142,0,4.2
ORD100736,2025-09-24,Rajasthan,Udaipur,Fashion,Bike,3,1.41,76.7,96.33,Rain,9.9,4.66,5.1,0,0.0,166.45,163.74,5,1,4.7
ORD100737,2025-05-02,Maharashtra,Pune,Fashion,Truck,5,1.13,203.8,97.69,Normal,9.8,4.08,5.5,0,0.0,193.07999999999998,357.76,5,1,3.8
ORD100738,2025-09-27,Karnataka,Mangaluru,Grocery,Bike,5,1.43,124.4,101.56,Rain,7.6,3.77,4.3,0,0.0,228.43,254.11,5,1,4.1
ORD100739,2025-11-24,Karnataka,Mangaluru,Fashion,Van,12,2.67,118.5,99.43,Heavy Rain,16.4,6.32,6.3,1,0.02,316.13,381.0,5,1,4.4
ORD100740,2025-10-26,Gujarat,Vadodara,Sports,Van,6,1.24,116.0,101.47,Normal,9.5,4.14,4.8,0,0.0,258.88,315.06,5,1,4.2
ORD100741,2025-10-06,Tamil Nadu,Chennai,Books,Van,2,0.94,95.9,101.35,Rain,9.0,4.63,4.5,1,0.13,183.25,204.06,5,1,4.3
ORD100742,2025-08-20,Rajasthan,Udaipur,Electronics,Van,6,3.36,138.5,97.93,Heavy Rain,6.4,5.77,6.4,0,0.0,275.76,317.42,5,1,4.5
ORD100743,2025-04-09,Maharashtra,Mumbai,Books,Van,11,1.84,47.0,100.24,Rain,8.1,3.08,4.7,0,0.0,217.98,262.03,54,0,4.4
ORD100744,2025-10-18,West Bengal,Siliguri,Books,Bike,6,3.32,95.9,97.06,Normal,7.7,1.98,1.6,1,0.38,184.38,236.49,5,1,3.5
ORD100745,2025-05-13,Tamil Nadu,Chennai,Beauty,Bike,4,1.75,15.6,100.39,Normal,4.1,2.77,3.4,0,0.0,95.43,102.81,61,0,4.5
ORD100746,2025-07-14,Karnataka,Mangaluru,Fashion,Van,6,1.39,117.1,100.64,Normal,7.4,3.52,4.8,0,0.0,223.6,265.88,5,1,4.4
ORD100747,2025-04-25,Gujarat,Ahmedabad,Books,Van,10,0.65,75.1,99.44,Rain,8.5,3.4,4.0,0,0.0,212.83,268.35,148,0,3.2
ORD100748,2025-04-25,Gujarat,Surat,Fashion,Van,13,0.97,67.0,96.8,Normal,12.4,5.15,7.1,0,0.0,274.11,343.39,46,1,5.0
ORD100749,2025-02-27,Tamil Nadu,Coimbatore,Electronics,Van,8,1.14,30.4,97.13,Rain,10.9,3.96,4.7,0,0.0,167.83,206.13,228,0,4.7
ORD100750,2025-12-17,Rajasthan,Udaipur,Home & Kitchen,Bike,8,2.42,23.7,104.36,Normal,8.4,3.22,4.3,0,0.0,144.37,162.24,73,0,3.7
ORD100751,2025-02-23,Tamil Nadu,Chennai,Home & Kitchen,Van,6,1.88,49.8,100.88,Rain,6.4,4.0,5.9,0,0.0,198.65,226.62,135,0,4.4
ORD100752,2025-02-01,Maharashtra,Mumbai,Grocery,Van,6,1.03,75.0,99.24,Normal,11.7,3.79,5.0,0,0.0,194.96,201.06,5,1,4.3
ORD100753,2025-12-08,Tamil Nadu,Coimbatore,Home & Kitchen,Van,3,0.33,126.1,101.45,Normal,2.3,2.78,3.5,0,0.0,195.13,216.6,5,1,4.0
ORD100754,2025-07-22,West Bengal,Kolkata,Grocery,Van,6,2.72,138.7,102.35,Heavy Rain,3.5,6.5,6.8,0,0.0,280.93,329.34,5,1,4.9
ORD100755,2025-06-09,Gujarat,Vadodara,Fashion,Bike,8,3.56,171.2,101.86,Normal,9.4,3.76,4.3,0,0.0,293.54,359.13,5,1,5.0
ORD100756,2025-09-27,West Bengal,Kolkata,Books,Bike,6,3.77,128.6,99.31,Normal,7.4,4.13,5.1,0,0.0,234.34,262.38,5,1,4.2
ORD100757,2025-05-20,Maharashtra,Nagpur,Fashion,Bike,5,1.08,100.3,99.04,Rain,6.1,4.01,4.0,1,0.01,187.25,248.22,5,1,3.7
ORD100758,2025-02-16,Tamil Nadu,Coimbatore,Sports,Van,5,3.93,22.9,101.05,Normal,2.6,3.24,5.1,0,0.0,151.48,149.31,132,0,4.0
ORD100759,2025-09-24,West Bengal,Siliguri,Sports,Bike,6,2.91,67.2,99.17,Normal,5.3,3.57,6.3,0,0.0,195.1,232.38,5,1,3.3
ORD100760,2025-03-06,West Bengal,Kolkata,Home & Kitchen,Bike,3,2.9,171.2,101.73,Normal,10.1,3.44,4.2,0,0.0,327.79,367.03,5,1,4.7
ORD100761,2025-07-21,Telangana,Hyderabad,Grocery,Truck,8,1.36,204.2,99.75,Normal,11.2,4.04,3.2,1,0.84,308.24,379.7,5,1,4.9
ORD100762,2025-12-13,West Bengal,Durgapur,Home & Kitchen,Van,5,1.85,22.4,100.96,Rain,8.9,4.62,6.0,0,0.0,128.63,155.62,30,0,4.4
ORD100763,2025-12-08,Tamil Nadu,Chennai,Books,Van,4,6.62,51.9,101.38,Normal,5.2,2.7,3.5,0,0.0,162.08,183.91,5,1,4.4
ORD100764,2025-05-12,Karnataka,Bengaluru,Grocery,Van,5,5.99,177.8,97.15,Normal,6.6,4.23,5.5,0,0.0,307.92,373.04,5,1,4.5
ORD100765,2025-10-12,Maharashtra,Mumbai,Home & Kitchen,Bike,7,1.95,140.9,99.72,Normal,6.7,4.4,5.1,0,0.0,285.27,313.01,5,1,4.2
ORD100766,2025-08-12,Maharashtra,Nagpur,Home & Kitchen,Bike,5,2.28,71.8,101.51,Normal,5.3,3.24,4.8,0,0.0,181.58,203.74,31,0,3.9
ORD100767,2025-06-24,Telangana,Nizamabad,Fashion,Truck,5,0.48,86.9,97.97,Normal,5.4,4.49,4.5,0,0.0,189.41,228.05,5,1,5.0
ORD100768,2025-02-21,Rajasthan,Jaipur,Books,Van,7,4.4,96.9,98.41,Rain,7.7,4.97,6.0,0,0.0,226.27,262.24,5,1,4.8
ORD100769,2025-05-18,West Bengal,Kolkata,Books,Van,7,3.27,144.0,101.54,Normal,4.2,4.21,5.2,0,0.0,314.64,344.42,5,1,4.8
ORD100770,2025-08-26,Rajasthan,Jodhpur,Electronics,Truck,9,2.52,141.4,102.1,Normal,11.4,4.62,5.7,0,0.0,279.4,347.98,5,1,5.0
ORD100771,2025-12-27,Delhi,Dwarka,Home & Kitchen,Bike,8,1.36,56.3,92.99,Normal,7.6,3.04,4.4,0,0.0,113.67,154.7,118,0,4.6
ORD100772,2025-01-02,Delhi,Rohini,Fashion,Van,5,2.1,170.8,101.46,Normal,5.7,3.59,5.1,0,0.0,253.86,318.1,5,1,4.0
ORD100773,2025-09-19,Telangana,Hyderabad,Beauty,Bike,7,5.22,183.6,95.1,Rain,4.1,4.68,4.4,1,0.28,381.7,442.49,5,1,3.3
ORD100774,2025-11-05,Telangana,Warangal,Electronics,Van,4,2.55,62.3,99.15,Rain,8.7,4.11,5.5,0,0.0,126.64,164.96,5,1,5.0
ORD100775,2025-12-14,Gujarat,Ahmedabad,Home & Kitchen,Truck,9,11.14,177.3,96.74,Rain,6.9,5.97,6.8,0,0.0,384.74,464.29,5,1,4.9
ORD100776,2025-06-04,Tamil Nadu,Chennai,Sports,Bike,7,3.41,61.6,98.23,Normal,9.1,4.54,5.1,0,0.0,176.32,195.13,32,0,4.4
ORD100777,2025-02-13,Tamil Nadu,Madurai,Fashion,Truck,6,1.11,114.5,99.38,Normal,5.0,4.07,5.0,0,0.0,233.52,272.96,5,1,4.2
ORD100778,2025-04-09,Karnataka,Mysuru,Grocery,Van,7,1.54,194.1,100.13,Normal,7.9,4.12,5.0,0,0.0,339.52,384.95,5,1,4.3
ORD100779,2025-11-07,West Bengal,Durgapur,Fashion,Van,4,1.27,155.0,101.72,Rain,3.3,4.42,5.2,0,0.0,225.78,276.02,5,1,4.7
ORD100780,2025-11-17,Delhi,New Delhi,Fashion,Bike,10,3.52,42.4,96.7,Normal,8.5,3.08,2.2,1,0.88,246.64,293.26,217,0,4.9
ORD100781,2025-08-21,West Bengal,Durgapur,Grocery,Van,5,4.26,95.8,101.18,Rain,7.1,3.36,4.2,0,0.0,236.52,267.52,5,1,4.5
ORD100782,2025-02-14,Maharashtra,Pune,Home & Kitchen,Van,7,6.14,106.6,98.58,Rain,8.6,4.27,4.8,0,0.0,262.01,301.29,6,1,4.0
ORD100783,2025-02-14,West Bengal,Siliguri,Home & Kitchen,Bike,6,1.62,85.5,98.59,Normal,9.5,2.96,4.0,0,0.0,195.33,245.15,5,1,3.8
ORD100784,2025-06-24,Maharashtra,Pune,Sports,Van,6,2.73,45.6,102.09,Rain,8.7,2.89,3.5,0,0.0,159.76,173.85,30,0,4.8
ORD100785,2025-08-03,Delhi,New Delhi,Books,Bike,3,4.63,43.4,100.53,Rain,10.5,2.51,5.1,0,0.0,117.35,134.69,5,1,5.0
ORD100786,2025-01-12,Delhi,Rohini,Grocery,Truck,4,5.51,64.2,95.96,Normal,3.5,2.14,2.7,0,0.0,146.2,199.84,5,1,5.0
ORD100787,2025-09-08,Karnataka,Bengaluru,Electronics,Bike,4,0.9,23.4,98.82,Normal,11.7,1.26,1.0,1,0.26,124.79,150.87,101,0,5.0
ORD100788,2025-07-18,West Bengal,Siliguri,Electronics,Van,4,3.01,104.5,97.59,Normal,9.1,5.09,5.7,0,0.0,207.44,230.03,5,1,3.7
ORD100789,2025-01-05,Karnataka,Mysuru,Home & Kitchen,Van,4,0.93,13.1,98.13,Rain,5.4,4.38,4.7,0,0.0,110.95,132.28,93,0,4.5
ORD100790,2025-02-04,Karnataka,Mangaluru,Sports,Van,7,1.36,215.0,98.66,Normal,10.1,5.64,6.5,0,0.0,355.96,387.65,5,1,4.3
ORD100791,2025-06-15,Telangana,Warangal,Books,Truck,4,0.86,70.1,99.7,Normal,10.9,3.29,3.6,0,0.0,153.74,175.76,131,0,4.4
ORD100792,2025-09-21,Delhi,Dwarka,Beauty,Truck,6,1.34,43.5,96.59,Normal,10.0,2.88,4.2,0,0.0,189.11,221.29,51,0,4.0
ORD100793,2025-10-29,Tamil Nadu,Coimbatore,Sports,Bike,7,0.78,28.1,98.42,Normal,5.1,3.06,3.7,0,0.0,109.23,123.75,348,0,4.7
ORD100794,2025-06-07,Tamil Nadu,Chennai,Electronics,Van,10,0.93,147.8,98.09,Normal,8.7,4.67,5.7,0,0.0,345.44,413.03,5,1,3.8
ORD100795,2025-04-18,Rajasthan,Jaipur,Beauty,Van,4,1.12,96.4,99.47,Normal,8.4,3.15,5.2,0,0.0,179.96,189.56,5,1,4.8
ORD100796,2025-12-20,Telangana,Nizamabad,Home & Kitchen,Bike,4,2.45,85.3,98.66,Normal,6.6,2.41,3.2,0,0.0,159.89,203.6,5,1,5.0
ORD100797,2025-06-17,Tamil Nadu,Madurai,Home & Kitchen,Van,5,2.06,97.1,100.42,Normal,8.1,4.03,3.5,1,0.53,195.77,235.13,8,1,3.6
ORD100798,2025-04-26,Tamil Nadu,Madurai,Sports,Bike,6,0.69,98.3,99.17,Normal,8.5,1.82,2.1,0,0.0,243.72,269.39,5,1,5.0
ORD100799,2025-06-11,West Bengal,Kolkata,Books,Truck,8,11.96,105.1,99.77,Heavy Rain,6.8,6.97,6.4,1,0.57,280.1,324.72,21,1,4.0
ORD100800,2025-01-05,Rajasthan,Jodhpur,Electronics,Van,5,1.47,92.4,99.08,Normal,10.1,3.52,3.7,0,0.0,193.33,223.95,5,1,5.0
ORD100801,2025-04-21,Karnataka,Mysuru,Home & Kitchen,Van,6,0.85,116.4,96.57,Heavy Rain,7.4,6.2,3.7,1,2.5,196.38,247.47,5,1,3.9
ORD100802,2025-07-08,Maharashtra,Nagpur,Beauty,Van,2,2.94,100.5,97.94,Rain,5.9,4.28,5.7,0,0.0,180.69,199.4,5,1,4.0
ORD100803,2025-12-02,Rajasthan,Jodhpur,Electronics,Truck,7,2.01,15.0,97.38,Normal,5.4,4.56,3.9,1,0.66,175.62,228.06,142,0,3.9
ORD100804,2025-09-27,Telangana,Nizamabad,Beauty,Van,6,1.19,40.8,99.93,Normal,6.6,2.23,3.6,0,0.0,159.48,187.86,24,0,4.3
ORD100805,2025-10-13,West Bengal,Siliguri,Beauty,Truck,8,2.6,40.7,100.07,Normal,10.5,2.91,3.0,0,0.0,174.92,229.1,44,0,5.0
ORD100806,2025-07-18,West Bengal,Durgapur,Home & Kitchen,Truck,7,1.3,43.8,98.37,Rain,8.2,3.88,4.3,0,0.0,157.53,220.15,5,1,4.4
ORD100807,2025-02-10,West Bengal,Durgapur,Home & Kitchen,Bike,5,1.66,30.7,98.75,Normal,8.7,2.53,4.7,0,0.0,136.11,162.69,75,0,5.0
ORD100808,2025-05-23,Delhi,Dwarka,Home & Kitchen,Bike,7,5.22,90.2,95.62,Normal,8.0,1.91,2.3,0,0.0,247.09,269.8,58,0,4.8
ORD100809,2025-12-30,West Bengal,Siliguri,Sports,Bike,9,2.18,119.5,97.74,Rain,8.6,4.56,4.4,1,0.16,290.25,337.4,5,1,4.0
ORD100810,2025-01-17,Rajasthan,Jodhpur,Fashion,Van,4,3.0,19.0,93.92,Rain,2.7,3.23,3.5,0,0.0,91.53,138.52,192,0,4.6
ORD100811,2025-11-17,Rajasthan,Jaipur,Beauty,Van,7,1.43,33.9,99.85,Rain,8.6,3.86,3.4,1,0.46,146.95,171.06,90,0,4.4
ORD100812,2025-09-07,Tamil Nadu,Coimbatore,Home & Kitchen,Bike,6,2.22,22.2,102.38,Normal,6.9,2.79,4.3,0,0.0,176.5,175.37,219,0,4.9
ORD100813,2025-04-14,Delhi,Dwarka,Grocery,Truck,6,1.22,12.0,97.39,Rain,8.0,3.8,5.0,0,0.0,137.56,156.44,26,0,5.0
ORD100814,2025-10-11,Maharashtra,Nagpur,Electronics,Bike,4,1.19,75.5,98.73,Normal,1.2,1.86,2.3,0,0.0,164.96,186.13,5,1,3.9
ORD100815,2025-11-02,West Bengal,Siliguri,Electronics,Van,5,1.54,14.5,99.05,Rain,13.3,3.56,5.0,0,0.0,136.83,165.48,254,0,4.2
ORD100816,2025-01-16,Telangana,Hyderabad,Grocery,Van,3,1.28,72.8,96.23,Normal,6.4,2.86,4.1,0,0.0,88.72,126.25,5,1,4.5
ORD100817,2025-02-08,West Bengal,Durgapur,Grocery,Van,3,3.95,85.5,98.01,Normal,7.7,2.74,3.2,0,0.0,190.78,200.51,5,1,4.4
ORD100818,2025-08-31,West Bengal,Kolkata,Home & Kitchen,Bike,3,2.93,70.4,99.07,Normal,7.4,2.71,3.6,0,0.0,217.12,257.14,5,1,4.0
ORD100819,2025-12-31,Karnataka,Mysuru,Fashion,Van,2,0.45,71.3,98.5,Normal,5.0,2.93,3.4,0,0.0,131.1,158.07,5,1,5.0
ORD100820,2025-01-09,West Bengal,Siliguri,Sports,Van,4,6.18,64.4,98.28,Normal,8.2,2.65,2.8,0,0.0,185.16,224.42,5,1,3.9
ORD100821,2025-08-31,Karnataka,Mangaluru,Electronics,Bike,11,3.05,126.1,97.62,Heavy Rain,12.2,6.35,4.8,1,1.55,295.42,368.97,5,1,4.3
ORD100822,2025-02-19,Telangana,Hyderabad,Home & Kitchen,Van,3,4.24,184.7,96.66,Heavy Rain,7.0,7.6,8.0,0,0.0,245.91,274.01,5,1,5.0
ORD100823,2025-08-26,Gujarat,Ahmedabad,Fashion,Van,6,1.8,90.1,99.32,Normal,9.5,3.26,3.9,0,0.0,190.07,251.54,5,1,4.2
ORD100824,2025-08-16,Delhi,Rohini,Home & Kitchen,Van,7,0.76,42.0,101.25,Normal,9.5,2.77,2.2,1,0.57,185.5,237.88,8,1,2.7
ORD100825,2025-02-03,Gujarat,Surat,Grocery,Van,7,0.85,33.6,94.44,Normal,9.3,1.48,2.9,0,0.0,169.75,202.88,194,0,4.2
ORD100826,2025-09-06,Karnataka,Mysuru,Grocery,Van,8,6.11,13.7,94.15,Rain,13.2,3.26,3.7,0,0.0,155.84,210.31,168,0,4.1
ORD100827,2025-11-24,Gujarat,Vadodara,Beauty,Truck,7,0.7,161.6,95.82,Normal,8.4,4.24,5.3,0,0.0,260.56,355.15,5,1,3.7
ORD100828,2025-11-12,Tamil Nadu,Madurai,Beauty,Van,8,0.79,59.0,97.19,Rain,7.7,4.06,5.0,0,0.0,176.08,229.87,11,1,4.7
ORD100829,2025-01-11,Maharashtra,Nagpur,Fashion,Bike,4,1.52,62.0,97.48,Normal,6.5,2.24,2.8,0,0.0,154.41,148.94,5,1,4.7
ORD100830,2025-03-31,Rajasthan,Udaipur,Grocery,Van,2,0.82,74.2,98.16,Normal,6.8,2.65,2.8,0,0.0,129.04,121.63,5,1,4.8
ORD100831,2025-03-29,Maharashtra,Nagpur,Electronics,Bike,9,2.85,49.9,98.04,Normal,5.1,2.73,2.8,0,0.0,204.34,250.7,62,0,4.0
ORD100832,2025-06-15,West Bengal,Siliguri,Home & Kitchen,Truck,6,2.0,84.1,97.63,Normal,11.0,4.3,3.5,1,0.8,176.54,205.11,38,0,4.5
ORD100833,2025-02-22,Maharashtra,Nagpur,Grocery,Van,4,2.64,87.3,100.14,Rain,6.1,2.85,4.8,0,0.0,221.04,236.69,5,1,4.1
ORD100834,2025-11-08,Karnataka,Mysuru,Home & Kitchen,Bike,7,1.35,95.4,96.16,Rain,7.4,3.99,5.0,0,0.0,224.55,267.66,5,1,3.9
ORD100835,2025-10-11,Karnataka,Bengaluru,Electronics,Van,8,2.43,22.2,99.44,Normal,4.8,3.3,3.1,1,0.2,152.39,181.57,201,0,3.3
ORD100836,2025-10-23,Tamil Nadu,Madurai,Fashion,Bike,5,6.42,9.3,101.35,Rain,7.8,4.21,5.4,0,0.0,119.25,153.36,94,0,4.1
ORD100837,2025-03-14,Gujarat,Vadodara,Grocery,Truck,5,0.79,122.7,95.11,Heavy Rain,3.5,4.68,4.3,1,0.38,206.29,263.9,5,1,4.0
ORD100838,2025-01-06,Maharashtra,Mumbai,Electronics,Truck,5,4.16,60.6,94.22,Rain,3.0,4.94,6.2,0,0.0,204.73,224.71,44,0,3.9
ORD100839,2025-11-29,Tamil Nadu,Coimbatore,Grocery,Van,7,3.4,37.9,98.04,Normal,6.0,3.58,4.6,0,0.0,211.43,248.37,91,0,4.1
ORD100840,2025-04-16,Karnataka,Mysuru,Books,Van,2,1.88,132.4,98.84,Normal,5.3,2.39,2.5,0,0.0,179.27,195.89,5,1,5.0
ORD100841,2025-08-28,Gujarat,Surat,Grocery,Van,1,2.24,39.2,97.72,Normal,3.5,1.22,1.0,1,0.22,85.61,105.3,13,0,3.6
ORD100842,2025-11-28,West Bengal,Siliguri,Home & Kitchen,Van,5,2.54,36.0,93.8,Heavy Rain,7.8,6.42,6.6,0,0.0,101.37,122.59,87,0,5.0
ORD100843,2025-01-14,West Bengal,Durgapur,Books,Bike,5,1.07,47.1,94.57,Normal,9.9,1.46,2.2,0,0.0,105.36,145.15,5,1,4.5
ORD100844,2025-01-02,Tamil Nadu,Madurai,Home & Kitchen,Truck,6,0.7,41.5,96.66,Rain,7.7,4.04,3.3,1,0.74,153.62,189.59,5,1,4.4
ORD100845,2025-01-02,Delhi,Rohini,Sports,Bike,5,3.63,42.3,98.3,Rain,1.6,2.17,2.2,0,0.0,147.29,196.05,5,1,4.6
ORD100846,2025-02-27,Gujarat,Vadodara,Grocery,Bike,5,0.9,114.5,96.89,Normal,6.8,1.7,3.5,0,0.0,199.74,237.51,30,0,4.5
ORD100847,2025-01-19,Delhi,Dwarka,Electronics,Bike,4,0.99,168.8,97.89,Normal,8.0,2.49,3.1,0,0.0,236.42,249.78,5,1,4.3
ORD100848,2025-10-27,Telangana,Hyderabad,Books,Truck,5,1.44,31.6,97.81,Normal,6.0,4.37,7.4,0,0.0,140.96,181.25,196,0,4.1
ORD100849,2025-08-10,Karnataka,Mangaluru,Beauty,Truck,2,2.42,72.2,99.13,Normal,6.8,2.55,3.6,0,0.0,144.15,164.32,5,1,4.6
ORD100850,2025-12-24,West Bengal,Kolkata,Fashion,Bike,7,1.46,42.9,95.34,Normal,8.3,4.5,5.0,0,0.0,193.81,196.61,11,1,4.2
ORD100851,2025-10-20,West Bengal,Kolkata,Fashion,Bike,5,1.26,140.6,97.56,Normal,4.2,3.84,3.7,1,0.14,300.53,332.53,5,1,2.9
ORD100852,2025-12-18,West Bengal,Kolkata,Beauty,Truck,9,3.74,89.7,99.97,Normal,11.6,4.06,3.7,1,0.36,222.02,285.07,5,1,4.1
ORD100853,2025-03-29,Karnataka,Bengaluru,Grocery,Van,6,1.62,73.4,95.93,Rain,6.6,3.18,4.0,0,0.0,154.75,199.21,17,1,4.4
ORD100854,2025-04-16,Tamil Nadu,Madurai,Sports,Truck,7,1.2,111.0,96.2,Normal,6.8,4.34,4.6,0,0.0,271.44,330.77,12,1,4.7
ORD100855,2025-11-07,Karnataka,Mysuru,Home & Kitchen,Truck,5,2.6,131.5,97.46,Normal,8.2,4.1,4.5,0,0.0,232.79,276.28,5,1,4.5
ORD100856,2025-03-31,Tamil Nadu,Chennai,Grocery,Van,11,2.09,109.1,95.37,Rain,5.1,3.84,4.7,0,0.0,302.32,353.86,5,1,4.9
ORD100857,,Tamil Nadu,Chennai,Grocery,Bike,8,2.05,106.6,95.15,Normal,11.2,2.4,2.5,0,0.0,215.5,246.71,5,1,4.7
ORD100858,2025-09-02,Delhi,New Delhi,Grocery,Van,4,2.69,182.1,96.6,Normal,4.3,1.72,3.2,0,0.0,244.3,294.76,5,1,4.4
ORD100859,2025-10-20,Delhi,Rohini,Fashion,Truck,4,1.84,94.0,96.76,Normal,11.1,4.49,5.4,0,0.0,204.11,249.93,5,1,4.7
ORD100860,2025-12-20,Karnataka,Mangaluru,Fashion,Van,6,3.49,37.0,98.52,Normal,10.3,3.0,3.1,0,0.0,130.08,149.67,5,1,5.0
ORD100861,2025-12-05,Karnataka,Bengaluru,Grocery,Truck,7,0.8,79.1,95.53,Normal,5.0,3.18,4.1,0,0.0,234.45,302.07,5,1,4.0
ORD100862,2025-02-13,Delhi,New Delhi,Home & Kitchen,Van,5,4.51,51.9,97.18,Rain,8.1,3.25,1.9,1,1.35,190.22,230.07,5,1,2.7
ORD100863,2025-10-09,Delhi,Dwarka,Home & Kitchen,Truck,3,1.11,174.5,99.32,Normal,3.8,3.33,4.4,0,0.0,225.72,280.48,5,1,5.0
ORD100864,2025-11-05,Karnataka,Mangaluru,Beauty,Van,4,0.7,55.3,99.18,Normal,3.8,1.43,2.4,0,0.0,178.34,200.67,5,1,4.8
ORD100865,2025-09-12,Karnataka,Bengaluru,Home & Kitchen,Bike,7,1.21,56.7,96.84,Normal,1.4,3.02,1.9,1,1.12,193.13,258.09,5,1,5.0
ORD100866,2025-10-27,Telangana,Nizamabad,Electronics,Van,2,1.6,63.7,97.36,Rain,7.5,4.18,3.2,1,0.98,123.32,126.83,5,1,3.9
ORD100867,2025-11-02,Delhi,New Delhi,Electronics,Bike,7,1.25,85.0,95.36,Normal,6.5,3.83,4.2,0,0.0,209.0,215.28,5,1,4.4
ORD100868,2025-06-12,West Bengal,Kolkata,Grocery,Van,5,1.08,44.6,97.49,Normal,8.8,3.42,3.5,0,0.0,95.0,134.02,5,1,4.7
ORD100869,2025-01-15,Karnataka,Mysuru,Sports,Truck,7,3.88,44.7,99.69,Normal,8.5,4.26,4.9,0,0.0,149.46,205.32,76,0,5.0
ORD100870,2025-06-16,Gujarat,Ahmedabad,Fashion,Bike,5,1.14,36.5,99.25,Rain,3.8,3.76,4.5,0,0.0,155.34,192.54,5,1,4.8
ORD100871,2025-03-15,West Bengal,Kolkata,Electronics,Truck,6,0.46,163.4,96.85,Rain,9.3,5.2,7.3,0,0.0,270.29,340.59,5,1,4.4
ORD100872,2025-02-11,Gujarat,Ahmedabad,Books,Bike,8,1.6,102.8,97.48,Rain,9.3,2.51,2.9,0,0.0,274.1,335.86,5,1,5.0
ORD100873,2025-02-15,Maharashtra,Mumbai,Home & Kitchen,Van,8,7.61,60.5,95.51,Rain,7.5,5.21,6.4,0,0.0,240.28,297.75,5,1,4.0
ORD100874,2025-09-12,Tamil Nadu,Madurai,Sports,Truck,7,1.01,49.3,95.14,Heavy Rain,10.0,5.31,5.6,0,0.0,141.5,189.42,186,0,4.1
ORD100875,2025-07-04,Karnataka,Bengaluru,Beauty,Van,10,1.12,35.2,96.13,Normal,8.0,3.26,4.3,0,0.0,168.81,219.05,184,0,5.0
ORD100876,2025-07-17,West Bengal,Kolkata,Home & Kitchen,Truck,2,1.55,54.6,97.25,Rain,3.9,3.58,3.9,0,0.0,193.07999999999998,123.86,26,0,4.9
ORD100877,2025-09-29,Rajasthan,Jaipur,Fashion,Truck,4,5.49,61.0,98.03,Rain,6.6,5.54,5.0,1,0.54,156.58,204.25,5,1,3.7
ORD100878,2025-07-20,Tamil Nadu,Chennai,Home & Kitchen,Van,10,1.59,142.5,96.56,Normal,7.8,5.17,5.3,0,0.0,303.02,349.91,5,1,4.6
ORD100879,2025-08-18,Rajasthan,Jodhpur,Books,Van,9,1.04,33.7,97.47,Normal,4.6,2.61,3.6,0,0.0,210.48,248.65,82,0,5.0
ORD100880,2025-02-01,Maharashtra,Nagpur,Electronics,Bike,5,2.55,82.7,92.06,Normal,1.0,2.75,2.4,1,0.35,203.3,217.57,5,1,3.8
ORD100881,2025-11-07,Gujarat,Ahmedabad,Books,Van,6,2.43,100.2,96.93,Rain,11.5,4.5,5.3,0,0.0,247.12,293.05,5,1,4.1
ORD100882,2025-06-13,Rajasthan,Udaipur,Grocery,Bike,7,2.76,41.2,95.49,Normal,10.6,2.75,3.7,0,0.0,183.46,241.19,187,0,4.5
ORD100883,2025-02-26,Tamil Nadu,Coimbatore,Books,Truck,6,1.01,17.9,94.32,Normal,10.9,3.21,4.2,0,0.0,119.08,141.16,116,0,5.0
ORD100884,2025-10-24,Maharashtra,Mumbai,Sports,Van,10,1.4,80.7,97.37,Normal,10.9,4.61,6.0,0,0.0,204.71,229.91,5,1,4.7
ORD100885,2025-09-26,Delhi,Rohini,Home & Kitchen,Van,6,4.19,34.8,99.13,Normal,6.6,2.8,5.3,0,0.0,178.89,206.26,29,0,5.0
ORD100886,2025-01-20,Tamil Nadu,Chennai,Beauty,Truck,7,2.63,88.5,96.47,Normal,7.3,3.84,3.4,1,0.44,215.18,266.58,5,1,3.4
ORD100887,2025-03-12,Rajasthan,Jodhpur,Books,Bike,10,3.41,81.5,98.05,Normal,7.4,4.23,4.6,0,0.0,271.0,318.49,5,1,3.9
ORD100888,2025-01-06,Karnataka,Mysuru,Fashion,Truck,6,1.94,123.8,95.69,Normal,8.7,3.08,3.7,0,0.0,220.18,249.11,5,1,5.0
ORD100889,2025-04-09,Maharashtra,Pune,Electronics,Bike,3,4.0,130.4,100.11,Normal,7.7,2.16,2.4,0,0.0,257.73,301.97,5,1,3.9
ORD100890,2025-02-06,West Bengal,Kolkata,Home & Kitchen,Bike,6,2.44,20.6,93.56,Heavy Rain,6.5,3.69,5.4,0,0.0,180.95,212.52,59,0,3.9
ORD100891,2025-09-17,Telangana,Hyderabad,Home & Kitchen,Van,8,1.43,100.4,96.18,Rain,9.1,6.4,8.2,0,0.0,212.44,283.59,5,1,4.1
ORD100892,2025-07-10,Rajasthan,Udaipur,Sports,Bike,8,3.27,87.9,97.69,Normal,11.1,3.76,6.5,0,0.0,240.72,297.92,36,0,4.0
ORD100893,2025-12-24,West Bengal,Siliguri,Fashion,Van,5,1.14,86.0,96.26,Normal,6.9,4.14,4.7,0,0.0,143.72,161.45,5,1,4.2
ORD100894,2025-10-01,Telangana,Hyderabad,Grocery,Van,4,5.49,132.1,98.76,Normal,4.1,2.28,1.9,1,0.38,218.18,257.28,5,1,3.0
ORD100895,2025-08-12,Rajasthan,Jodhpur,Sports,Truck,6,3.88,36.3,92.53,Normal,8.7,5.03,5.5,0,0.0,140.99,186.31,57,0,5.0
ORD100896,2025-07-05,West Bengal,Siliguri,Home & Kitchen,Bike,8,1.66,130.8,96.03,Normal,4.9,3.65,3.5,1,0.15,249.3,321.53,5,1,3.1
ORD100897,2025-01-20,West Bengal,Kolkata,Grocery,Bike,6,1.79,100.1,95.76,Normal,5.3,3.83,5.3,0,0.0,205.13,232.56,5,1,5.0
ORD100898,2025-01-26,Telangana,Warangal,Electronics,Bike,9,2.19,17.9,95.98,Rain,9.1,3.75,5.1,0,0.0,152.61,172.07,167,0,5.0
ORD100899,2025-08-13,Delhi,Rohini,Electronics,Van,15,1.8,47.6,93.31,Normal,12.0,3.35,4.7,0,0.0,273.96,340.21,85,0,5.0
ORD100900,2025-01-02,West Bengal,Siliguri,Electronics,Bike,5,4.75,71.7,95.6,Rain,7.6,4.58,7.2,0,0.0,150.98,176.67,5,1,4.1
ORD100901,2025-01-16,Gujarat,Surat,Home & Kitchen,Bike,4,1.42,19.9,95.5,Heavy Rain,4.0,4.19,4.9,0,0.0,134.54,149.61,30,0,4.3
ORD100902,2025-03-21,Tamil Nadu,Madurai,Fashion,Truck,7,0.76,98.5,96.51,Normal,14.5,3.14,3.3,0,0.0,190.18,243.05,5,1,5.0
ORD100903,2025-11-19,Rajasthan,Jodhpur,Fashion,Truck,4,1.7,131.6,98.03,Normal,5.3,2.94,3.6,0,0.0,213.45,211.15,5,1,4.0
ORD100904,2025-06-17,Gujarat,Ahmedabad,Home & Kitchen,Truck,7,3.28,116.8,96.22,Normal,9.0,4.49,4.3,1,0.19,237.38,270.46,5,1,4.4
ORD100905,2025-09-16,Gujarat,Vadodara,Electronics,Bike,4,3.89,109.1,96.75,Heavy Rain,5.4,4.48,4.6,0,0.0,233.76,264.74,5,1,4.5
ORD100906,2025-05-31,Tamil Nadu,Chennai,Grocery,Van,3,2.17,51.1,98.23,Rain,4.0,3.34,4.0,0,0.0,123.27,140.17,98,0,5.0
ORD100907,2025-03-05,Maharashtra,Mumbai,Electronics,Bike,8,1.33,98.1,98.08,Normal,8.1,3.35,4.5,0,0.0,267.97,341.8,5,1,5.0
ORD100908,2025-05-16,Tamil Nadu,Coimbatore,Books,Van,2,1.96,177.6,91.63,Rain,4.8,3.73,3.7,1,0.03,247.45,276.94,5,1,3.7
ORD100909,2025-02-03,West Bengal,Siliguri,Sports,Van,8,1.32,28.1,97.33,Normal,8.2,3.87,3.4,1,0.47,141.57,156.62,152,0,3.5
ORD100910,2025-10-09,Delhi,Rohini,Grocery,Truck,5,0.45,25.0,97.29,Normal,5.2,3.14,4.5,0,0.0,115.9,136.49,89,0,3.8
ORD100911,2025-03-08,West Bengal,Siliguri,Beauty,Van,4,1.16,35.6,95.37,Normal,6.9,2.72,2.6,1,0.12,122.1,157.26,142,0,3.1
ORD100912,2025-05-18,Tamil Nadu,Coimbatore,Grocery,Bike,2,2.81,68.4,94.99,Normal,4.2,2.24,3.1,0,0.0,157.8,170.22,5,1,4.2
ORD100913,,West Bengal,Durgapur,Grocery,Van,2,1.69,33.7,93.75,Rain,8.6,3.56,5.3,0,0.0,104.52,86.06,34,0,4.5
ORD100914,2025-08-05,Maharashtra,Pune,Sports,Truck,3,1.65,111.5,92.26,Normal,7.0,4.31,5.7,0,0.0,180.46,223.84,5,1,4.2
ORD100915,2025-06-17,Maharashtra,Mumbai,Sports,Bike,6,4.13,73.1,97.26,Heavy Rain,7.3,3.14,4.4,0,0.0,180.05,230.02,5,1,4.7
ORD100916,2025-07-18,Delhi,Dwarka,Fashion,Truck,2,1.08,71.4,97.08,Normal,5.8,2.4,4.1,0,0.0,144.71,167.68,5,1,4.9
ORD100917,2025-10-14,Telangana,Hyderabad,Beauty,Bike,9,1.15,131.9,95.5,Normal,7.3,3.92,4.8,0,0.0,265.8,309.41,5,1,4.2
ORD100918,2025-04-03,West Bengal,Kolkata,Books,Bike,9,2.5,21.3,96.93,Normal,8.7,4.5,4.2,1,0.3,158.95,210.27,120,0,3.7
ORD100919,2025-08-21,Gujarat,Vadodara,Electronics,Truck,6,1.27,86.6,97.47,Normal,11.0,4.5,7.4,0,0.0,170.54,183.04,5,1,5.0
ORD100920,2025-11-15,Gujarat,Vadodara,Beauty,Bike,5,1.26,89.6,92.37,Normal,5.5,3.18,4.3,0,0.0,212.69,254.8,5,1,4.7
ORD100921,2025-07-28,Karnataka,Bengaluru,Grocery,Van,5,5.51,159.5,96.02,Normal,7.8,5.17,6.3,0,0.0,239.69,279.44,5,1,4.4
ORD100922,2025-06-12,Delhi,New Delhi,Grocery,Bike,2,1.0,237.5,95.11,Normal,3.9,2.28,3.1,0,0.0,302.13,351.89,5,1,4.2
ORD100923,2025-02-22,Karnataka,Bengaluru,Fashion,Van,6,1.25,26.8,96.3,Normal,1.0,4.33,3.5,1,0.83,139.87,150.12,228,0,4.4
ORD100924,2025-04-01,West Bengal,Kolkata,Home & Kitchen,Van,6,2.68,49.3,95.83,Normal,9.0,4.15,4.1,1,0.05,154.91,183.96,142,0,3.8
ORD100925,2025-12-12,Tamil Nadu,Madurai,Home & Kitchen,Truck,6,1.95,13.8,96.85,Normal,10.0,2.99,5.2,0,0.0,112.91,161.17,176,0,3.5
ORD100926,2025-07-17,West Bengal,Siliguri,Beauty,Truck,4,0.82,32.4,92.59,Normal,7.6,2.02,1.0,1,1.02,118.75,154.88,36,0,2.7
ORD100927,2025-04-20,Gujarat,Vadodara,Sports,Van,5,6.42,166.6,97.78,Rain,13.4,4.17,4.8,0,0.0,275.14,277.72,5,1,4.1
ORD100928,2025-06-02,Rajasthan,Jodhpur,Sports,Van,5,1.2,115.6,94.44,Rain,6.0,5.12,6.1,0,0.0,197.0,243.68,5,1,4.0
ORD100929,2025-07-30,Gujarat,Ahmedabad,Fashion,Bike,2,1.72,59.8,95.12,Normal,3.7,1.58,2.0,0,0.0,150.12,181.29,5,1,4.5
ORD100930,2025-07-16,Tamil Nadu,Chennai,Home & Kitchen,Van,5,2.67,67.3,92.17,Normal,10.0,3.48,6.0,0,0.0,169.77,204.19,67,0,3.5
ORD100931,2025-09-13,Tamil Nadu,Madurai,Books,Van,6,8.21,26.3,95.12,Normal,11.2,4.39,3.7,1,0.69,177.33,205.55,54,0,3.9
ORD100932,2025-04-04,Rajasthan,Udaipur,Grocery,Bike,6,1.54,29.4,95.25,Normal,10.0,2.64,2.7,0,0.0,123.35,165.97,5,1,4.0
ORD100933,2025-08-25,Maharashtra,Pune,Beauty,Truck,3,1.11,69.9,95.11,Normal,3.5,4.54,5.5,0,0.0,168.38,198.64,5,1,5.0
ORD100934,2025-06-11,West Bengal,Durgapur,Fashion,Bike,8,2.78,45.9,93.9,Normal,6.4,3.7,4.8,0,0.0,193.07999999999998,231.28,52,0,4.1
ORD100935,2025-12-10,Tamil Nadu,Madurai,Electronics,Bike,7,7.82,112.1,93.0,Normal,4.3,4.17,5.0,0,0.0,273.97,304.41,5,1,5.0
ORD100936,2025-02-27,Karnataka,Mangaluru,Books,Truck,12,2.2,126.5,96.33,Normal,14.4,4.39,5.3,0,0.0,346.96,441.36,5,1,4.5
ORD100937,2025-02-24,Karnataka,Bengaluru,Beauty,Van,7,1.67,49.0,92.02,Normal,5.3,2.91,3.0,0,0.0,161.14,191.49,27,1,4.2
ORD100938,2025-06-18,West Bengal,Durgapur,Fashion,Van,5,2.6,89.7,96.57,Rain,4.0,4.23,4.6,0,0.0,217.5,251.75,5,1,3.8
ORD100939,2025-07-05,Delhi,New Delhi,Sports,Bike,4,0.52,67.3,98.14,Rain,6.2,2.82,2.6,1,0.22,140.31,139.34,5,1,3.5
ORD100940,2025-09-10,Maharashtra,Pune,Grocery,Van,9,1.35,65.7,99.06,Rain,8.6,4.54,5.6,0,0.0,200.78,252.79,68,0,5.0
ORD100941,2025-05-28,Maharashtra,Pune,Sports,Van,6,0.61,162.6,93.09,Normal,8.8,4.69,3.9,1,0.79,299.79,352.36,5,1,3.8
ORD100942,2025-11-30,West Bengal,Kolkata,Fashion,Bike,8,1.59,22.8,96.08,Rain,7.7,5.61,5.1,1,0.51,152.34,221.37,160,0,3.4
ORD100943,2025-06-23,Karnataka,Bengaluru,Fashion,Van,4,1.44,159.5,93.97,Rain,4.9,3.5,5.0,0,0.0,218.55,265.79,5,1,4.7
ORD100944,2025-02-17,Gujarat,Surat,Sports,Bike,7,0.36,118.5,97.16,Rain,6.5,3.72,3.9,0,0.0,188.18,244.91,5,1,4.2
ORD100945,2025-02-13,Karnataka,Mysuru,Sports,Bike,9,2.26,86.7,95.64,Normal,6.9,3.93,6.8,0,0.0,238.0,257.12,5,1,4.1
ORD100946,2025-12-22,Delhi,Rohini,Sports,Bike,8,3.01,110.2,94.38,Normal,11.6,3.03,3.3,0,0.0,226.59,263.44,5,1,4.3
ORD100947,2025-02-18,Telangana,Hyderabad,Books,Bike,4,1.78,64.2,93.24,Heavy Rain,6.6,3.33,3.6,0,0.0,203.15,258.61,5,1,5.0
ORD100948,2025-12-12,Karnataka,Bengaluru,Fashion,Bike,10,0.75,47.5,94.19,Normal,10.2,3.58,5.5,0,0.0,247.75,307.03,156,0,4.5
ORD100949,2025-04-12,Gujarat,Vadodara,Home & Kitchen,Van,7,4.58,35.9,93.61,Rain,7.5,3.46,5.0,0,0.0,103.31,142.88,5,1,4.9
ORD100950,2025-02-04,Telangana,Nizamabad,Fashion,Van,5,6.91,120.7,94.76,Normal,3.0,3.74,4.3,0,0.0,288.55,350.49,5,1,4.3
ORD100951,2025-04-22,Tamil Nadu,Madurai,Sports,Bike,5,2.61,649.6,94.82,Normal,11.2,4.06,4.7,0,0.0,834.75,184.12,5,1,4.2
ORD100952,2025-08-13,West Bengal,Siliguri,Fashion,Van,7,2.0,194.3,93.75,Normal,9.1,4.8,6.4,0,0.0,343.69,400.81,5,1,5.0
ORD100953,2025-06-06,West Bengal,Siliguri,Grocery,Bike,7,1.61,113.9,93.56,Rain,8.6,4.3,5.2,0,0.0,262.54,311.61,5,1,3.9
ORD100954,2025-10-14,Rajasthan,Jodhpur,Sports,Van,7,2.67,86.7,95.82,Normal,2.5,5.12,5.5,0,0.0,249.58,286.07,5,1,4.3
ORD100955,2025-08-12,Telangana,Nizamabad,Sports,Truck,5,2.14,45.9,95.93,Normal,6.7,3.57,4.1,0,0.0,195.36,207.61,35,0,5.0
ORD100956,2025-05-27,Rajasthan,Jodhpur,Sports,Van,3,2.67,51.8,93.18,Rain,10.2,4.26,6.7,0,0.0,105.95,146.66,108,0,4.2
ORD100957,2025-08-20,Rajasthan,Udaipur,Beauty,Van,3,2.0,43.0,94.51,Rain,9.6,3.62,4.0,0,0.0,100.55,119.19,5,1,5.0
ORD100958,2025-12-21,West Bengal,Durgapur,Fashion,Bike,7,1.25,95.1,93.03,Rain,7.1,4.6,5.0,0,0.0,236.46,282.61,100,0,4.0
ORD100959,2025-05-31,Gujarat,Surat,Sports,Bike,6,1.18,62.9,99.25,Normal,10.3,1.48,2.1,0,0.0,176.05,197.36,5,1,4.8
ORD100960,2025-02-26,Tamil Nadu,Madurai,Home & Kitchen,Van,5,1.68,47.2,92.84,Normal,10.9,2.59,3.3,0,0.0,165.98,180.85,84,0,5.0
ORD100961,2025-05-30,Telangana,Warangal,Home & Kitchen,Van,6,2.73,204.3,94.96,Normal,7.0,4.43,4.5,0,0.0,307.35,350.92,5,1,4.6
ORD100962,2025-11-03,West Bengal,Kolkata,Sports,Van,6,0.73,140.6,95.28,Heavy Rain,10.5,6.35,8.5,0,0.0,266.71,304.19,5,1,4.7
ORD100963,2025-03-21,Maharashtra,Nagpur,Grocery,Truck,8,1.74,71.3,93.26,Normal,11.2,5.07,5.4,0,0.0,175.91,241.3,5,1,5.0
ORD100964,2025-12-13,Telangana,Warangal,Beauty,Bike,6,1.97,75.7,92.88,Rain,9.4,2.9,4.1,0,0.0,238.76,277.65,5,1,3.1
ORD100965,2025-08-03,Gujarat,Vadodara,Electronics,Truck,9,1.47,117.5,93.9,Normal,10.7,4.19,6.4,0,0.0,324.43,367.71,155,0,5.0
ORD100966,2025-08-08,Delhi,Dwarka,Beauty,Van,11,5.01,64.2,92.82,Rain,7.3,4.52,4.9,0,0.0,210.44,239.63,63,0,4.7
ORD100967,2025-04-26,Maharashtra,Nagpur,Sports,Bike,3,4.49,27.0,94.69,Normal,8.6,1.25,2.3,0,0.0,193.07999999999998,189.77,162,0,4.5
ORD100968,2025-12-02,Karnataka,Mysuru,Beauty,Bike,5,2.64,44.2,92.79,Normal,6.8,1.6,1.2,1,0.4,108.09,149.08,5,1,4.0
ORD100969,2025-01-14,Rajasthan,Udaipur,Fashion,Van,6,6.36,76.6,94.56,Rain,5.6,3.24,3.3,0,0.0,229.3,257.92,5,1,3.4
ORD100970,2025-04-20,Karnataka,Mangaluru,Beauty,Bike,5,3.56,76.0,90.55,Normal,11.0,2.78,3.6,0,0.0,162.92,182.63,5,1,5.0
ORD100971,2025-06-02,Karnataka,Bengaluru,Sports,Van,10,2.0,18.7,92.79,Normal,8.5,2.86,3.2,0,0.0,196.36,239.42,215,0,4.7
ORD100972,2025-06-24,Tamil Nadu,Madurai,Sports,Van,9,1.48,116.6,93.46,Normal,8.9,4.96,6.4,0,0.0,230.66,281.54,5,1,4.0
ORD100973,2025-06-23,Karnataka,Mangaluru,Fashion,Van,7,1.56,19.8,95.99,Normal,8.0,3.21,3.5,0,0.0,156.57,191.16,91,0,4.7
ORD100974,2025-02-23,Tamil Nadu,Coimbatore,Beauty,Van,3,2.58,33.0,90.83,Normal,2.5,2.35,2.8,0,0.0,111.85,143.86,5,1,4.8
ORD100975,2025-03-24,Karnataka,Mangaluru,Home & Kitchen,Van,3,1.58,123.0,95.96,Rain,5.5,3.41,3.6,0,0.0,193.07999999999998,231.49,5,1,4.2
ORD100976,2025-02-04,Gujarat,Vadodara,Fashion,Van,6,0.75,61.3,95.3,Rain,9.1,3.95,5.7,0,0.0,178.32,222.7,5,1,5.0
ORD100977,2025-07-28,Rajasthan,Jodhpur,Home & Kitchen,Truck,8,1.57,148.8,90.87,Normal,8.0,4.98,5.5,0,0.0,238.3,280.93,5,1,4.4
ORD100978,2025-05-09,Rajasthan,Jodhpur,Beauty,Bike,6,3.93,133.1,95.02,Normal,6.7,3.84,4.0,0,0.0,270.54,318.42,5,1,4.3
ORD100979,2025-07-26,Tamil Nadu,Madurai,Beauty,Truck,7,0.38,26.6,92.35,Normal,8.3,4.37,4.3,1,0.07,138.53,182.76,187,0,4.3
ORD100980,2025-08-04,Karnataka,Bengaluru,Home & Kitchen,Bike,6,5.01,54.3,95.03,Normal,10.4,2.26,2.0,1,0.26,147.41,158.74,5,1,3.4
ORD100981,2025-09-14,Telangana,Warangal,Home & Kitchen,Bike,9,2.92,46.2,95.11,Rain,4.4,3.95,5.3,0,0.0,219.94,255.88,77,0,4.2
ORD100982,2025-07-19,Gujarat,Vadodara,Electronics,Van,6,1.73,49.9,95.38,Normal,7.0,3.88,4.5,0,0.0,148.36,185.8,79,0,3.9
ORD100983,2025-08-25,Tamil Nadu,Madurai,Electronics,Bike,7,2.43,44.9,92.89,Normal,7.8,3.9,7.3,0,0.0,173.69,185.85,118,0,4.4
ORD100984,2025-08-03,Telangana,Hyderabad,Grocery,Bike,4,3.76,31.8,95.12,Rain,11.3,2.15,2.4,0,0.0,142.06,152.97,5,1,4.3
ORD100985,2025-08-27,Telangana,Hyderabad,Home & Kitchen,Bike,8,2.06,140.2,96.64,Rain,11.1,4.0,3.3,1,0.7,273.8,324.03,5,1,4.0
ORD100986,2025-08-14,Delhi,Dwarka,Electronics,Van,4,3.73,34.3,93.32,Rain,3.4,2.65,3.2,0,0.0,135.28,149.08,85,0,5.0
ORD100987,2025-04-26,Telangana,Nizamabad,Sports,Van,3,3.5,59.6,93.52,Normal,9.8,3.15,5.9,0,0.0,161.59,196.96,7,1,4.9
ORD100988,2025-03-31,Maharashtra,Pune,Home & Kitchen,Bike,8,2.26,32.5,95.07,Normal,7.7,1.99,3.0,0,0.0,167.42,214.41,117,0,4.6
ORD100989,2025-10-15,Tamil Nadu,Chennai,Sports,Van,5,0.98,78.6,88.64,Rain,2.8,4.04,4.7,0,0.0,200.63,210.46,5,1,5.0
ORD100990,2025-05-06,Delhi,New Delhi,Beauty,Bike,5,1.89,58.0,91.97,Rain,3.6,2.79,3.0,0,0.0,189.17,203.21,43,0,4.2
ORD100991,2025-07-20,West Bengal,Durgapur,Grocery,Truck,8,0.53,47.9,95.52,Normal,11.3,3.32,3.7,0,0.0,164.79,227.67,278,0,4.8
ORD100992,2025-03-13,Gujarat,Surat,Beauty,Bike,5,2.69,139.5,93.96,Normal,8.2,2.66,4.4,0,0.0,228.32,273.62,5,1,5.0
ORD100993,2025-06-07,Delhi,New Delhi,Home & Kitchen,Van,8,1.53,63.9,93.27,Normal,5.5,3.46,3.4,1,0.06,215.76,212.17,65,0,5.0
ORD100994,2025-07-13,West Bengal,Durgapur,Books,Van,4,1.35,68.1,91.94,Normal,10.5,2.64,3.4,0,0.0,196.98,242.54,6,1,4.6
ORD100995,2025-08-17,Gujarat,Surat,Books,Van,13,3.08,18.6,93.65,Normal,11.7,4.79,5.6,0,0.0,253.04,307.5,282,0,4.3
ORD100996,2025-07-12,Telangana,Hyderabad,Fashion,Truck,7,0.88,75.8,92.62,Normal,6.9,3.69,4.4,0,0.0,173.39,217.93,59,0,4.5
ORD100997,2025-05-12,Telangana,Hyderabad,Grocery,Bike,4,2.17,112.7,90.41,Normal,7.4,2.51,2.9,0,0.0,194.71,210.96,5,1,4.5
ORD100998,2025-12-18,Karnataka,Mysuru,Beauty,Van,6,1.61,39.0,95.87,Normal,5.1,2.31,1.7,1,0.61,132.47,180.09,100,0,3.5
ORD100999,2025-07-07,Gujarat,Vadodara,Sports,Van,10,1.79,57.9,92.25,Rain,13.7,5.09,6.0,0,0.0,256.58,311.33,78,0,4.5
ORD101000,2025-10-23,Karnataka,Mangaluru,Books,Van,6,2.42,1256.8,92.99,Normal,4.4,2.48,2.9,0,0.0,1400.75,320.97,5,1,5.0
ORD101001,2025-09-26,Delhi,Dwarka,Electronics,Van,1,6.59,47.2,90.24,Normal,2.9,2.29,4.1,0,0.0,103.04,71.59,130,0,3.6
ORD101002,2025-07-23,West Bengal,Kolkata,Sports,Bike,5,2.61,101.8,92.46,Heavy Rain,7.5,4.4,4.9,0,0.0,195.13,220.03,5,1,3.2
ORD101003,2025-11-20,Delhi,Rohini,Sports,Bike,2,4.87,60.5,95.21,Normal,13.5,0.7,1.4,0,0.0,119.66,118.59,5,1,3.7
ORD101004,2025-02-16,Telangana,Nizamabad,Grocery,Bike,6,4.99,1129.6,95.05,Rain,4.2,3.31,4.2,0,0.0,1292.9499999999998,293.66,5,1,4.0
ORD101005,2025-12-03,Tamil Nadu,Chennai,Electronics,Truck,5,3.32,85.4,93.39,Normal,9.2,3.33,4.5,0,0.0,208.55,233.52,5,1,3.8
ORD101006,2025-11-07,Tamil Nadu,Coimbatore,Books,Van,6,0.61,42.4,92.19,Normal,7.3,3.25,2.3,1,0.95,135.14,176.23,246,0,3.4
ORD101007,2025-07-03,Gujarat,Ahmedabad,Grocery,Bike,7,1.72,25.5,93.34,Rain,8.7,2.2,3.2,0,0.0,155.01,209.3,206,0,3.9
ORD101008,2025-09-25,Delhi,Rohini,Home & Kitchen,Van,4,0.99,177.9,94.18,Rain,9.4,2.66,1.8,1,0.86,265.2,301.44,5,1,4.1
ORD101009,2025-07-09,Maharashtra,Nagpur,Sports,Van,7,12.95,95.4,90.55,Normal,7.3,2.31,2.7,0,0.0,233.11,255.2,5,1,4.0
ORD101010,2025-04-09,Rajasthan,Jaipur,Beauty,Van,7,1.05,84.0,93.67,Heavy Rain,6.9,5.86,7.1,0,0.0,161.98,194.71,82,0,3.9
ORD101011,2025-10-19,Telangana,Nizamabad,Books,Van,4,0.76,52.3,94.57,Rain,4.8,3.86,6.4,0,0.0,124.89,140.55,129,0,3.4
ORD101012,2025-03-31,Rajasthan,Jodhpur,Grocery,Van,4,0.33,172.8,93.05,Normal,9.9,2.86,2.7,1,0.16,415.3,125.27,106,0,4.5
ORD101013,2025-04-25,Rajasthan,Jodhpur,Home & Kitchen,Bike,6,1.03,88.3,93.1,Normal,10.4,3.2,3.2,0,0.0,206.84,242.07,76,0,5.0
ORD101014,2025-07-09,Rajasthan,Jaipur,Sports,Van,4,2.18,85.8,91.8,Normal,3.9,3.77,3.0,1,0.77,167.82,215.88,5,1,4.0
ORD101015,2025-11-02,Telangana,Nizamabad,Beauty,Bike,7,4.08,101.2,93.62,Normal,8.9,1.73,1.8,0,0.0,255.5,274.4,5,1,4.6
ORD101016,2025-05-21,Delhi,Dwarka,Beauty,Van,4,1.0,149.4,95.95,Normal,9.1,0.84,3.6,0,0.0,242.94,276.91,5,1,4.9
ORD101017,2025-06-30,Maharashtra,Nagpur,Fashion,Van,7,4.31,80.6,95.56,Rain,4.0,3.11,2.4,1,0.71,240.8,262.87,30,0,4.3
ORD101018,2025-01-16,Tamil Nadu,Chennai,Electronics,Van,7,2.0,19.4,91.97,Normal,11.2,3.07,1.0,1,2.07,134.84,163.28,197,0,3.1
ORD101019,2025-02-12,Telangana,Warangal,Grocery,Truck,9,1.47,106.0,92.31,Rain,8.2,5.56,7.1,0,0.0,246.28,310.54,5,1,4.4
ORD101020,2025-01-21,Tamil Nadu,Chennai,Fashion,Bike,5,2.25,181.7,95.41,Normal,5.9,2.46,3.9,0,0.0,330.18,349.39,5,1,5.0
ORD101021,2025-01-27,Gujarat,Vadodara,Sports,Van,7,5.06,66.3,94.0,Normal,11.5,2.57,3.3,0,0.0,183.62,211.38,5,1,4.2
ORD101022,2025-11-14,West Bengal,Durgapur,Sports,Truck,5,2.08,64.0,93.94,Normal,9.8,4.33,5.1,0,0.0,183.95,216.76,39,0,4.6
ORD101023,2025-11-04,Karnataka,Mangaluru,Grocery,Van,1,0.98,60.0,89.62,Normal,2.0,1.59,3.0,0,0.0,134.67,148.65,5,0,5.0
ORD101024,2025-10-27,Tamil Nadu,Chennai,Home & Kitchen,Truck,3,2.65,73.3,94.5,Heavy Rain,8.2,5.76,7.2,0,0.0,167.07,172.61,5,1,5.0
ORD101025,2025-01-21,Karnataka,Mangaluru,Grocery,Truck,3,2.63,88.0,92.32,Normal,8.1,2.98,2.8,1,0.18,191.43,228.13,5,1,4.5
ORD101026,2025-01-29,West Bengal,Kolkata,Electronics,Truck,7,1.78,100.6,93.22,Normal,2.2,3.42,3.0,1,0.42,224.37,279.11,5,1,3.2
ORD101027,2025-04-13,West Bengal,Durgapur,Books,Truck,5,3.91,46.6,91.51,Normal,8.6,4.85,4.6,1,0.25,172.85,221.36,5,1,3.5
ORD101028,2025-07-26,Gujarat,Ahmedabad,Fashion,Van,8,0.45,48.7,95.72,Heavy Rain,6.8,4.42,4.4,1,0.02,185.3,199.25,5,1,4.6
ORD101029,2025-05-02,Tamil Nadu,Chennai,Sports,Van,10,2.54,5.9,90.97,Normal,11.6,5.02,6.4,0,0.0,139.37,175.27,254,0,4.1
ORD101030,2025-06-27,West Bengal,Durgapur,Fashion,Truck,6,2.0,19.3,96.21,Normal,5.4,4.1,5.7,0,0.0,138.32,172.35,194,0,5.0
ORD101031,2025-03-05,West Bengal,Kolkata,Home & Kitchen,Truck,4,0.79,55.7,92.73,Heavy Rain,6.8,6.03,6.4,0,0.0,102.27,135.77,5,1,5.0
ORD101032,2025-09-24,Tamil Nadu,Coimbatore,Sports,Bike,8,0.77,89.0,92.35,Normal,6.6,2.1,3.1,0,0.0,235.6,279.3,5,1,5.0
ORD101033,2025-04-25,Maharashtra,Nagpur,Beauty,Bike,8,3.85,53.2,91.03,Normal,6.7,3.05,3.7,0,0.0,208.29,238.3,78,0,5.0
ORD101034,2025-01-25,Telangana,Hyderabad,Books,Bike,8,4.32,111.9,91.66,Normal,2.8,3.17,3.1,1,0.07,284.89,331.79,5,1,3.3
ORD101035,2025-09-29,Gujarat,Vadodara,Sports,Truck,10,4.87,44.1,92.21,Normal,11.7,3.9,3.8,1,0.1,195.24,291.44,177,0,2.9
ORD101036,2025-11-26,Maharashtra,Mumbai,Beauty,Bike,6,1.28,46.0,92.79,Normal,10.2,1.41,2.2,0,0.0,160.21,198.23,101,0,4.1
ORD101037,2025-01-06,Delhi,New Delhi,Fashion,Bike,4,2.29,133.7,93.49,Normal,6.9,3.06,4.4,0,0.0,225.93,234.76,5,1,4.5
ORD101038,2025-06-09,West Bengal,Durgapur,Beauty,Van,7,2.5,87.1,92.12,Normal,8.7,4.29,5.4,0,0.0,265.79,327.03,5,1,4.0
ORD101039,2025-10-29,Maharashtra,Pune,Books,Bike,8,0.66,122.5,93.44,Normal,6.0,1.71,2.2,0,0.0,246.16,317.7,5,1,4.1
ORD101040,2025-09-15,Gujarat,Surat,Sports,Truck,4,2.23,89.8,94.57,Normal,9.4,2.9,4.9,0,0.0,166.8,213.99,5,1,4.4
ORD101041,2025-11-09,Tamil Nadu,Chennai,Home & Kitchen,Van,5,2.2,75.8,94.33,Normal,7.6,3.21,5.3,0,0.0,179.91,228.42,5,1,4.2
ORD101042,2025-06-01,Gujarat,Surat,Grocery,Bike,4,3.27,88.1,93.52,Normal,6.9,2.23,1.6,1,0.63,225.97,287.59,5,1,4.3
ORD101043,2025-05-16,Maharashtra,Mumbai,Home & Kitchen,Bike,10,1.39,29.9,93.27,Rain,12.3,4.21,3.8,1,0.41,212.5,260.37,43,0,3.9
ORD101044,2025-09-16,Karnataka,Bengaluru,Beauty,Van,10,4.54,99.2,90.44,Normal,5.8,3.23,2.6,1,0.63,1040.35,265.44,183,0,3.6
ORD101045,2025-02-26,Tamil Nadu,Madurai,Books,Van,5,2.12,27.5,92.7,Normal,2.1,3.02,4.5,0,0.0,126.96,173.09,21,0,5.0
ORD101046,2025-03-29,Tamil Nadu,Chennai,Sports,Van,5,6.12,18.9,90.34,Normal,8.6,4.41,4.9,0,0.0,141.11,151.85,193,0,5.0
ORD101047,2025-08-08,Rajasthan,Jodhpur,Fashion,Bike,4,3.27,85.9,94.1,Normal,6.3,2.74,3.5,0,0.0,219.88,268.8,5,1,4.8
ORD101048,2025-09-01,West Bengal,Durgapur,Fashion,Truck,6,2.41,135.4,92.76,Normal,4.6,5.09,6.3,0,0.0,238.41,289.67,5,1,4.2
ORD101049,2025-02-13,Gujarat,Ahmedabad,Home & Kitchen,Van,3,0.93,29.1,94.25,Normal,6.6,3.85,4.5,0,0.0,91.31,121.32,34,0,3.6
ORD101050,2025-07-05,Gujarat,Vadodara,Electronics,Van,7,0.85,82.5,94.31,Normal,8.5,4.38,4.5,0,0.0,160.07,211.78,11,1,4.3
ORD101051,2025-05-14,Tamil Nadu,Coimbatore,Fashion,Van,4,5.7,166.4,92.96,Normal,9.3,4.06,3.8,1,0.26,233.49,259.35,5,1,3.3
ORD101052,2025-07-03,Karnataka,Mangaluru,Sports,Truck,5,3.56,118.2,90.93,Rain,4.4,5.09,5.6,0,0.0,255.3,317.94,7,1,4.8
ORD101053,2025-12-16,Tamil Nadu,Coimbatore,Fashion,Van,5,1.67,91.9,88.08,Rain,5.9,4.32,5.7,0,0.0,140.84,165.37,38,0,5.0
ORD101054,2025-01-28,Maharashtra,Nagpur,Home & Kitchen,Van,6,1.54,71.2,93.07,Heavy Rain,8.0,6.7,5.9,1,0.8,223.37,260.08,5,1,3.4
ORD101055,2025-12-30,Gujarat,Vadodara,Grocery,Truck,13,2.33,87.2,91.77,Rain,12.6,4.8,5.1,0,0.0,280.26,363.21,181,0,4.2
ORD101056,2025-06-14,Tamil Nadu,Chennai,Home & Kitchen,Truck,6,0.84,77.9,93.49,Normal,9.5,3.77,2.7,1,1.07,194.84,244.78,5,1,4.2
ORD101057,2025-10-09,Rajasthan,Udaipur,Home & Kitchen,Van,2,1.49,63.8,93.28,Normal,4.6,2.8,4.3,0,0.0,154.35,161.51,5,1,4.1
ORD101058,2025-06-04,Delhi,Rohini,Sports,Van,5,3.0,33.4,93.07,Normal,8.4,4.44,3.6,1,0.84,128.17,132.96,71,0,2.9
ORD101059,2025-04-24,Tamil Nadu,Coimbatore,Electronics,Van,8,3.27,45.7,92.42,Normal,6.9,4.69,3.9,1,0.79,207.37,232.47,17,1,4.5
ORD101060,2025-10-09,Telangana,Hyderabad,Fashion,Van,5,1.59,83.2,88.96,Rain,5.9,3.6,5.1,0,0.0,157.2,198.03,5,1,3.7
ORD101061,2025-09-08,Tamil Nadu,Coimbatore,Beauty,Bike,3,5.7,128.6,94.2,Rain,6.0,2.5,2.6,0,0.0,208.5,243.98,5,1,4.4
ORD101062,2025-02-22,Rajasthan,Udaipur,Home & Kitchen,Van,10,3.97,29.9,89.63,Normal,7.4,4.22,3.3,1,0.92,216.18,256.81,57,0,3.8
ORD101063,2025-09-15,Maharashtra,Pune,Home & Kitchen,Van,16,1.22,215.5,90.71,Normal,12.6,5.78,7.0,0,0.0,448.85,535.25,5,1,4.3
ORD101064,2025-10-02,Rajasthan,Jaipur,Home & Kitchen,Bike,12,0.88,17.7,91.25,Normal,11.6,4.21,5.0,0,0.0,209.68,255.16,164,0,4.8
ORD101065,2025-05-22,Gujarat,Surat,Fashion,Truck,8,2.96,37.2,91.86,Heavy Rain,7.2,4.43,6.9,0,0.0,219.55,247.65,134,0,3.7
ORD101066,2025-12-04,Gujarat,Vadodara,Sports,Bike,3,1.5,85.5,91.22,Normal,6.7,1.61,1.2,1,0.41,158.55,194.55,5,1,4.1
ORD101067,2025-08-22,Tamil Nadu,Chennai,Fashion,Truck,8,1.33,106.0,90.77,Rain,7.0,5.93,5.7,1,0.23,279.22,315.35,5,1,3.4
ORD101068,2025-05-02,Gujarat,Surat,Fashion,Bike,8,2.0,46.2,93.19,Rain,5.7,3.87,3.9,0,0.0,189.21,228.61,72,0,4.5
ORD101069,2025-01-04,Maharashtra,Mumbai,Fashion,Bike,4,3.21,72.6,89.33,Rain,4.1,2.66,4.2,0,0.0,184.7,228.51,5,1,4.0
ORD101070,2025-09-04,Telangana,Nizamabad,Sports,Bike,5,3.37,63.7,90.95,Normal,11.5,3.51,2.4,1,1.11,192.37,219.47,5,1,3.9
ORD101071,2025-03-18,West Bengal,Siliguri,Electronics,Van,8,2.09,56.3,87.9,Normal,6.2,4.5,4.9,0,0.0,183.35,245.85,5,1,4.9
ORD101072,2025-10-04,Maharashtra,Nagpur,Sports,Van,7,0.45,36.8,89.8,Normal,9.1,4.83,5.7,0,0.0,161.69,178.08,158,0,4.4
ORD101073,2025-07-11,Karnataka,Mysuru,Home & Kitchen,Bike,8,3.74,84.2,88.81,Rain,9.2,3.9,5.6,0,0.0,195.25,217.43,33,0,4.3
ORD101074,2025-06-20,Karnataka,Bengaluru,Sports,Van,5,1.19,87.1,92.93,Normal,3.9,2.56,2.5,1,0.06,187.0,182.92,5,1,3.5
ORD101075,2025-03-01,Karnataka,Mysuru,Home & Kitchen,Van,10,2.46,71.0,91.92,Normal,9.9,3.84,4.8,0,0.0,237.73,297.58,5,1,4.5
ORD101076,2025-09-17,Gujarat,Vadodara,Electronics,Bike,2,1.86,112.1,90.1,Normal,6.7,2.86,3.0,0,0.0,189.17,181.05,5,1,5.0
ORD101077,2025-03-02,Maharashtra,Mumbai,Beauty,Bike,5,8.66,84.1,85.77,Normal,7.7,1.69,1.2,1,0.49,219.43,273.37,5,1,3.8
ORD101078,2025-06-02,Telangana,Hyderabad,Home & Kitchen,Bike,12,7.67,41.7,88.76,Normal,9.0,4.03,4.6,0,0.0,305.43,384.44,338,0,5.0
ORD101079,2025-11-02,West Bengal,Siliguri,Grocery,Bike,5,1.49,167.5,89.51,Rain,6.9,3.85,4.3,0,0.0,219.86,263.96,5,1,4.3
ORD101080,2025-12-02,Telangana,Warangal,Grocery,Bike,8,0.84,98.0,90.81,Normal,9.1,3.96,5.1,0,0.0,199.34,230.96,30,1,5.0
ORD101081,2025-12-28,Gujarat,Ahmedabad,Grocery,Van,9,0.88,57.6,92.8,Normal,6.1,2.59,5.0,0,0.0,178.64,193.7,7,1,3.4
ORD101082,2025-12-16,Karnataka,Bengaluru,Home & Kitchen,Van,7,2.4,51.8,88.82,Normal,11.3,3.29,4.4,0,0.0,180.41,220.61,75,0,4.2
ORD101083,2025-07-22,Telangana,Warangal,Grocery,Truck,4,1.42,51.2,88.96,Rain,8.3,4.31,5.0,0,0.0,119.97,149.86,5,1,4.0
ORD101084,2025-03-15,Rajasthan,Jodhpur,Home & Kitchen,Van,9,0.98,31.7,88.35,Normal,2.3,3.69,4.8,0,0.0,149.21,192.51,116,0,4.4
ORD101085,2025-11-03,Gujarat,Vadodara,Sports,Van,9,1.43,44.7,91.35,Normal,7.8,2.74,2.7,1,0.04,180.72,230.12,140,0,4.3
ORD101086,2025-10-20,Karnataka,Mangaluru,Grocery,Bike,8,2.7,77.9,87.41,Normal,13.4,4.0,5.4,0,0.0,183.03,207.96,5,1,5.0
ORD101087,2025-12-28,Tamil Nadu,Coimbatore,Beauty,Bike,5,1.91,100.0,88.12,Normal,7.9,3.07,3.1,0,0.0,209.59,238.32,5,1,4.6
ORD101088,2025-08-26,Telangana,Warangal,Books,Van,5,1.47,155.2,92.12,Normal,5.1,4.36,5.3,0,0.0,258.19,299.08,5,1,5.0
ORD101089,2025-02-21,Maharashtra,Nagpur,Beauty,Bike,3,1.6,58.3,93.99,Normal,7.8,2.56,3.0,0,0.0,103.46,156.64,48,0,4.1
ORD101090,2025-07-03,Gujarat,Vadodara,Beauty,Bike,9,1.81,82.6,91.34,Normal,3.1,2.77,3.2,0,0.0,253.2,310.88,5,1,4.3
ORD101091,2025-06-13,Karnataka,Bengaluru,Home & Kitchen,Truck,5,2.33,81.4,90.63,Heavy Rain,7.7,5.31,7.4,0,0.0,151.79,191.8,5,1,4.9
ORD101092,2025-11-04,Gujarat,Vadodara,Grocery,Bike,9,2.42,44.3,95.1,Rain,7.2,2.83,2.7,1,0.13,184.91,211.03,330,0,3.1
ORD101093,2025-05-24,West Bengal,Siliguri,Fashion,Bike,6,2.0,94.2,90.21,Normal,7.3,2.49,3.6,0,0.0,205.93,260.42,5,1,3.9
ORD101094,2025-04-30,West Bengal,Kolkata,Electronics,Truck,3,2.24,25.1,90.2,Normal,3.0,2.8,3.1,0,0.0,108.8,157.19,5,1,4.5
ORD101095,2025-01-30,Rajasthan,Udaipur,Books,Bike,6,1.59,66.3,90.14,Normal,6.2,2.32,3.8,0,0.0,139.66,149.02,161,0,4.4
ORD101096,2025-11-01,Gujarat,Ahmedabad,Electronics,Van,4,1.04,57.9,93.78,Normal,1.0,3.23,2.7,1,0.53,154.86,150.1,5,1,4.0
ORD101097,2025-10-03,Gujarat,Surat,Grocery,Bike,9,1.58,46.6,92.03,Heavy Rain,6.8,3.73,4.1,0,0.0,194.77,237.28,28,1,3.6
ORD101098,2025-01-16,Rajasthan,Jodhpur,Electronics,Van,3,4.27,87.0,91.99,Heavy Rain,6.9,6.48,6.3,1,0.18,224.5,244.07,5,1,3.7
ORD101099,2025-06-08,Karnataka,Mangaluru,Fashion,Truck,7,3.41,155.7,91.6,Normal,10.6,4.77,6.8,0,0.0,300.54,376.5,5,1,4.4
ORD101100,2025-06-25,Maharashtra,Nagpur,Books,Van,8,2.15,120.9,90.17,Normal,14.2,4.03,5.8,0,0.0,294.45,324.02,5,1,4.6
ORD101101,2025-06-21,West Bengal,Durgapur,Electronics,Van,7,1.12,80.2,90.39,Normal,5.5,3.9,3.9,0,0.0,177.79,201.25,34,0,5.0
ORD101102,2025-12-02,Tamil Nadu,Coimbatore,Grocery,Bike,11,0.83,115.2,89.21,Normal,10.2,3.72,3.3,1,0.42,241.56,276.46,98,0,3.9
ORD101103,2025-02-24,Maharashtra,Nagpur,Beauty,Van,5,1.09,184.1,90.21,Normal,6.0,3.18,3.4,0,0.0,309.03,336.1,5,1,3.9
ORD101104,2025-04-22,Rajasthan,Udaipur,Books,Van,7,2.03,42.1,91.41,Normal,6.9,2.8,4.2,0,0.0,178.86,214.36,43,0,4.7
ORD101105,2025-03-08,West Bengal,Siliguri,Home & Kitchen,Bike,5,2.06,66.0,90.52,Normal,7.2,2.73,3.7,0,0.0,214.73,219.82,5,1,3.5
ORD101106,2025-03-31,West Bengal,Siliguri,Books,Bike,8,1.32,92.8,92.31,Normal,7.6,2.16,2.5,0,0.0,254.53,346.23,5,1,4.6
ORD101107,2025-11-28,Maharashtra,Nagpur,Fashion,Van,8,3.56,97.5,91.3,Normal,12.9,3.97,5.7,0,0.0,269.91,275.81,5,1,4.8
ORD101108,2025-12-10,Maharashtra,Nagpur,Fashion,Truck,6,2.59,58.6,91.15,Normal,6.7,2.84,3.8,0,0.0,188.31,219.15,44,0,4.5
ORD101109,2025-01-17,Maharashtra,Nagpur,Fashion,Truck,9,0.36,81.2,89.22,Normal,5.3,4.6,4.5,1,0.1,200.71,257.92,5,1,4.3
ORD101110,2025-08-19,Delhi,New Delhi,Fashion,Truck,8,2.16,60.7,88.55,Normal,8.5,4.1,2.9,1,1.2,175.27,241.77,55,0,3.1
ORD101111,2025-03-26,Karnataka,Mysuru,Beauty,Van,6,3.29,68.9,88.71,Normal,4.8,3.16,5.7,0,0.0,139.89,156.9,5,1,5.0
ORD101112,2025-03-12,Delhi,New Delhi,Electronics,Van,7,2.3,19.3,92.67,Rain,6.8,3.23,3.7,0,0.0,136.9,139.52,169,0,4.0
ORD101113,2025-04-17,Gujarat,Surat,Fashion,Truck,9,2.94,155.5,87.58,Normal,11.2,3.75,2.3,1,1.45,306.64,353.88,5,1,2.4
ORD101114,2025-03-12,Delhi,Dwarka,Grocery,Bike,3,1.7,16.0,91.01,Rain,5.6,1.54,2.5,0,0.0,93.04,134.46,137,0,3.8
ORD101115,2025-06-28,Telangana,Hyderabad,Fashion,Van,6,1.93,49.3,90.99,Normal,8.6,2.53,1.7,1,0.83,164.86,164.13,5,1,5.0
ORD101116,2025-12-30,Karnataka,Mangaluru,Electronics,Bike,6,1.96,100.0,89.39,Normal,6.8,2.8,4.6,0,0.0,159.57,211.23,5,1,5.0
ORD101117,2025-08-03,West Bengal,Siliguri,Fashion,Truck,7,2.27,129.9,90.54,Normal,8.4,4.35,6.1,0,0.0,259.84,315.7,5,1,3.8
ORD101118,2025-09-21,Karnataka,Mysuru,Fashion,Truck,7,1.38,60.1,90.89,Normal,5.9,5.05,5.5,0,0.0,221.9,271.11,5,1,5.0
ORD101119,2025-06-30,Rajasthan,Udaipur,Grocery,Van,6,4.1,107.5,88.48,Normal,9.6,5.49,5.2,1,0.29,211.78,274.67,5,1,4.6
ORD101120,2025-01-06,Delhi,New Delhi,Sports,Bike,4,5.08,66.8,89.12,Normal,3.7,3.34,4.5,0,0.0,138.54,151.36,5,1,3.7
ORD101121,2025-01-31,Maharashtra,Pune,Beauty,Truck,5,1.43,86.0,90.27,Normal,4.9,3.31,5.1,0,0.0,145.22,198.2,5,1,5.0
ORD101122,2025-04-09,Tamil Nadu,Chennai,Grocery,Bike,4,0.94,51.0,90.31,Normal,6.7,0.95,1.6,0,0.0,120.8,145.29,12,1,4.3
ORD101123,2025-03-30,Gujarat,Ahmedabad,Electronics,Van,6,0.84,101.1,87.91,Normal,9.3,2.82,3.2,0,0.0,198.25,214.65,5,1,4.9
ORD101124,2025-11-03,Delhi,New Delhi,Sports,Van,4,2.62,29.0,90.46,Normal,7.2,2.24,2.3,0,0.0,129.64,147.72,5,1,5.0
ORD101125,2025-11-04,Tamil Nadu,Coimbatore,Home & Kitchen,Van,5,2.95,211.2,90.5,Rain,8.4,5.03,5.4,0,0.0,331.06,375.75,5,1,5.0
ORD101126,2025-11-08,Gujarat,Surat,Fashion,Truck,3,2.63,44.9,92.05,Normal,3.3,3.19,3.7,0,0.0,103.9,92.52,96,0,4.4
ORD101127,2025-08-21,Delhi,Rohini,Home & Kitchen,Bike,7,2.78,31.7,90.19,Normal,7.0,3.12,3.4,0,0.0,151.35,168.44,125,0,4.0
ORD101128,2025-07-23,Delhi,Dwarka,Electronics,Van,3,1.39,69.8,89.49,Heavy Rain,6.8,3.14,3.0,1,0.14,103.84,131.52,5,1,4.2
ORD101129,2025-08-25,Maharashtra,Nagpur,Books,Van,4,0.55,56.0,91.57,Normal,6.6,3.5,5.7,0,0.0,153.35,178.26,5,1,5.0
ORD101130,2025-05-29,West Bengal,Durgapur,Home & Kitchen,Bike,7,1.46,154.1,92.17,Normal,4.9,4.56,5.0,0,0.0,263.52,325.77,5,1,4.8
ORD101131,2025-09-02,Rajasthan,Jaipur,Home & Kitchen,Truck,6,5.9,190.2,87.65,Normal,5.7,4.77,5.0,0,0.0,313.97,388.09,5,1,4.5
ORD101132,2025-10-17,Delhi,New Delhi,Home & Kitchen,Bike,3,2.39,46.0,89.18,Normal,6.0,2.73,3.6,0,0.0,160.24,164.37,58,0,4.9
ORD101133,2025-10-06,Karnataka,Bengaluru,Sports,Bike,6,2.65,92.6,86.29,Rain,9.3,3.39,4.3,0,0.0,211.9,235.94,5,1,3.6
ORD101134,2025-08-13,Delhi,Dwarka,Books,Van,7,3.63,86.4,88.35,Normal,13.1,2.95,3.6,0,0.0,263.08,277.82,5,1,4.9
ORD101135,2025-01-22,West Bengal,Durgapur,Sports,Van,4,1.17,90.7,92.73,Normal,3.8,3.22,2.9,1,0.32,193.97,228.5,5,1,3.8
ORD101136,2025-09-22,Gujarat,Vadodara,Books,Truck,4,2.33,36.9,88.1,Normal,6.8,2.22,2.9,0,0.0,119.85,140.07,5,1,5.0
ORD101137,2025-05-14,Maharashtra,Mumbai,Sports,Bike,11,2.81,36.2,90.85,Normal,6.6,2.38,3.2,0,0.0,188.64,254.48,262,0,4.6
ORD101138,2025-09-29,Gujarat,Ahmedabad,Fashion,Bike,7,1.1,74.5,90.72,Normal,7.5,4.64,5.6,0,0.0,191.54,244.04,5,1,4.8
ORD101139,2025-07-16,Tamil Nadu,Madurai,Home & Kitchen,Truck,5,2.55,88.0,88.91,Normal,6.1,4.47,5.4,0,0.0,217.82,263.76,5,1,4.8
ORD101140,2025-11-18,Maharashtra,Mumbai,Home & Kitchen,Van,5,4.67,26.6,89.12,Normal,8.3,3.22,4.1,0,0.0,110.92,127.5,47,0,4.3
ORD101141,2025-05-04,West Bengal,Durgapur,Home & Kitchen,Van,7,1.55,49.6,92.43,Normal,2.7,5.12,4.9,1,0.22,159.22,209.56,108,0,3.5
ORD101142,2025-12-06,Gujarat,Ahmedabad,Grocery,Bike,6,0.66,64.4,91.6,Normal,6.3,0.81,3.8,0,0.0,150.74,182.43,5,1,5.0
ORD101143,2025-11-05,Maharashtra,Pune,Electronics,Truck,6,2.25,133.7,93.91,Heavy Rain,7.6,5.92,7.0,0,0.0,193.07999999999998,287.2,5,1,4.7
ORD101144,2025-05-01,West Bengal,Siliguri,Electronics,Van,4,1.31,113.0,85.26,Rain,7.1,3.8,5.2,0,0.0,207.25,207.79,5,1,4.7
ORD101145,2025-06-26,Telangana,Hyderabad,Grocery,Bike,9,2.27,151.9,90.8,Normal,9.2,3.08,4.3,0,0.0,304.51,364.42,5,1,5.0
ORD101146,2025-07-13,Karnataka,Mysuru,Electronics,Bike,8,1.16,69.6,85.52,Normal,8.3,2.94,3.5,0,0.0,207.72,248.72,24,1,4.8
ORD101147,2025-10-08,Karnataka,Mysuru,Electronics,Bike,3,2.1,53.5,89.72,Normal,9.4,1.77,1.6,1,0.17,98.32,115.01,5,1,4.7
ORD101148,2025-09-09,Maharashtra,Nagpur,Electronics,Bike,7,4.47,146.2,89.37,Normal,11.3,2.04,2.5,0,0.0,300.04,336.78,5,1,4.3
ORD101149,2025-11-07,Gujarat,Vadodara,Grocery,Bike,7,1.98,68.1,87.68,Normal,7.2,1.52,1.4,1,0.12,219.36,232.36,5,1,4.2
ORD101150,2025-05-16,Maharashtra,Mumbai,Electronics,Bike,7,0.69,100.6,88.63,Normal,6.2,2.34,1.7,1,0.64,212.24,251.41,5,1,4.6
ORD101151,2025-07-04,Maharashtra,Pune,Electronics,Bike,5,2.57,15.1,89.16,Normal,7.6,1.96,4.5,0,0.0,100.97,90.26,5,1,4.2
ORD101152,2025-06-07,Maharashtra,Nagpur,Home & Kitchen,Van,9,2.04,66.2,90.47,Rain,10.4,3.95,5.4,0,0.0,237.38,277.82,50,0,4.0
ORD101153,2025-11-28,Maharashtra,Mumbai,Grocery,Van,6,2.31,68.7,87.6,Rain,7.5,3.51,4.3,0,0.0,218.31,242.03,44,0,4.4
ORD101154,2025-04-22,Karnataka,Mangaluru,Home & Kitchen,Van,11,3.79,67.5,88.31,Normal,6.6,4.01,4.8,0,0.0,261.35,333.09,27,1,4.5
ORD101155,2025-08-03,West Bengal,Kolkata,Electronics,Truck,3,1.43,73.7,90.55,Normal,8.6,1.98,3.2,0,0.0,130.66,187.54,5,1,4.6
ORD101156,2025-02-13,West Bengal,Durgapur,Sports,Bike,4,1.67,143.5,90.89,Normal,7.6,2.33,2.9,0,0.0,201.93,212.28,5,1,4.9
ORD101157,2025-11-07,Karnataka,Mangaluru,Sports,Van,8,1.03,50.4,94.31,Normal,12.3,3.97,4.1,0,0.0,198.66,256.43,203,0,4.8
ORD101158,2025-05-21,Gujarat,Surat,Home & Kitchen,Truck,7,2.28,112.3,89.86,Normal,5.9,4.05,6.0,0,0.0,199.07,238.5,5,1,5.0
ORD101159,2025-05-05,West Bengal,Siliguri,Home & Kitchen,Truck,4,2.24,23.9,90.68,Normal,7.3,2.37,2.2,1,0.17,83.1,102.79,61,0,4.6
ORD101160,2025-08-01,Maharashtra,Pune,Home & Kitchen,Bike,6,1.7,26.2,89.11,Normal,8.4,3.29,5.0,0,0.0,146.5,166.2,41,0,4.2
ORD101161,2025-07-02,Rajasthan,Jaipur,Grocery,Bike,15,3.27,37.7,92.02,Heavy Rain,10.1,6.5,7.2,0,0.0,308.02,391.98,158,0,5.0
ORD101162,2025-11-06,Gujarat,Vadodara,Home & Kitchen,Van,8,1.03,44.3,87.8,Normal,5.6,5.12,6.0,0,0.0,207.49,243.02,214,0,4.5
ORD101163,2025-07-13,Delhi,Dwarka,Sports,Bike,5,2.19,111.6,89.34,Normal,7.7,3.85,4.2,0,0.0,222.56,262.23,5,1,4.9
ORD101164,2025-07-08,Maharashtra,Mumbai,Books,Bike,7,2.98,74.5,89.89,Normal,6.7,2.0,1.7,1,0.3,153.93,165.75,5,1,4.1
ORD101165,2025-02-08,Karnataka,Bengaluru,Beauty,Bike,8,1.42,19.7,90.3,Normal,8.0,2.35,2.4,0,0.0,96.1,113.22,436,0,3.5
ORD101166,2025-01-09,Maharashtra,Pune,Electronics,Van,2,0.82,79.3,91.08,Normal,5.9,2.68,3.6,0,0.0,134.5,143.64,5,1,4.1
ORD101167,2025-05-26,West Bengal,Durgapur,Sports,Truck,6,0.67,79.2,89.01,Heavy Rain,4.5,7.01,6.9,1,0.11,230.04,271.51,30,0,4.0
ORD101168,2025-12-31,Karnataka,Mangaluru,Grocery,Bike,8,2.23,4.3,90.96,Normal,7.0,1.97,1.9,1,0.07,125.05,167.59,210,0,4.4
ORD101169,2025-12-01,Delhi,New Delhi,Books,Truck,10,6.06,151.8,86.79,Normal,8.2,5.3,6.6,0,0.0,354.1,411.48,5,1,3.9
ORD101170,2025-08-18,Karnataka,Mysuru,Electronics,Van,4,1.35,40.6,89.77,Normal,6.7,2.87,3.9,0,0.0,136.72,178.56,39,0,5.0
ORD101171,2025-08-19,Delhi,Rohini,Grocery,Bike,4,2.7,111.2,85.9,Normal,7.9,1.39,1.0,1,0.39,189.14,214.31,5,1,4.4
ORD101172,2025-05-23,Maharashtra,Nagpur,Books,Van,11,0.42,96.6,88.87,Heavy Rain,9.7,4.91,6.7,0,0.0,250.81,295.99,5,1,4.0
ORD101173,2025-03-06,Karnataka,Mangaluru,Sports,Bike,5,2.57,30.9,93.76,Heavy Rain,9.2,5.05,6.9,0,0.0,96.39,132.98,40,0,4.5
ORD101174,2025-01-04,Gujarat,Ahmedabad,Beauty,Truck,8,0.99,135.0,89.72,Normal,8.3,4.7,5.2,0,0.0,275.69,342.46,5,1,5.0
ORD101175,2025-05-04,Gujarat,Ahmedabad,Beauty,Van,8,1.56,87.6,88.36,Normal,13.0,4.05,3.2,1,0.85,206.43,221.93,41,0,4.5
ORD101176,2025-04-26,Karnataka,Mysuru,Fashion,Van,7,2.12,134.4,90.13,Normal,8.7,1.61,1.0,1,0.61,279.56,347.42,5,1,3.1
ORD101177,2025-03-11,Delhi,Dwarka,Grocery,Van,9,0.68,175.4,89.1,Rain,4.9,4.24,4.4,0,0.0,307.73,356.55,5,1,4.1
ORD101178,2025-04-05,Maharashtra,Mumbai,Sports,Bike,3,15.56,36.7,87.14,Normal,6.9,3.38,5.1,0,0.0,184.04,197.11,163,0,5.0
ORD101179,2025-01-10,West Bengal,Kolkata,Beauty,Truck,6,1.36,83.6,85.83,Normal,15.2,2.83,3.7,0,0.0,141.04,169.79,5,1,3.9
ORD101180,2025-08-10,Telangana,Hyderabad,Home & Kitchen,Truck,10,2.99,24.1,89.11,Normal,5.5,4.93,4.5,1,0.43,201.55,245.89,286,0,4.2
ORD101181,2025-12-05,Maharashtra,Pune,Electronics,Van,5,5.31,133.6,88.76,Normal,8.6,3.11,5.1,0,0.0,263.89,274.07,5,1,4.5
ORD101182,2025-09-10,Karnataka,Mangaluru,Beauty,Van,3,2.44,19.1,88.63,Rain,12.0,2.31,3.0,0,0.0,134.04,152.64,13,0,4.4
ORD101183,2025-06-13,Tamil Nadu,Chennai,Books,Bike,5,0.91,29.0,90.59,Rain,3.8,2.39,3.8,0,0.0,106.43,120.25,83,0,3.2
ORD101184,2025-06-03,Maharashtra,Mumbai,Electronics,Bike,5,2.15,48.1,91.56,Rain,11.0,4.46,4.9,0,0.0,159.14,180.07,33,0,5.0
ORD101185,2025-04-23,West Bengal,Kolkata,Fashion,Bike,3,0.61,68.3,90.38,Normal,10.1,3.12,2.1,1,1.02,149.23,184.03,5,1,3.4
ORD101186,2025-02-21,Karnataka,Mangaluru,Sports,Van,4,1.62,114.3,88.45,Normal,5.9,2.99,2.1,1,0.89,168.59,204.92,5,1,3.5
ORD101187,2025-08-07,Rajasthan,Udaipur,Beauty,Van,8,5.99,20.8,89.28,Rain,3.9,6.12,6.1,1,0.02,168.05,202.25,451,0,4.2
ORD101188,2025-07-26,Delhi,Dwarka,Home & Kitchen,Truck,6,0.8,82.7,91.02,Normal,8.8,2.34,3.3,0,0.0,160.3,231.5,5,1,4.5
ORD101189,2025-01-03,Karnataka,Bengaluru,Fashion,Bike,9,1.18,46.3,90.6,Normal,8.1,2.36,3.4,0,0.0,165.9,189.65,54,0,4.5
ORD101190,2025-06-01,West Bengal,Kolkata,Fashion,Bike,4,6.72,66.6,90.04,Rain,6.8,4.74,7.1,0,0.0,173.33,198.07,5,1,4.4
ORD101191,2025-04-12,Delhi,Rohini,Electronics,Bike,8,1.8,148.7,88.11,Normal,9.7,3.04,3.7,0,0.0,264.86,333.51,5,1,4.2
ORD101192,2025-03-04,West Bengal,Durgapur,Grocery,Truck,5,1.13,73.7,90.95,Normal,7.0,3.33,3.9,0,0.0,170.8,230.26,5,1,4.2
ORD101193,2025-09-14,Tamil Nadu,Chennai,Beauty,Van,6,2.59,95.9,91.49,Normal,3.5,3.21,3.0,1,0.21,228.01,241.07,5,1,4.3
ORD101194,2025-07-11,Telangana,Nizamabad,Grocery,Van,4,1.48,14.6,90.53,Normal,6.3,2.07,3.6,0,0.0,119.82,126.31,75,0,4.0
ORD101195,2025-08-20,Karnataka,Mysuru,Beauty,Van,7,0.34,40.5,94.33,Rain,8.5,4.38,6.4,0,0.0,179.01,228.69,127,0,4.1
ORD101196,2025-09-18,Maharashtra,Pune,Electronics,Van,6,0.83,68.6,90.36,Normal,8.5,2.58,2.7,0,0.0,170.09,195.08,5,1,4.5
ORD101197,2025-12-25,West Bengal,Durgapur,Home & Kitchen,Bike,5,7.67,24.8,91.06,Normal,10.9,5.0,5.6,0,0.0,147.87,171.47,161,0,4.8
ORD101198,2025-10-21,West Bengal,Kolkata,Electronics,Bike,9,2.49,18.2,90.13,Normal,3.7,2.15,3.2,0,0.0,143.21,173.88,285,0,4.1
ORD101199,2025-08-15,Karnataka,Mangaluru,Electronics,Bike,8,5.21,41.3,88.73,Normal,11.0,4.13,4.1,1,0.03,216.38,252.92,69,0,3.5
ORD101200,2025-11-17,Gujarat,Vadodara,Grocery,Bike,2,1.03,68.5,86.83,Rain,4.9,2.93,2.0,1,0.93,154.15,118.26,5,1,3.7
ORD101201,2025-06-24,Maharashtra,Mumbai,Electronics,Van,4,1.94,110.0,87.54,Normal,7.2,2.65,3.5,0,0.0,229.49,252.74,5,1,4.0
ORD101202,2025-12-26,Delhi,Rohini,Grocery,Bike,5,1.8,110.4,87.54,Normal,9.2,2.3,3.5,0,0.0,217.64,249.8,5,1,4.4
ORD101203,2025-10-05,Delhi,New Delhi,Home & Kitchen,Van,5,1.41,62.8,86.72,Normal,5.1,3.57,3.4,1,0.17,150.75,171.39,5,1,2.7
ORD101204,2025-08-26,West Bengal,Durgapur,Electronics,Van,5,2.31,74.3,88.36,Normal,6.1,3.89,4.6,0,0.0,151.13,181.66,5,1,5.0
ORD101205,2025-11-26,West Bengal,Siliguri,Electronics,Van,5,0.98,22.3,88.87,Rain,8.3,2.47,5.0,0,0.0,88.06,90.77,176,0,4.5
ORD101206,2025-07-08,Karnataka,Bengaluru,Beauty,Truck,6,4.42,199.8,90.99,Normal,6.2,4.51,6.2,0,0.0,272.08,332.1,5,1,3.5
ORD101207,2025-09-21,Delhi,Rohini,Grocery,Bike,7,2.73,159.7,86.66,Normal,8.7,1.66,2.8,0,0.0,311.43,383.32,5,1,4.2
ORD101208,2025-04-14,Karnataka,Bengaluru,Books,Van,3,1.8,86.4,90.41,Normal,3.6,3.26,3.5,0,0.0,172.54,214.28,5,1,4.5
ORD101209,2025-12-18,Telangana,Nizamabad,Electronics,Bike,4,2.2,56.5,89.27,Normal,9.7,3.37,4.6,0,0.0,207.18,240.51,134,0,4.4
ORD101210,2025-08-16,Gujarat,Surat,Beauty,Van,11,1.65,130.9,89.45,Normal,11.0,2.89,2.1,1,0.79,297.42,361.05,15,1,3.1
ORD101211,2025-10-13,Telangana,Hyderabad,Books,Van,9,0.66,202.1,88.58,Normal,6.4,2.81,3.4,0,0.0,340.06,389.62,5,1,5.0
ORD101212,2025-06-18,Rajasthan,Udaipur,Home & Kitchen,Bike,8,1.06,94.0,92.51,Rain,10.7,4.42,4.6,0,0.0,235.18,271.03,5,1,5.0
ORD101213,2025-11-13,Telangana,Hyderabad,Electronics,Bike,12,1.79,111.3,87.31,Normal,10.5,3.88,5.3,0,0.0,309.54,383.86,112,0,3.8
ORD101214,2025-01-28,Gujarat,Vadodara,Electronics,Van,7,1.6,47.5,87.7,Normal,5.3,3.06,1.8,1,1.26,156.04,187.56,238,0,4.0
ORD101215,2025-02-11,Gujarat,Vadodara,Electronics,Van,7,3.07,26.1,88.9,Heavy Rain,9.6,5.29,8.2,0,0.0,159.63,222.46,166,0,4.0
ORD101216,2025-07-05,Telangana,Hyderabad,Sports,Van,7,2.9,64.3,89.39,Normal,9.6,3.46,3.8,0,0.0,215.31,224.81,24,1,3.7
ORD101217,2025-09-25,Gujarat,Surat,Fashion,Van,8,1.4,101.4,89.06,Normal,4.0,3.48,5.6,0,0.0,274.79,315.82,5,1,4.0
ORD101218,2025-10-23,Rajasthan,Jodhpur,Beauty,Van,9,1.08,21.7,88.55,Rain,2.2,3.87,5.2,0,0.0,146.68,176.86,159,0,4.9
ORD101219,2025-06-10,Tamil Nadu,Coimbatore,Grocery,Van,5,3.29,192.0,89.57,Normal,6.2,2.73,3.7,0,0.0,300.37,355.04,5,1,3.9
ORD101220,2025-08-26,Delhi,Dwarka,Fashion,Bike,7,2.28,96.8,89.69,Rain,5.9,3.9,4.8,0,0.0,225.8,280.25,5,1,4.6
ORD101221,2025-07-21,Tamil Nadu,Chennai,Grocery,Van,6,1.34,110.8,88.53,Normal,8.9,3.54,4.3,0,0.0,212.71,230.69,5,1,3.7
ORD101222,2025-12-17,Gujarat,Surat,Electronics,Van,7,0.96,14.5,91.88,Normal,5.9,2.59,2.9,0,0.0,163.34,172.95,215,0,4.9
ORD101223,2025-08-27,Karnataka,Bengaluru,Fashion,Truck,5,1.3,49.9,89.36,Normal,5.4,2.47,3.5,0,0.0,206.56,228.94,23,0,4.3
ORD101224,2025-06-02,Gujarat,Vadodara,Electronics,Van,6,2.6,74.6,88.05,Normal,12.0,4.24,4.8,0,0.0,201.33,242.52,52,0,4.7
ORD101225,2025-12-20,Gujarat,Vadodara,Home & Kitchen,Van,6,6.03,30.3,90.77,Normal,11.0,4.4,5.6,0,0.0,149.42,183.61,42,0,3.8
ORD101226,2025-02-09,Rajasthan,Jaipur,Home & Kitchen,Truck,7,1.75,240.7,84.86,Rain,3.9,7.19,8.3,0,0.0,321.64,362.06,5,1,5.0
ORD101227,2025-12-26,Maharashtra,Nagpur,Grocery,Truck,4,1.17,153.3,86.47,Normal,10.0,3.96,4.3,0,0.0,233.23,280.03,5,1,5.0
ORD101228,2025-02-26,Telangana,Nizamabad,Grocery,Bike,6,8.18,77.2,88.12,Normal,12.0,1.92,2.2,0,0.0,248.92,284.56,5,1,3.1
ORD101229,2025-04-16,Telangana,Hyderabad,Grocery,Truck,9,1.58,120.1,86.35,Normal,8.0,5.22,6.2,0,0.0,260.59,318.12,5,1,5.0
ORD101230,2025-10-27,Rajasthan,Udaipur,Electronics,Van,5,1.2,56.7,89.9,Normal,6.0,3.43,4.5,0,0.0,161.95,197.58,5,1,4.6
ORD101231,2025-09-25,Rajasthan,Udaipur,Sports,Truck,5,1.55,137.6,89.82,Normal,2.3,3.68,3.9,0,0.0,283.1,331.02,5,1,4.8
ORD101232,2025-12-21,Delhi,New Delhi,Electronics,Bike,4,1.5,64.6,91.36,Normal,3.3,2.63,2.4,1,0.23,168.83,193.8,5,1,4.1
ORD101233,2025-10-01,Delhi,Dwarka,Books,Van,5,4.6,184.5,87.37,Normal,7.1,2.81,3.7,0,0.0,296.99,356.63,5,1,5.0
ORD101234,2025-08-21,Maharashtra,Nagpur,Grocery,Truck,6,0.68,45.2,89.41,Normal,6.1,3.79,4.8,0,0.0,120.05,180.4,51,0,4.2
ORD101235,2025-05-07,Rajasthan,Jodhpur,Beauty,Bike,6,2.96,25.2,90.68,Rain,6.7,4.47,5.3,0,0.0,167.34,188.21,169,0,3.7
ORD101236,2025-01-02,Maharashtra,Mumbai,Fashion,Truck,8,2.0,69.3,88.66,Normal,9.0,4.32,4.9,0,0.0,221.79,269.15,19,1,4.1
ORD101237,2025-02-15,Telangana,Warangal,Grocery,Van,5,1.4,42.2,90.12,Normal,11.4,2.09,3.5,0,0.0,193.07999999999998,198.57,47,0,4.1
ORD101238,2025-04-19,Gujarat,Surat,Grocery,Bike,10,1.62,94.5,88.15,Normal,7.3,3.33,3.2,1,0.13,222.36,270.87,17,1,3.9
ORD101239,2025-01-15,Karnataka,Mangaluru,Electronics,Truck,8,1.71,36.7,90.69,Rain,6.6,4.97,4.9,1,0.07,174.48,229.33,19,1,3.9
ORD101240,2025-07-05,Maharashtra,Pune,Books,Van,4,2.13,241.1,86.93,Normal,6.4,3.07,3.3,0,0.0,338.26,385.13,5,1,4.2
ORD101241,2025-10-11,Maharashtra,Pune,Electronics,Truck,7,1.5,24.3,85.5,Normal,7.0,3.37,4.0,0,0.0,193.07999999999998,164.21,139,0,4.1
ORD101242,2025-12-18,Gujarat,Vadodara,Beauty,Truck,3,1.93,97.3,87.59,Normal,10.6,4.47,4.6,0,0.0,177.36,219.1,5,1,4.9
ORD101243,2025-06-28,Tamil Nadu,Coimbatore,Grocery,Bike,6,1.21,55.9,88.1,Rain,6.8,4.38,4.5,0,0.0,193.92,223.37,40,0,3.9
ORD101244,2025-11-16,West Bengal,Siliguri,Books,Bike,5,2.0,168.2,89.03,Rain,10.1,3.68,5.2,0,0.0,284.51,338.15,5,1,4.9
ORD101245,2025-12-26,Telangana,Nizamabad,Fashion,Bike,6,3.88,58.3,89.04,Normal,14.1,1.3,1.9,0,0.0,210.21,251.89,46,0,4.5
ORD101246,2025-11-10,Maharashtra,Nagpur,Home & Kitchen,Van,6,2.77,57.9,86.94,Normal,11.8,4.5,5.9,0,0.0,177.93,243.66,65,0,4.2
ORD101247,2025-06-19,Gujarat,Ahmedabad,Fashion,Bike,5,1.51,54.5,86.41,Normal,6.5,3.78,4.5,0,0.0,157.5,156.49,14,1,3.9
ORD101248,2025-04-29,Maharashtra,Nagpur,Home & Kitchen,Van,6,3.43,99.4,91.12,Heavy Rain,6.4,6.82,6.9,0,0.0,193.07999999999998,290.82,5,1,5.0
ORD101249,2025-12-23,Maharashtra,Nagpur,Beauty,Truck,5,2.45,53.8,87.93,Normal,4.7,3.04,4.7,0,0.0,142.51,192.61,5,1,3.5
ORD101250,2025-03-30,West Bengal,Kolkata,Fashion,Bike,10,2.18,48.3,87.31,Heavy Rain,9.1,5.93,6.3,0,0.0,180.55,259.76,181,0,4.7
ORD101251,2025-05-31,Tamil Nadu,Coimbatore,Books,Van,6,1.42,23.7,88.72,Normal,3.4,2.07,3.1,0,0.0,130.68,149.8,198,0,4.4
ORD101252,2025-01-28,Tamil Nadu,Coimbatore,Home & Kitchen,Van,7,2.41,38.8,86.39,Rain,13.4,5.14,6.5,0,0.0,177.32,211.64,5,1,4.4
ORD101253,2025-10-17,Telangana,Warangal,Home & Kitchen,Bike,8,6.02,117.8,86.83,Heavy Rain,7.2,5.37,5.9,0,0.0,284.77,324.0,5,1,3.8
ORD101254,2025-08-26,Tamil Nadu,Madurai,Fashion,Bike,3,2.12,42.6,89.53,Normal,6.5,1.66,2.1,0,0.0,131.02,174.79,5,1,4.1
ORD101255,2025-01-31,Karnataka,Mangaluru,Electronics,Bike,3,1.7,79.8,86.27,Normal,7.0,2.17,2.2,0,0.0,137.55,147.58,5,1,5.0
ORD101256,2025-03-23,Maharashtra,Mumbai,Home & Kitchen,Van,4,2.15,15.8,85.69,Normal,3.7,2.42,3.2,0,0.0,121.72,132.27,28,0,5.0
ORD101257,2025-07-22,Maharashtra,Pune,Fashion,Bike,4,2.07,114.4,87.43,Normal,9.2,3.14,3.1,1,0.04,200.44,208.34,5,1,4.5
ORD101258,2025-07-17,Rajasthan,Udaipur,Fashion,Truck,4,1.41,273.3,88.52,Normal,7.8,4.31,4.8,0,0.0,388.56,403.43,5,1,4.9
ORD101259,2025-10-20,Maharashtra,Pune,Home & Kitchen,Truck,5,1.24,29.4,90.51,Heavy Rain,6.3,7.48,7.9,0,0.0,151.98,183.61,81,0,4.6
ORD101260,2025-04-08,Rajasthan,Udaipur,Beauty,Bike,8,3.37,35.6,88.64,Rain,9.2,4.39,4.6,0,0.0,196.33,231.07,70,0,5.0
ORD101261,2025-12-04,Karnataka,Mysuru,Sports,Truck,6,4.41,59.5,88.94,Normal,7.5,3.38,4.3,0,0.0,183.25,218.93,5,1,4.6
ORD101262,2025-06-12,West Bengal,Siliguri,Beauty,Truck,12,8.78,18.5,86.16,Rain,10.3,4.69,6.4,0,0.0,193.07999999999998,303.35,116,0,5.0
ORD101263,2025-10-28,Maharashtra,Nagpur,Home & Kitchen,Bike,7,2.71,31.8,88.32,Rain,6.2,3.46,4.9,0,0.0,158.45,201.8,59,0,5.0
ORD101264,2025-03-29,West Bengal,Kolkata,Electronics,Truck,10,2.17,110.1,85.96,Normal,9.1,4.71,3.7,1,1.01,278.41,329.32,5,1,4.1
ORD101265,2025-01-14,Gujarat,Vadodara,Electronics,Bike,7,3.62,70.7,89.61,Rain,9.0,3.33,4.1,0,0.0,230.54,267.96,5,1,4.9
ORD101266,2025-01-21,Tamil Nadu,Chennai,Beauty,Van,4,1.12,70.9,88.15,Normal,4.5,2.45,5.1,0,0.0,119.85,142.61,5,1,4.5
ORD101267,2025-05-17,Karnataka,Mangaluru,Grocery,Bike,7,3.06,15.8,87.84,Normal,8.6,1.5,2.3,0,0.0,138.31,168.26,67,0,5.0
ORD101268,2025-12-14,Delhi,Rohini,Electronics,Truck,9,3.96,23.9,88.84,Rain,3.9,5.16,5.6,0,0.0,218.65,287.93,60,0,4.2
ORD101269,2025-01-18,Delhi,New Delhi,Home & Kitchen,Truck,8,3.92,50.5,87.03,Normal,11.4,4.94,6.8,0,0.0,186.28,238.53,143,0,4.9
ORD101270,2025-05-15,Rajasthan,Jaipur,Home & Kitchen,Truck,10,5.95,152.7,87.03,Normal,6.2,4.95,5.6,0,0.0,311.64,393.51,5,1,4.6
ORD101271,2025-02-09,Rajasthan,Jodhpur,Home & Kitchen,Truck,7,1.36,48.7,86.18,Normal,3.4,4.42,6.2,0,0.0,199.44,238.2,94,0,4.1
ORD101272,2025-12-07,Delhi,New Delhi,Sports,Bike,2,1.46,81.5,91.08,Normal,4.7,0.7,1.2,0,0.0,157.0,157.72,5,1,4.7
ORD101273,2025-09-04,Gujarat,Surat,Home & Kitchen,Van,6,1.75,42.5,87.45,Normal,7.9,2.67,3.7,0,0.0,162.52,207.7,121,0,3.0
ORD101274,2025-10-06,Gujarat,Ahmedabad,Electronics,Bike,11,0.98,70.3,87.28,Normal,8.3,4.74,4.9,0,0.0,254.42,317.82,120,0,5.0
ORD101275,2025-09-18,Tamil Nadu,Chennai,Fashion,Bike,6,2.86,198.4,89.09,Normal,9.6,4.37,6.0,0,0.0,193.07999999999998,344.78,5,1,5.0
ORD101276,2025-08-28,Telangana,Warangal,Electronics,Bike,6,3.12,90.5,87.85,Normal,7.0,3.54,4.2,0,0.0,211.0,243.14,5,1,4.2
ORD101277,2025-10-10,West Bengal,Siliguri,Electronics,Truck,5,2.9,58.7,83.64,Normal,6.7,2.98,3.8,0,0.0,169.05,212.3,18,1,4.3
ORD101278,2025-01-03,Telangana,Hyderabad,Fashion,Van,8,2.22,105.6,91.45,Normal,7.8,3.32,4.9,0,0.0,235.39,285.49,5,1,4.4
ORD101279,2025-11-12,Rajasthan,Jaipur,Home & Kitchen,Bike,4,3.87,103.7,86.93,Normal,11.2,2.99,4.1,0,0.0,194.51,221.06,5,1,5.0
ORD101280,2025-09-28,West Bengal,Kolkata,Electronics,Truck,2,2.93,96.8,86.27,Normal,5.1,4.38,4.9,0,0.0,145.12,156.32,5,1,5.0
ORD101281,2025-09-27,Gujarat,Ahmedabad,Beauty,Truck,6,1.36,49.5,87.48,Rain,13.7,4.98,4.4,1,0.58,148.99,215.59,38,0,4.6
ORD101282,2025-05-24,Rajasthan,Jaipur,Beauty,Bike,5,0.3,20.6,86.83,Rain,11.9,3.38,4.0,0,0.0,105.24,127.59,43,0,5.0
ORD101283,2025-10-20,Maharashtra,Mumbai,Electronics,Van,6,1.62,64.1,86.85,Normal,4.5,3.88,4.3,0,0.0,130.11,179.05,32,0,4.7
ORD101284,2025-05-20,Tamil Nadu,Coimbatore,Books,Van,6,2.07,32.4,87.95,Normal,9.8,2.29,3.0,0,0.0,164.21,155.35,137,0,3.4
ORD101285,2025-01-18,Rajasthan,Jaipur,Home & Kitchen,Van,7,2.08,29.2,84.38,Normal,6.3,4.11,4.6,0,0.0,164.85,177.83,114,0,4.4
ORD101286,2025-11-28,Rajasthan,Udaipur,Sports,Van,9,1.79,80.5,89.04,Normal,8.9,5.04,6.9,0,0.0,266.4,328.61,5,1,5.0
ORD101287,2025-03-27,West Bengal,Durgapur,Sports,Van,5,1.42,68.7,89.42,Normal,3.1,4.57,5.8,0,0.0,135.12,160.58,5,1,5.0
ORD101288,2025-02-07,Karnataka,Mangaluru,Fashion,Bike,2,1.16,105.5,84.65,Normal,5.8,1.25,1.6,0,0.0,140.26,176.73,5,1,4.4
ORD101289,2025-08-15,Telangana,Warangal,Home & Kitchen,Van,8,1.03,95.9,88.5,Heavy Rain,15.1,7.16,8.5,0,0.0,251.15,285.8,5,1,3.5
ORD101290,2025-03-27,Maharashtra,Pune,Books,Bike,3,2.67,103.8,86.13,Normal,4.6,4.01,6.0,0,0.0,154.05,176.52,5,1,5.0
ORD101291,2025-11-10,Karnataka,Mysuru,Fashion,Bike,10,4.09,250.3,86.87,Normal,11.1,3.14,3.3,0,0.0,414.08,472.71,5,1,4.0
ORD101292,2025-06-11,West Bengal,Siliguri,Electronics,Bike,11,0.89,49.8,88.28,Normal,9.5,2.47,3.0,0,0.0,213.06,277.71,104,0,4.0
ORD101293,2025-01-02,West Bengal,Kolkata,Beauty,Van,4,1.94,92.3,89.2,Normal,5.5,4.4,4.5,0,0.0,219.62,241.71,5,1,5.0
ORD101294,2025-12-14,Tamil Nadu,Madurai,Fashion,Van,5,3.36,79.1,88.22,Rain,10.4,3.71,4.7,0,0.0,187.28,229.24,5,1,4.6
ORD101295,2025-07-07,Delhi,New Delhi,Books,Van,6,1.78,15.0,85.12,Heavy Rain,6.4,4.21,6.8,0,0.0,129.6,178.02,215,0,5.0
ORD101296,2025-04-06,Delhi,New Delhi,Grocery,Bike,6,3.21,63.1,87.72,Normal,7.6,2.97,4.7,0,0.0,190.06,218.61,5,1,3.7
ORD101297,2025-09-05,Telangana,Nizamabad,Sports,Truck,8,4.06,29.7,88.48,Rain,9.1,4.26,4.7,0,0.0,159.97,202.14,126,0,4.5
ORD101298,2025-07-13,Karnataka,Mangaluru,Grocery,Bike,5,2.6,117.3,86.2,Rain,10.4,3.43,4.7,0,0.0,207.96,234.3,5,1,3.6
ORD101299,2025-01-11,Maharashtra,Mumbai,Grocery,Van,5,1.46,47.4,86.06,Normal,6.2,1.59,3.4,0,0.0,120.53,176.0,27,0,5.0
ORD101300,2025-10-05,West Bengal,Durgapur,Beauty,Bike,8,4.73,38.6,87.44,Rain,14.3,4.55,3.8,1,0.75,209.86,244.88,81,0,4.3
ORD101301,2025-05-27,Maharashtra,Pune,Sports,Van,5,1.69,148.7,88.59,Normal,2.7,4.23,4.0,1,0.23,262.8,297.12,5,1,3.4
ORD101302,2025-09-13,Karnataka,Bengaluru,Sports,Van,6,1.69,85.5,86.53,Normal,6.1,3.41,4.9,0,0.0,176.35,193.92,5,1,4.4
ORD101303,2025-11-23,Maharashtra,Pune,Books,Van,8,2.81,98.3,87.97,Rain,11.5,4.29,3.7,1,0.59,233.37,268.84,5,1,4.2
ORD101304,2025-08-11,West Bengal,Siliguri,Books,Truck,4,1.66,81.0,85.26,Normal,5.4,3.55,4.3,0,0.0,173.02,200.13,5,1,4.0
ORD101305,2025-09-03,West Bengal,Durgapur,Beauty,Van,7,1.74,31.8,88.01,Rain,8.3,4.01,5.4,0,0.0,124.11,172.36,127,0,3.6
ORD101306,2025-04-03,Delhi,Dwarka,Home & Kitchen,Van,5,1.58,23.2,84.23,Normal,4.8,2.73,3.7,0,0.0,139.05,157.35,128,0,4.5
ORD101307,2025-03-28,Delhi,Rohini,Sports,Van,5,1.79,97.9,88.06,Normal,3.7,3.66,4.3,0,0.0,171.07,197.43,5,1,4.9
ORD101308,2025-06-01,Rajasthan,Jaipur,Electronics,Truck,6,2.29,139.4,89.08,Rain,6.3,4.16,6.1,0,0.0,209.69,269.89,5,1,4.0
ORD101309,2025-11-08,Gujarat,Surat,Home & Kitchen,Truck,4,0.56,58.2,87.18,Rain,8.6,5.58,7.0,0,0.0,142.82,174.23,43,0,5.0
ORD101310,2025-07-11,Tamil Nadu,Chennai,Fashion,Van,7,1.89,142.0,88.48,Normal,6.4,3.99,6.7,0,0.0,279.4,308.15,5,1,4.7
ORD101311,2025-05-08,West Bengal,Siliguri,Beauty,Van,4,0.64,58.8,87.91,Normal,6.5,4.7,4.4,1,0.3,164.82,211.16,5,1,4.6
ORD101312,2025-10-12,Tamil Nadu,Chennai,Beauty,Truck,3,2.0,51.3,84.98,Rain,5.2,4.13,4.4,0,0.0,139.77,157.65,5,1,3.9
ORD101313,2025-11-08,West Bengal,Siliguri,Home & Kitchen,Truck,5,2.51,76.6,85.32,Normal,9.0,4.21,4.9,0,0.0,164.51,205.96,5,1,3.9
ORD101314,2025-11-26,Karnataka,Mysuru,Electronics,Bike,4,1.63,36.7,86.79,Normal,2.8,2.68,4.6,0,0.0,173.02,200.15,153,0,4.1
ORD101315,2025-04-20,Karnataka,Bengaluru,Home & Kitchen,Truck,4,3.18,109.4,87.16,Normal,6.7,2.92,4.3,0,0.0,205.99,210.07,5,1,5.0
ORD101316,2025-09-17,Karnataka,Mangaluru,Fashion,Van,8,2.52,147.0,86.01,Normal,7.5,3.05,3.4,0,0.0,261.33,306.07,5,1,4.5
ORD101317,2025-08-04,Maharashtra,Mumbai,Electronics,Van,11,0.5,32.2,85.22,Normal,6.9,3.66,3.5,1,0.16,224.52,263.54,194,0,3.8
ORD101318,2025-06-13,Delhi,New Delhi,Grocery,Van,6,4.39,49.2,82.26,Rain,10.9,3.41,3.1,1,0.31,185.13,197.22,124,0,4.7
ORD101319,2025-05-25,Gujarat,Surat,Home & Kitchen,Bike,10,2.37,146.7,90.41,Rain,4.7,5.41,7.7,0,0.0,358.19,413.98,5,1,3.8
ORD101320,2025-02-11,Telangana,Nizamabad,Fashion,Truck,8,1.39,41.9,90.46,Normal,9.1,4.09,4.8,0,0.0,217.13,263.89,5,1,4.6
ORD101321,2025-04-11,Delhi,Dwarka,Home & Kitchen,Van,2,1.48,40.6,85.86,Normal,7.3,3.52,4.4,0,0.0,95.78,116.73,146,0,4.4
ORD101322,2025-07-20,Tamil Nadu,Coimbatore,Beauty,Bike,4,0.52,180.7,84.78,Normal,5.7,0.98,1.0,0,0.0,227.0,266.34,5,1,5.0
ORD101323,2025-11-20,West Bengal,Durgapur,Books,Van,5,2.0,203.8,89.98,Normal,12.1,5.26,6.0,0,0.0,288.89,332.62,5,1,5.0
ORD101324,2025-11-13,Telangana,Hyderabad,Electronics,Bike,7,3.07,82.0,83.54,Normal,9.1,2.94,2.9,1,0.04,155.92,217.77,5,1,3.7
ORD101325,2025-03-10,Tamil Nadu,Chennai,Fashion,Van,6,1.29,77.6,89.2,Normal,5.7,3.84,4.7,0,0.0,188.7,216.75,46,0,5.0
ORD101326,2025-09-05,Maharashtra,Mumbai,Grocery,Van,7,1.12,207.9,88.49,Normal,9.4,4.7,5.1,0,0.0,347.22,374.98,5,1,4.6
ORD101327,2025-01-31,Karnataka,Bengaluru,Electronics,Van,4,2.21,151.7,86.7,Heavy Rain,5.7,4.38,4.4,0,0.0,239.88,261.88,5,1,4.8
ORD101328,2025-09-04,Rajasthan,Udaipur,Books,Bike,4,4.38,212.1,89.83,Rain,6.2,5.44,7.2,0,0.0,320.56,378.88,5,1,4.7
ORD101329,2025-05-05,Delhi,Dwarka,Sports,Bike,5,4.09,46.6,86.13,Normal,10.3,2.84,4.7,0,0.0,181.07,203.63,139,0,5.0
ORD101330,2025-06-14,Tamil Nadu,Coimbatore,Beauty,Bike,3,3.45,55.5,88.82,Rain,8.1,4.34,5.5,0,0.0,180.05,185.55,10,1,3.2
ORD101331,2025-09-19,Delhi,Rohini,Sports,Van,10,7.49,13.8,86.85,Normal,12.3,3.49,2.6,1,0.89,213.45,265.92,74,0,4.2
ORD101332,2025-06-05,Karnataka,Mangaluru,Fashion,Truck,7,3.67,16.3,85.1,Normal,1.9,3.5,3.2,1,0.3,149.22,210.55,266,0,5.0
ORD101333,2025-10-22,Tamil Nadu,Madurai,Fashion,Van,9,4.27,18.6,90.97,Normal,9.8,2.97,2.8,1,0.17,169.89,205.34,233,0,3.2
ORD101334,2025-07-14,Maharashtra,Pune,Electronics,Van,7,2.13,56.7,86.01,Rain,11.8,3.66,6.1,0,0.0,224.64,269.2,12,1,4.0
ORD101335,2025-12-31,Karnataka,Mangaluru,Electronics,Bike,8,1.61,36.9,86.5,Normal,5.4,2.76,4.4,0,0.0,160.13,218.72,103,0,4.6
ORD101336,2025-08-21,Delhi,Rohini,Home & Kitchen,Bike,4,4.21,80.9,88.73,Normal,7.6,2.96,4.9,0,0.0,229.31,286.3,5,1,5.0
ORD101337,2025-04-19,West Bengal,Kolkata,Fashion,Truck,4,1.06,44.3,89.49,Normal,6.2,4.1,4.1,0,0.0,122.66,160.51,31,0,4.7
ORD101338,2025-10-10,Gujarat,Ahmedabad,Beauty,Van,4,2.65,167.9,84.88,Rain,8.8,3.21,2.5,1,0.71,236.18,271.65,5,1,3.8
ORD101339,2025-05-29,Maharashtra,Pune,Home & Kitchen,Bike,6,1.36,34.6,89.84,Rain,6.2,3.52,5.1,0,0.0,158.04,185.32,94,0,4.5
ORD101340,2025-07-14,Delhi,Rohini,Beauty,Van,6,2.51,12.6,87.23,Normal,9.7,2.67,1.3,1,1.37,138.92,131.84,169,0,3.6
ORD101341,2025-02-19,Delhi,Rohini,Home & Kitchen,Van,8,2.4,23.1,87.08,Rain,7.6,2.44,3.2,0,0.0,124.68,140.38,111,0,4.2
ORD101342,2025-02-13,Delhi,Rohini,Home & Kitchen,Bike,5,2.24,154.0,86.93,Normal,14.1,3.67,4.9,0,0.0,271.07,317.17,5,1,3.8
ORD101343,2025-07-29,Delhi,Rohini,Home & Kitchen,Bike,3,1.99,34.8,87.19,Normal,7.5,1.86,1.6,1,0.26,68.97,124.56,33,0,5.0
ORD101344,2025-03-10,Rajasthan,Jaipur,Grocery,Van,7,2.85,114.3,84.41,Rain,13.8,4.63,6.7,0,0.0,288.61,321.92,5,1,4.6
ORD101345,2025-12-31,Tamil Nadu,Coimbatore,Beauty,Bike,5,3.16,79.6,87.94,Normal,9.0,3.73,4.2,0,0.0,152.5,178.82,5,1,3.9
ORD101346,2025-11-09,Telangana,Hyderabad,Grocery,Van,4,0.81,139.9,87.57,Normal,5.8,2.41,3.4,0,0.0,227.73,266.89,5,1,5.0
ORD101347,2025-09-13,Telangana,Warangal,Electronics,Truck,7,1.96,179.6,86.54,Normal,8.1,4.11,5.3,0,0.0,313.96,395.17,5,1,3.2
ORD101348,2025-09-26,Maharashtra,Mumbai,Fashion,Van,3,1.53,84.4,87.56,Rain,7.5,2.4,3.3,0,0.0,183.68,201.47,5,1,3.8
ORD101349,2025-08-06,Maharashtra,Mumbai,Sports,Van,4,2.28,85.9,86.82,Normal,1.2,3.04,3.2,0,0.0,141.26,161.01,5,1,4.7
ORD101350,2025-01-23,Karnataka,Mangaluru,Electronics,Bike,4,1.54,7.9,87.05,Normal,9.3,2.86,2.8,1,0.06,112.03,129.49,5,1,3.9
ORD101351,2025-05-24,Maharashtra,Nagpur,Fashion,Van,7,4.61,75.1,87.93,Rain,8.7,2.65,3.7,0,0.0,188.95,228.42,16,1,4.8
ORD101352,2025-06-30,Karnataka,Mangaluru,Electronics,Bike,9,1.93,49.9,86.76,Normal,10.0,2.25,3.5,0,0.0,207.29,252.63,70,0,4.0
ORD101353,2025-12-01,Karnataka,Mysuru,Electronics,Truck,7,3.82,105.1,85.76,Rain,9.7,5.0,6.6,0,0.0,191.44,246.21,5,1,4.3
ORD101354,2025-03-22,Delhi,New Delhi,Fashion,Van,3,1.08,114.6,88.52,Rain,3.2,3.12,3.7,0,0.0,198.91,233.85,5,1,4.4
ORD101355,2025-07-01,Maharashtra,Pune,Electronics,Van,7,1.68,25.6,85.22,Rain,8.2,3.65,4.4,0,0.0,185.25,221.89,260,0,4.0
ORD101356,2025-05-06,Gujarat,Vadodara,Beauty,Van,7,1.35,63.4,89.04,Normal,7.9,3.1,3.0,1,0.1,179.56,215.73,5,1,3.3
ORD101357,2025-02-19,Karnataka,Mysuru,Sports,Bike,6,2.6,161.1,86.52,Normal,4.6,4.59,6.2,0,0.0,276.66,299.92,5,1,5.0
ORD101358,2025-02-07,Telangana,Hyderabad,Home & Kitchen,Van,6,0.93,114.9,88.71,Rain,11.1,4.74,4.7,1,0.04,236.72,255.59,5,1,3.4
ORD101359,2025-05-14,West Bengal,Durgapur,Electronics,Truck,10,0.66,91.5,89.72,Normal,13.5,4.96,6.2,0,0.0,254.05,302.48,70,0,4.4
ORD101360,2025-01-31,Tamil Nadu,Madurai,Books,Bike,5,1.34,100.5,87.02,Normal,6.2,2.95,4.6,0,0.0,157.87,207.58,5,1,4.0
ORD101361,2025-01-25,West Bengal,Kolkata,Fashion,Bike,5,2.9,6.6,88.69,Normal,8.6,1.05,2.6,0,0.0,86.71,129.48,84,0,4.2
ORD101362,2025-05-09,Delhi,Rohini,Sports,Truck,7,1.19,71.6,88.25,Rain,7.7,4.67,4.1,1,0.57,183.46,208.62,47,0,3.1
ORD101363,2025-03-15,Karnataka,Mangaluru,Home & Kitchen,Van,5,2.39,43.1,87.44,Normal,6.4,1.94,1.3,1,0.64,151.95,192.02,68,0,3.2
ORD101364,2025-07-22,Rajasthan,Udaipur,Grocery,Bike,4,1.32,179.0,88.19,Rain,5.7,4.0,3.9,1,0.1,248.46,263.07,5,1,3.7
ORD101365,2025-01-07,Karnataka,Mysuru,Sports,Bike,5,0.64,249.6,86.6,Normal,3.9,4.32,4.1,1,0.22,338.07,398.01,5,1,3.7
ORD101366,2025-04-21,Tamil Nadu,Chennai,Home & Kitchen,Van,10,3.5,43.7,90.06,Normal,10.1,3.77,6.4,0,0.0,240.99,280.33,176,0,4.6
ORD101367,2025-06-15,Maharashtra,Mumbai,Books,Van,4,3.07,194.3,87.25,Normal,5.4,4.21,5.2,0,0.0,275.44,283.45,5,1,5.0
ORD101368,2025-12-18,Delhi,Dwarka,Grocery,Van,6,1.96,109.9,85.78,Normal,9.1,1.51,1.1,1,0.41,194.61,217.42,5,1,4.0
ORD101369,2025-08-20,Tamil Nadu,Coimbatore,Books,Bike,8,2.07,6.9,86.31,Normal,7.2,2.75,2.6,1,0.15,161.4,186.17,281,0,3.7
ORD101370,2025-11-18,Karnataka,Bengaluru,Home & Kitchen,Van,4,1.76,163.5,88.68,Normal,3.9,3.82,5.9,0,0.0,278.66,321.71,5,1,3.2
ORD101371,2025-05-06,Maharashtra,Nagpur,Fashion,Van,5,1.03,138.7,85.42,Rain,5.4,2.17,4.0,0,0.0,239.6,276.39,5,1,3.8
ORD101372,2025-06-14,West Bengal,Siliguri,Electronics,Truck,7,4.71,71.9,90.48,Normal,9.1,4.7,4.2,1,0.5,201.53,245.16,103,0,4.9
ORD101373,2025-06-03,West Bengal,Durgapur,Sports,Van,6,1.89,110.0,89.42,Normal,6.7,1.57,3.0,0,0.0,217.52,251.27,5,1,4.9
ORD101374,2025-11-20,Rajasthan,Udaipur,Electronics,Van,4,2.55,118.5,84.85,Normal,4.6,3.9,4.3,0,0.0,197.58,243.47,5,1,4.7
ORD101375,2025-12-17,Karnataka,Mysuru,Electronics,Truck,10,1.46,178.3,88.46,Normal,12.9,5.21,5.7,0,0.0,339.65,394.8,5,1,4.8
ORD101376,2025-12-18,West Bengal,Durgapur,Sports,Bike,3,2.69,180.6,85.32,Normal,3.2,2.95,2.4,1,0.55,204.66,247.01,5,1,3.2
ORD101377,2025-10-02,Rajasthan,Jodhpur,Home & Kitchen,Bike,7,4.24,53.0,85.56,Normal,11.4,3.72,4.1,0,0.0,195.07,266.12,72,0,4.7
ORD101378,2025-07-03,West Bengal,Durgapur,Beauty,Bike,4,2.24,39.7,86.21,Heavy Rain,9.7,6.12,5.9,1,0.22,128.65,158.28,45,0,3.8
ORD101379,2025-07-17,Karnataka,Mangaluru,Home & Kitchen,Bike,6,2.55,43.0,85.72,Normal,9.8,2.34,4.2,0,0.0,193.07999999999998,221.87,5,1,5.0
ORD101380,2025-12-24,Telangana,Hyderabad,Grocery,Truck,1,3.56,38.9,88.36,Normal,7.9,1.82,1.6,1,0.22,68.04,75.53,5,0,3.8
ORD101381,2025-04-14,Rajasthan,Udaipur,Home & Kitchen,Bike,4,3.19,54.8,87.5,Rain,5.0,5.46,7.2,0,0.0,123.87,177.75,5,1,4.1
ORD101382,2025-05-07,Telangana,Nizamabad,Fashion,Truck,5,3.97,56.4,87.81,Normal,6.0,3.85,4.2,0,0.0,179.24,202.76,34,0,4.7
ORD101383,2025-11-24,Tamil Nadu,Madurai,Beauty,Bike,9,2.48,36.4,87.05,Normal,13.4,3.83,2.8,1,1.03,223.78,263.56,67,0,3.6
ORD101384,2025-05-22,Rajasthan,Jaipur,Home & Kitchen,Van,6,2.48,63.7,86.09,Normal,10.2,2.73,2.8,0,0.0,177.55,177.1,5,1,4.8
ORD101385,2025-03-27,West Bengal,Kolkata,Home & Kitchen,Van,7,2.35,162.6,86.1,Normal,9.2,2.59,2.1,1,0.49,280.61,318.92,5,1,3.9
ORD101386,2025-07-24,Rajasthan,Jodhpur,Electronics,Bike,8,3.53,74.8,89.02,Normal,7.0,2.98,4.1,0,0.0,201.91,254.82,73,0,5.0
ORD101387,2025-04-29,Gujarat,Vadodara,Grocery,Van,6,1.52,25.6,86.4,Rain,5.3,3.07,2.7,1,0.37,140.65,166.26,135,0,3.4
ORD101388,2025-11-22,Rajasthan,Udaipur,Electronics,Van,11,2.84,45.0,89.54,Normal,6.5,4.0,4.2,0,0.0,201.25,266.94,156,0,5.0
ORD101389,2025-11-28,Maharashtra,Nagpur,Home & Kitchen,Van,5,8.97,209.2,85.88,Rain,6.3,4.67,5.6,0,0.0,309.89,358.61,5,1,4.7
ORD101390,2025-04-22,West Bengal,Kolkata,Home & Kitchen,Truck,6,2.54,157.2,87.11,Normal,6.9,3.35,2.9,1,0.45,283.83,342.58,5,1,3.9
ORD101391,2025-07-13,Delhi,Dwarka,Fashion,Truck,6,0.92,36.6,87.58,Normal,7.8,3.31,5.2,0,0.0,125.05,176.91,93,0,5.0
ORD101392,2025-12-26,Tamil Nadu,Madurai,Grocery,Van,6,1.67,179.4,89.15,Normal,10.5,3.36,4.2,0,0.0,303.29,325.56,5,1,4.9
ORD101393,2025-09-28,Tamil Nadu,Coimbatore,Fashion,Truck,9,3.01,120.9,88.76,Rain,14.1,3.67,4.4,0,0.0,272.83,344.44,5,1,4.9
ORD101394,2025-03-20,Rajasthan,Udaipur,Sports,Bike,3,1.3,197.6,87.57,Rain,10.2,4.07,3.3,1,0.77,290.31,320.9,5,1,4.1
ORD101395,2025-08-04,Delhi,New Delhi,Grocery,Bike,5,1.07,17.8,87.15,Normal,3.9,1.49,1.7,0,0.0,90.7,106.04,168,0,4.9
ORD101396,2025-08-15,Karnataka,Mysuru,Books,Van,4,0.82,374.4,85.38,Normal,4.8,3.19,3.6,0,0.0,759.4,157.76,5,1,4.4
ORD101397,2025-08-27,Karnataka,Mysuru,Grocery,Van,5,1.76,126.1,86.67,Rain,4.8,3.31,2.8,1,0.51,224.68,267.0,5,1,4.2
ORD101398,2025-01-10,West Bengal,Siliguri,Electronics,Van,3,5.74,97.7,91.08,Normal,9.7,4.08,5.5,0,0.0,158.41,184.53,5,1,4.2
ORD101399,2025-04-20,Maharashtra,Mumbai,Sports,Van,5,1.43,186.5,85.28,Normal,9.1,4.38,5.0,0,0.0,262.05,317.48,5,1,4.1
ORD101400,2025-11-08,West Bengal,Kolkata,Books,Truck,6,3.56,140.9,86.0,Heavy Rain,6.6,5.57,5.4,1,0.17,243.18,269.31,5,1,3.7
ORD101401,2025-03-30,Gujarat,Ahmedabad,Beauty,Bike,8,1.68,16.2,84.52,Normal,8.0,2.85,3.2,0,0.0,165.45,215.56,219,0,3.5
ORD101402,2025-04-20,Telangana,Hyderabad,Electronics,Truck,7,1.57,107.7,85.66,Normal,8.5,5.16,5.8,0,0.0,206.09,263.01,5,1,3.8
ORD101403,2025-04-28,Tamil Nadu,Madurai,Home & Kitchen,Van,4,2.82,147.1,84.88,Normal,8.4,4.52,6.9,0,0.0,207.42,228.14,5,1,4.3
ORD101404,2025-03-06,Karnataka,Mangaluru,Beauty,Van,5,0.74,31.3,84.8,Normal,10.3,2.82,3.8,0,0.0,118.7,157.84,61,0,3.6
ORD101405,2025-02-26,Delhi,New Delhi,Fashion,Bike,5,5.96,81.3,87.58,Normal,8.3,2.28,2.2,1,0.08,228.09,264.0,5,1,3.7
ORD101406,2025-05-07,Gujarat,Vadodara,Grocery,Bike,5,2.86,35.0,88.32,Normal,6.9,0.8,1.0,0,0.0,147.09,152.38,75,0,5.0
ORD101407,2025-11-16,Gujarat,Surat,Fashion,Van,8,3.99,94.2,87.64,Normal,9.6,4.32,4.6,0,0.0,235.22,281.31,5,1,4.3
ORD101408,2025-01-01,Tamil Nadu,Madurai,Beauty,Van,5,1.7,62.8,85.16,Normal,6.7,1.85,3.0,0,0.0,178.65,168.48,5,1,4.3
ORD101409,2025-04-14,Gujarat,Ahmedabad,Home & Kitchen,Van,5,2.78,74.1,83.97,Normal,8.4,3.02,4.0,0,0.0,156.34,195.62,5,1,4.4
ORD101410,2025-01-23,Tamil Nadu,Madurai,Electronics,Bike,6,3.69,147.1,83.32,Heavy Rain,7.4,6.13,7.2,0,0.0,311.76,343.55,5,1,3.1
ORD101411,2025-07-24,Tamil Nadu,Coimbatore,Electronics,Van,6,1.9,52.3,84.81,Normal,10.6,2.5,3.0,0,0.0,208.68,214.11,43,0,4.6
ORD101412,2025-04-02,Gujarat,Vadodara,Books,Van,5,1.14,58.0,85.15,Normal,10.4,2.5,1.7,1,0.8,144.54,136.11,62,0,4.3
ORD101413,2025-10-17,Karnataka,Mysuru,Beauty,Truck,7,1.09,61.0,86.17,Normal,7.4,2.34,3.4,0,0.0,185.06,232.98,5,1,5.0
ORD101414,2025-08-02,Karnataka,Mangaluru,Sports,Van,9,1.53,87.7,87.47,Normal,13.8,3.41,3.3,1,0.11,231.71,276.28,5,1,3.7
ORD101415,2025-10-14,Maharashtra,Pune,Grocery,Van,6,2.33,53.2,86.3,Rain,8.2,2.81,3.9,0,0.0,156.95,182.38,45,0,5.0
ORD101416,2025-08-20,Tamil Nadu,Madurai,Grocery,Van,5,1.81,40.3,89.85,Normal,8.3,2.03,1.5,1,0.53,165.82,194.41,59,0,4.0
ORD101417,2025-06-10,Tamil Nadu,Coimbatore,Beauty,Van,8,1.47,127.8,91.15,Rain,11.9,4.98,5.6,0,0.0,223.57,271.08,5,1,5.0
ORD101418,2025-11-11,Delhi,New Delhi,Books,Van,8,3.13,57.7,86.81,Normal,13.5,3.4,4.7,0,0.0,193.36,243.36,9,1,4.3
ORD101419,2025-06-23,Karnataka,Mangaluru,Sports,Bike,10,1.49,68.3,83.56,Normal,11.9,2.79,5.2,0,0.0,240.43,288.44,5,1,5.0
ORD101420,2025-12-13,Maharashtra,Nagpur,Grocery,Truck,3,1.37,113.0,86.04,Normal,7.3,3.32,3.4,0,0.0,224.37,250.82,5,1,4.2
ORD101421,2025-12-30,Gujarat,Surat,Electronics,Van,6,3.71,48.3,86.52,Normal,6.9,2.62,4.5,0,0.0,206.87,229.82,61,0,4.7
ORD101422,2025-08-03,Karnataka,Bengaluru,Grocery,Van,6,2.88,24.8,88.24,Normal,8.5,2.25,3.8,0,0.0,128.76,158.96,107,0,4.5
ORD101423,2025-09-04,Rajasthan,Udaipur,Electronics,Van,5,0.91,176.2,84.6,Normal,8.7,3.29,3.6,0,0.0,247.29,295.36,5,1,3.8
ORD101424,2025-04-04,Maharashtra,Nagpur,Electronics,Van,6,0.85,96.8,84.08,Normal,8.6,2.97,3.6,0,0.0,192.66,219.37,5,1,5.0
ORD101425,2025-10-25,Tamil Nadu,Madurai,Grocery,Bike,6,0.98,73.6,87.48,Normal,7.0,0.96,1.1,0,0.0,217.55,243.17,6,1,4.3
ORD101426,2025-09-03,Tamil Nadu,Madurai,Books,Bike,8,1.97,78.6,86.02,Rain,6.4,5.27,5.2,1,0.07,226.07,271.48,62,0,3.3
ORD101427,2025-11-26,Gujarat,Surat,Electronics,Bike,2,4.33,199.4,86.0,Normal,7.0,3.62,2.9,1,0.72,342.87,379.67,5,1,3.4
ORD101428,2025-04-08,West Bengal,Kolkata,Electronics,Bike,6,5.16,114.1,85.43,Heavy Rain,6.4,7.21,6.9,1,0.31,259.01,282.67,5,1,4.4
ORD101429,2025-10-15,Rajasthan,Jaipur,Sports,Bike,7,3.28,47.2,86.28,Normal,3.9,3.92,2.3,1,1.62,921.0,193.81,99,0,4.7
ORD101430,2025-06-21,Tamil Nadu,Chennai,Electronics,Van,1,6.98,72.6,87.37,Normal,4.2,2.97,3.7,0,0.0,151.47,164.98,5,0,4.0
ORD101431,2025-03-09,Delhi,New Delhi,Electronics,Bike,4,2.3,78.8,82.69,Rain,5.8,1.36,3.4,0,0.0,149.41,182.02,5,1,4.7
ORD101432,2025-03-04,Tamil Nadu,Madurai,Grocery,Truck,10,4.14,73.9,87.04,Normal,7.2,4.9,5.8,0,0.0,307.48,368.45,110,0,4.2
ORD101433,2025-07-25,West Bengal,Siliguri,Books,Truck,4,1.39,13.6,88.25,Normal,7.3,4.13,4.8,0,0.0,69.98,74.67,177,0,3.2
ORD101434,2025-04-27,Tamil Nadu,Chennai,Beauty,Bike,7,0.73,29.8,87.82,Rain,4.6,2.49,2.6,0,0.0,157.67,194.25,5,1,4.9
ORD101435,2025-02-07,Maharashtra,Pune,Beauty,Van,5,1.65,17.4,90.81,Normal,4.2,3.02,5.4,0,0.0,123.05,158.08,168,0,3.9
ORD101436,2025-06-05,Karnataka,Bengaluru,Home & Kitchen,Van,5,1.86,219.3,86.23,Normal,10.3,4.14,5.7,0,0.0,298.24,338.1,5,1,4.9
ORD101437,2025-08-27,Delhi,Dwarka,Home & Kitchen,Truck,5,10.81,74.8,86.86,Normal,10.5,3.69,3.2,1,0.49,233.97,261.09,5,1,4.2
ORD101438,2025-04-27,Tamil Nadu,Madurai,Grocery,Van,6,2.01,83.5,89.32,Rain,8.3,4.24,6.8,0,0.0,193.07,244.75,5,1,4.3
ORD101439,2025-12-15,West Bengal,Siliguri,Books,Van,7,1.04,64.3,87.13,Normal,11.2,3.69,5.7,0,0.0,163.54,215.26,96,0,4.7
ORD101440,2025-10-12,West Bengal,Siliguri,Home & Kitchen,Bike,5,3.77,20.2,89.74,Normal,5.6,2.12,1.8,1,0.32,102.18,110.54,5,1,4.4
ORD101441,2025-07-07,Maharashtra,Mumbai,Home & Kitchen,Truck,8,1.23,36.4,88.5,Normal,9.9,4.77,6.1,0,0.0,182.79,230.13,5,1,3.6
ORD101442,2025-12-08,Maharashtra,Nagpur,Home & Kitchen,Bike,5,2.21,40.3,87.29,Normal,6.7,1.55,2.0,0,0.0,125.29,133.76,37,0,4.7
ORD101443,2025-06-08,Delhi,Rohini,Electronics,Truck,3,3.56,220.0,87.02,Normal,10.3,4.24,3.1,1,1.14,285.96,338.86,5,1,4.1
ORD101444,2025-02-20,Maharashtra,Pune,Home & Kitchen,Bike,5,1.1,65.6,86.62,Heavy Rain,7.6,4.97,4.8,1,0.17,142.17,162.8,81,0,3.8
ORD101445,2025-01-14,Gujarat,Ahmedabad,Electronics,Van,7,5.4,47.6,86.98,Normal,6.0,2.6,4.0,0,0.0,173.4,192.26,132,0,5.0
ORD101446,2025-12-09,Maharashtra,Mumbai,Books,Van,3,4.19,142.0,85.52,Normal,10.1,3.89,5.1,0,0.0,224.62,232.27,5,1,4.6
ORD101447,2025-12-17,West Bengal,Siliguri,Home & Kitchen,Bike,3,2.53,58.3,88.27,Normal,5.5,1.33,4.5,0,0.0,108.59,146.26,5,1,5.0
ORD101448,2025-09-27,Gujarat,Ahmedabad,Grocery,Bike,8,6.29,25.5,90.5,Normal,5.7,2.51,3.3,0,0.0,181.34,209.39,237,0,5.0
ORD101449,2025-02-07,Maharashtra,Mumbai,Beauty,Bike,8,1.57,35.7,83.79,Normal,11.9,2.79,1.8,1,0.99,187.27,271.1,124,0,4.9
ORD101450,2025-04-18,Karnataka,Mysuru,Books,Van,5,3.37,141.2,89.18,Normal,8.8,4.31,4.1,1,0.21,193.07999999999998,320.54,5,1,4.3
ORD101451,2025-01-15,Rajasthan,Jaipur,Sports,Van,7,2.41,399.2,87.5,Normal,5.7,4.29,4.6,0,0.0,832.5,219.99,228,0,5.0
ORD101452,2025-01-19,Rajasthan,Udaipur,Fashion,Bike,5,1.33,88.8,88.95,Rain,6.7,2.22,2.6,0,0.0,167.73,167.75,5,1,4.4
ORD101453,2025-03-31,Telangana,Nizamabad,Electronics,Van,7,1.36,65.4,86.01,Normal,7.4,3.21,3.6,0,0.0,217.67,251.64,149,0,5.0
ORD101454,2025-07-28,West Bengal,Kolkata,Grocery,Bike,4,7.54,119.2,86.75,Normal,5.2,3.97,4.9,0,0.0,247.21,246.11,5,1,3.9
ORD101455,2025-01-24,Delhi,New Delhi,Electronics,Van,8,4.01,58.8,89.35,Rain,6.2,3.91,5.9,0,0.0,221.14,267.31,46,0,5.0
ORD101456,2025-12-26,Rajasthan,Jaipur,Home & Kitchen,Van,5,3.59,40.7,86.99,Normal,7.0,2.83,3.8,0,0.0,184.17,208.22,93,0,4.4
ORD101457,2025-06-16,Rajasthan,Udaipur,Electronics,Truck,4,1.34,35.0,88.57,Normal,9.1,3.69,2.6,1,1.09,149.16,199.67,8,1,3.1
ORD101458,2025-04-07,West Bengal,Durgapur,Sports,Truck,5,3.19,126.7,86.03,Normal,9.3,5.49,6.5,0,0.0,254.37,281.83,5,1,4.8
ORD101459,2025-07-08,Karnataka,Mysuru,Electronics,Bike,3,1.59,47.7,86.73,Normal,4.9,1.42,1.0,1,0.42,80.23,105.0,20,0,3.9
ORD101460,2025-10-16,Karnataka,Bengaluru,Fashion,Bike,12,6.07,85.3,88.01,Normal,12.1,2.84,2.9,0,0.0,278.54,337.35,90,0,4.9
ORD101461,2025-04-25,West Bengal,Kolkata,Fashion,Truck,6,4.43,155.9,87.83,Rain,11.4,5.11,7.3,0,0.0,245.0,295.31,5,1,5.0
ORD101462,2025-01-18,Telangana,Warangal,Grocery,Bike,5,2.0,74.0,88.59,Rain,5.1,2.77,1.6,1,1.17,218.57,259.26,5,1,3.2
ORD101463,2025-01-19,Maharashtra,Mumbai,Home & Kitchen,Bike,5,3.43,95.4,86.49,Normal,9.1,3.52,5.9,0,0.0,195.08,233.85,5,1,5.0
ORD101464,2025-11-07,Karnataka,Mysuru,Sports,Bike,8,1.9,48.4,87.11,Normal,8.1,2.55,3.7,0,0.0,167.78,218.67,53,0,4.9
ORD101465,2025-02-10,West Bengal,Siliguri,Grocery,Van,4,2.76,58.7,88.86,Normal,6.1,3.06,4.0,0,0.0,161.15,192.33,5,1,5.0
ORD101466,2025-08-20,Tamil Nadu,Chennai,Fashion,Van,6,2.0,158.4,89.72,Normal,7.9,5.04,4.5,1,0.54,302.76,351.33,5,1,2.9
ORD101467,2025-05-21,West Bengal,Durgapur,Fashion,Truck,8,2.73,118.2,85.62,Normal,10.2,3.81,4.5,0,0.0,269.64,312.66,5,1,4.8
ORD101468,2025-10-11,Karnataka,Mangaluru,Books,Van,5,2.0,63.7,89.27,Normal,3.8,3.41,3.6,0,0.0,161.84,184.85,5,1,5.0
ORD101469,2025-01-23,West Bengal,Siliguri,Grocery,Bike,2,4.55,74.7,85.75,Normal,6.3,2.81,2.7,1,0.11,184.39,185.76,5,1,5.0
ORD101470,2025-11-24,Rajasthan,Jaipur,Fashion,Van,9,1.29,61.6,87.51,Normal,7.5,3.09,3.6,0,0.0,199.72,238.63,5,1,3.7
ORD101471,2025-09-12,West Bengal,Kolkata,Fashion,Van,6,1.98,109.2,87.65,Normal,7.5,4.69,7.4,0,0.0,183.5,227.3,5,1,4.3
ORD101472,2025-06-13,Tamil Nadu,Madurai,Electronics,Bike,3,1.48,46.4,86.27,Normal,5.8,1.32,2.6,0,0.0,112.83,108.95,5,1,5.0
ORD101473,2025-03-17,Maharashtra,Nagpur,Electronics,Truck,4,0.37,109.1,86.84,Normal,4.6,2.52,2.9,0,0.0,177.32,226.31,5,1,3.4
ORD101474,2025-12-23,West Bengal,Kolkata,Electronics,Van,9,2.26,194.6,83.98,Rain,13.2,4.86,5.8,0,0.0,355.82,411.23,5,1,5.0
ORD101475,2025-04-21,Maharashtra,Pune,Electronics,Van,3,8.27,80.2,88.47,Normal,1.0,2.4,2.6,0,0.0,215.5,235.01,19,0,4.7
ORD101476,2025-06-29,West Bengal,Durgapur,Electronics,Truck,2,2.48,27.3,86.67,Normal,7.5,2.95,4.2,0,0.0,79.17,98.16,25,0,4.2
ORD101477,2025-05-24,West Bengal,Siliguri,Books,Van,3,13.82,67.1,87.1,Normal,9.2,2.24,1.8,1,0.44,156.69,179.38,155,0,3.7
ORD101478,2025-03-26,Tamil Nadu,Madurai,Books,Van,2,1.82,1476.0,86.15,Normal,6.2,3.5,4.9,0,0.0,1465.75,286.62,5,1,5.0
ORD101479,2025-06-02,Delhi,Dwarka,Books,Van,5,2.33,74.4,88.5,Normal,7.8,2.42,1.7,1,0.72,183.12,210.55,5,1,4.4
ORD101480,2025-02-25,West Bengal,Siliguri,Grocery,Truck,5,1.88,32.6,87.53,Normal,8.6,3.42,3.8,0,0.0,84.53,105.97,228,0,4.4
ORD101481,2025-01-01,Karnataka,Bengaluru,Grocery,Truck,4,2.09,65.0,85.13,Normal,5.4,3.42,5.0,0,0.0,115.09,142.96,5,1,4.1
ORD101482,2025-04-16,Delhi,New Delhi,Electronics,Van,8,2.56,166.2,87.0,Normal,7.3,4.93,7.2,0,0.0,308.4,371.8,5,1,5.0
ORD101483,2025-02-10,Maharashtra,Nagpur,Grocery,Bike,4,5.37,46.6,85.35,Normal,6.3,1.67,1.0,1,0.67,143.71,157.84,5,1,3.7
ORD101484,2025-06-01,Karnataka,Bengaluru,Home & Kitchen,Truck,4,1.17,168.2,87.26,Normal,7.8,3.6,3.2,1,0.4,280.02,312.62,5,1,3.4
ORD101485,2025-11-11,West Bengal,Siliguri,Beauty,Truck,8,2.03,61.5,88.45,Normal,9.4,4.69,5.3,0,0.0,187.59,239.66,119,0,4.4
ORD101486,2025-03-01,Maharashtra,Mumbai,Sports,Van,4,3.0,278.1,87.58,Normal,4.2,5.06,6.3,0,0.0,361.64,393.31,5,1,4.8
ORD101487,2025-01-01,Tamil Nadu,Coimbatore,Sports,Truck,8,4.63,50.1,88.02,Rain,8.3,4.95,5.0,0,0.0,188.88,252.8,127,0,4.4
ORD101488,2025-02-10,Rajasthan,Jaipur,Home & Kitchen,Van,8,0.5,38.4,89.15,Normal,6.4,4.08,4.7,0,0.0,166.62,232.38,161,0,5.0
ORD101489,2025-07-05,Rajasthan,Udaipur,Grocery,Van,4,0.81,7.4,85.78,Normal,4.3,2.5,3.2,0,0.0,95.87,92.02,5,1,5.0
ORD101490,2025-04-11,Rajasthan,Jodhpur,Electronics,Van,7,2.07,68.8,86.47,Normal,6.6,3.42,4.0,0,0.0,229.11,274.72,95,0,4.4
ORD101491,2025-06-28,Karnataka,Bengaluru,Electronics,Bike,3,4.17,60.4,84.02,Normal,3.9,1.89,2.5,0,0.0,158.74,200.43,5,1,5.0
ORD101492,2025-01-11,West Bengal,Durgapur,Electronics,Van,6,1.47,183.6,86.59,Normal,2.9,4.1,4.8,0,0.0,291.54,330.49,5,1,4.4
ORD101493,2025-05-02,Karnataka,Bengaluru,Home & Kitchen,Van,8,3.11,128.8,86.17,Normal,8.5,4.49,6.6,0,0.0,289.02,327.66,5,1,4.4
ORD101494,2025-05-30,Maharashtra,Nagpur,Grocery,Bike,9,7.28,163.3,88.46,Normal,11.5,4.07,4.6,0,0.0,370.89,417.44,5,1,4.5
ORD101495,2025-06-07,West Bengal,Kolkata,Fashion,Bike,8,2.03,1127.2,88.12,Normal,7.4,2.95,4.8,0,0.0,1213.35,310.12,5,1,4.3
ORD101496,2025-07-21,West Bengal,Durgapur,Electronics,Van,8,1.74,70.7,90.0,Heavy Rain,10.4,5.88,6.5,0,0.0,191.11,251.53,30,1,5.0
ORD101497,2025-10-12,Tamil Nadu,Coimbatore,Sports,Van,7,2.74,450.0,86.4,Normal,9.8,5.08,5.1,0,0.0,566.65,644.76,5,1,5.0
ORD101498,2025-06-20,Karnataka,Bengaluru,Beauty,Truck,5,2.26,66.4,88.03,Normal,5.0,3.08,3.5,0,0.0,170.45,229.21,5,1,4.0
ORD101499,2025-11-04,Maharashtra,Mumbai,Fashion,Bike,11,2.38,95.3,88.65,Normal,7.2,3.64,2.8,1,0.84,255.25,292.62,5,1,4.8
ORD101500,2025-07-13,Telangana,Warangal,Beauty,Truck,2,1.79,220.7,91.45,Normal,2.4,4.69,4.4,1,0.29,229.56,279.7,5,1,4.2
ORD101501,2025-04-06,Karnataka,Mysuru,Beauty,Bike,6,1.7,131.6,88.12,Normal,8.0,2.67,2.7,0,0.0,234.25,261.06,5,1,3.4
ORD101502,2025-03-25,Gujarat,Ahmedabad,Fashion,Bike,4,1.05,80.2,87.26,Rain,7.9,3.31,4.1,0,0.0,174.32,202.42,12,1,4.6
ORD101503,2025-04-28,Maharashtra,Mumbai,Beauty,Van,7,3.0,106.4,87.58,Rain,7.9,3.41,5.6,0,0.0,272.58,308.07,39,0,4.9
ORD101504,2025-08-07,Tamil Nadu,Madurai,Sports,Van,7,1.02,46.2,88.2,Normal,5.7,2.48,2.9,0,0.0,169.19,187.02,72,0,4.1
ORD101505,2025-03-30,Maharashtra,Nagpur,Home & Kitchen,Van,6,1.18,55.8,89.84,Normal,7.1,3.15,2.9,1,0.25,166.67,202.37,14,1,5.0
ORD101506,2025-11-30,Tamil Nadu,Coimbatore,Fashion,Bike,5,0.92,95.1,86.61,Rain,8.7,6.0,7.5,0,0.0,170.8,184.01,5,1,4.0
ORD101507,2025-06-25,West Bengal,Siliguri,Electronics,Bike,6,1.63,32.8,86.1,Normal,8.9,2.23,3.1,0,0.0,147.16,185.89,38,0,4.8
ORD101508,2025-11-12,Maharashtra,Mumbai,Books,Van,4,2.05,43.3,92.11,Normal,8.0,2.61,4.4,0,0.0,122.96,155.17,5,1,4.1
ORD101509,2025-09-07,Delhi,Rohini,Home & Kitchen,Bike,9,0.99,14.7,85.37,Normal,9.1,3.06,4.6,0,0.0,176.52,215.99,158,0,4.2
ORD101510,2025-05-02,Maharashtra,Nagpur,Home & Kitchen,Bike,2,1.69,72.7,88.95,Normal,8.8,2.37,3.6,0,0.0,148.77,160.94,5,1,4.6
ORD101511,2025-03-25,Maharashtra,Mumbai,Sports,Bike,5,2.24,80.0,88.17,Normal,4.6,2.2,3.2,0,0.0,218.66,259.14,5,1,4.1
ORD101512,2025-09-29,Rajasthan,Jodhpur,Beauty,Bike,10,0.73,144.8,88.01,Normal,7.1,4.44,6.0,0,0.0,303.63,373.23,5,1,4.3
ORD101513,2025-05-01,West Bengal,Siliguri,Electronics,Van,7,1.23,38.0,85.22,Normal,5.3,2.81,4.3,0,0.0,175.36,200.63,5,1,4.1
ORD101514,2025-04-01,Tamil Nadu,Coimbatore,Home & Kitchen,Bike,8,6.51,56.2,92.32,Normal,7.6,3.66,5.2,0,0.0,185.93,227.32,5,1,3.6
ORD101515,2025-12-06,Tamil Nadu,Chennai,Fashion,Van,9,1.27,121.4,87.77,Normal,12.0,3.52,5.1,0,0.0,273.77,318.27,5,1,4.3
ORD101516,2025-06-26,Maharashtra,Pune,Sports,Van,6,3.19,136.0,86.53,Normal,5.6,4.38,5.0,0,0.0,272.23,319.45,5,1,5.0
ORD101517,2025-01-18,Tamil Nadu,Madurai,Fashion,Van,3,1.45,131.8,85.08,Normal,4.4,1.78,1.8,0,0.0,207.06,223.8,5,1,4.2
ORD101518,2025-06-30,West Bengal,Kolkata,Home & Kitchen,Van,9,2.29,40.5,83.86,Rain,4.2,4.75,5.5,0,0.0,192.96,236.92,105,0,4.5
ORD101519,2025-06-18,Telangana,Warangal,Beauty,Van,6,1.2,17.9,88.76,Normal,8.9,2.09,2.4,0,0.0,126.16,150.74,165,0,4.6
ORD101520,2025-11-12,Maharashtra,Pune,Fashion,Truck,5,0.59,78.8,85.99,Rain,6.8,4.92,4.8,1,0.12,214.26,265.07,5,1,4.9
ORD101521,2025-09-17,Maharashtra,Pune,Electronics,Bike,5,1.51,70.9,87.02,Normal,10.4,3.21,5.3,0,0.0,129.95,150.29,5,1,4.7
ORD101522,2025-03-11,Karnataka,Bengaluru,Books,Truck,4,2.68,82.6,86.43,Normal,10.3,1.16,1.8,0,0.0,207.62,245.6,5,1,4.0
ORD101523,2025-02-24,Rajasthan,Jaipur,Electronics,Bike,2,3.13,92.5,88.49,Normal,3.3,1.86,1.6,1,0.26,174.17,186.92,5,1,3.0
ORD101524,2025-08-09,Gujarat,Vadodara,Sports,Van,4,2.21,103.0,88.24,Normal,6.5,3.63,5.5,0,0.0,180.78,186.19,5,1,4.0
ORD101525,2025-01-18,Rajasthan,Udaipur,Books,Van,12,1.21,103.7,88.9,Normal,12.5,4.41,5.2,0,0.0,297.64,354.26,5,1,4.6
ORD101526,2025-04-27,Delhi,Dwarka,Electronics,Bike,7,3.66,57.1,88.98,Normal,6.1,3.02,4.6,0,0.0,203.69,247.99,212,0,3.9
ORD101527,2025-02-20,Delhi,Rohini,Grocery,Bike,5,1.26,63.8,86.27,Normal,9.4,1.82,2.2,0,0.0,137.82,175.4,48,0,5.0
ORD101528,2025-01-08,Tamil Nadu,Madurai,Books,Bike,7,1.31,50.5,85.15,Normal,1.4,2.68,3.9,0,0.0,200.67,225.43,20,1,4.3
ORD101529,2025-12-02,Rajasthan,Jodhpur,Beauty,Bike,11,1.06,123.8,87.32,Normal,8.8,4.81,6.1,0,0.0,295.65,369.24,5,1,5.0
ORD101530,2025-02-02,Tamil Nadu,Coimbatore,Beauty,Van,3,1.53,32.4,88.52,Rain,4.7,2.37,3.2,0,0.0,90.7,125.67,99,0,4.3
ORD101531,2025-01-04,Karnataka,Mangaluru,Electronics,Bike,6,1.66,211.3,87.8,Normal,10.0,3.08,3.2,0,0.0,355.44,390.9,5,1,4.0
ORD101532,2025-12-07,Delhi,Dwarka,Electronics,Truck,5,2.44,72.2,84.25,Normal,6.1,2.54,3.6,0,0.0,192.25,230.93,5,1,4.0
ORD101533,2025-03-10,Tamil Nadu,Madurai,Grocery,Truck,4,0.84,71.6,87.73,Rain,8.6,4.12,5.4,0,0.0,165.48,214.04,5,1,4.8
ORD101534,2025-10-26,West Bengal,Siliguri,Electronics,Bike,8,1.49,62.8,85.83,Rain,9.3,3.11,2.7,1,0.41,224.94,284.01,5,1,4.6
ORD101535,2025-01-12,Karnataka,Bengaluru,Home & Kitchen,Bike,7,1.2,126.5,87.68,Normal,5.7,3.98,6.9,0,0.0,246.59,292.95,5,1,4.7
ORD101536,2025-02-26,Karnataka,Mysuru,Fashion,Van,9,2.66,76.8,89.39,Heavy Rain,10.7,5.14,7.3,0,0.0,252.31,314.2,5,1,3.8
ORD101537,2025-02-10,Gujarat,Vadodara,Electronics,Truck,5,2.45,52.6,83.18,Normal,8.4,3.69,4.5,0,0.0,178.62,232.5,5,1,4.5
ORD101538,2025-09-15,Karnataka,Mangaluru,Books,Van,8,1.03,122.5,90.39,Normal,4.2,2.85,4.3,0,0.0,239.54,294.82,5,1,4.4
ORD101539,2025-08-15,Gujarat,Surat,Books,Van,5,2.77,45.9,85.8,Normal,8.4,2.58,3.3,0,0.0,149.96,171.34,177,0,3.3
ORD101540,2025-06-23,Karnataka,Mangaluru,Books,Truck,4,1.95,128.3,89.49,Normal,5.5,4.25,4.4,0,0.0,204.19,249.17,5,1,4.5
ORD101541,2025-03-30,Telangana,Warangal,Electronics,Van,4,3.37,22.6,89.22,Rain,8.0,4.28,5.8,0,0.0,158.0,166.65,74,0,5.0
ORD101542,2025-02-02,West Bengal,Durgapur,Fashion,Bike,3,1.32,164.3,87.18,Normal,6.9,2.33,2.3,1,0.03,197.49,219.95,5,1,4.8
ORD101543,2025-07-27,Rajasthan,Jaipur,Books,Truck,3,2.96,44.4,88.55,Normal,9.0,4.47,5.5,0,0.0,138.37,140.62,44,0,5.0
ORD101544,2025-03-26,Tamil Nadu,Chennai,Fashion,Truck,4,3.53,28.5,86.48,Normal,9.2,3.77,3.9,0,0.0,163.79,204.38,213,0,3.6
ORD101545,2025-08-04,Maharashtra,Nagpur,Grocery,Van,5,2.11,59.9,84.65,Normal,5.1,2.16,2.1,1,0.06,133.2,176.28,129,0,3.5
ORD101546,2025-09-08,Maharashtra,Nagpur,Beauty,Bike,7,7.87,54.1,89.81,Normal,7.1,2.96,3.8,0,0.0,215.35,221.53,33,0,5.0
ORD101547,2025-11-07,Maharashtra,Nagpur,Fashion,Van,7,2.77,93.0,86.55,Heavy Rain,7.2,6.59,8.2,0,0.0,252.94,284.99,5,1,3.9
ORD101548,2025-06-30,Karnataka,Mangaluru,Home & Kitchen,Bike,7,6.33,27.2,91.03,Normal,10.9,2.19,3.1,0,0.0,170.76,192.91,36,0,4.8
ORD101549,2025-01-02,Telangana,Hyderabad,Grocery,Van,2,10.37,91.1,89.39,Normal,6.0,2.07,2.8,0,0.0,206.3,232.94,5,1,4.2
ORD101550,2025-04-13,Rajasthan,Jodhpur,Electronics,Bike,8,0.68,59.4,86.29,Normal,8.7,3.35,2.4,1,0.95,185.75,224.73,101,0,3.8
ORD101551,2025-11-08,Delhi,Dwarka,Books,Van,4,4.26,76.6,88.88,Normal,9.2,1.38,1.9,0,0.0,155.56,190.46,5,1,3.9
ORD101552,2025-07-14,Tamil Nadu,Madurai,Beauty,Van,10,2.82,32.2,88.79,Normal,9.0,3.63,3.1,1,0.53,191.74,235.99,257,0,4.1
ORD101553,2025-08-14,Karnataka,Mysuru,Electronics,Truck,6,2.36,73.3,90.95,Rain,11.7,5.01,5.8,0,0.0,173.58,218.39,21,1,4.3
ORD101554,2025-06-17,Gujarat,Vadodara,Grocery,Truck,6,1.31,45.0,86.98,Normal,5.9,3.11,3.8,0,0.0,118.51,156.58,5,1,5.0
ORD101555,2025-03-01,Gujarat,Vadodara,Fashion,Bike,7,1.13,19.6,87.45,Normal,8.9,1.74,2.4,0,0.0,180.02,227.94,117,0,4.2
ORD101556,2025-11-24,Maharashtra,Nagpur,Home & Kitchen,Bike,8,1.02,109.0,88.66,Normal,8.9,4.11,4.8,0,0.0,251.35,281.65,5,1,5.0
ORD101557,2025-10-10,Rajasthan,Udaipur,Sports,Van,12,8.54,39.1,87.93,Normal,10.6,4.5,5.7,0,0.0,253.56,294.96,48,0,4.8
ORD101558,2025-12-30,Karnataka,Mangaluru,Grocery,Bike,8,2.76,91.4,85.41,Normal,2.8,2.08,3.3,0,0.0,221.15,251.06,5,1,4.4
ORD101559,2025-11-09,Gujarat,Ahmedabad,Beauty,Bike,5,0.83,39.6,89.75,Normal,6.2,2.18,3.2,0,0.0,126.63,158.0,17,1,4.1
ORD101560,2025-04-17,Rajasthan,Jodhpur,Books,Van,8,1.02,71.8,90.81,Normal,3.6,4.63,6.2,0,0.0,186.03,202.17,5,1,4.4
ORD101561,2025-04-03,Telangana,Warangal,Beauty,Van,4,0.54,259.1,88.22,Normal,5.2,3.52,2.0,1,1.52,322.43,340.51,5,1,3.6
ORD101562,2025-04-01,Maharashtra,Mumbai,Fashion,Bike,8,4.37,141.7,85.67,Normal,8.1,4.6,4.4,1,0.2,266.93,326.19,5,1,3.9
ORD101563,2025-12-02,Delhi,Dwarka,Home & Kitchen,Van,8,2.0,197.6,87.77,Heavy Rain,13.8,6.21,7.3,0,0.0,347.65,382.63,5,1,4.4
ORD101564,2025-07-23,West Bengal,Durgapur,Electronics,Truck,4,2.8,146.8,86.35,Normal,8.6,4.28,5.0,0,0.0,191.32,219.45,5,1,5.0
ORD101565,2025-06-15,Telangana,Warangal,Fashion,Van,8,2.02,70.4,87.53,Normal,5.5,3.73,3.7,1,0.03,214.04,234.02,99,0,4.3
ORD101566,2025-12-20,Maharashtra,Mumbai,Fashion,Bike,6,3.73,126.5,88.34,Normal,8.0,2.58,3.7,0,0.0,225.6,254.0,5,1,5.0
ORD101567,2025-08-09,Telangana,Warangal,Grocery,Van,9,1.56,64.2,89.2,Normal,9.4,2.5,3.9,0,0.0,235.34,322.96,76,0,5.0
ORD101568,2025-11-28,Rajasthan,Jodhpur,Fashion,Truck,4,2.44,27.0,90.56,Normal,6.9,5.08,5.1,0,0.0,117.78,139.96,78,0,4.3
ORD101569,2025-12-26,Maharashtra,Mumbai,Beauty,Bike,5,2.41,84.9,89.18,Normal,7.1,1.6,1.7,0,0.0,197.77,227.61,5,1,3.8
ORD101570,2025-01-29,Karnataka,Mysuru,Books,Van,9,0.95,21.0,86.16,Rain,6.9,4.72,3.9,1,0.82,152.61,175.87,311,0,4.1
ORD101571,2025-05-12,Delhi,New Delhi,Sports,Van,5,1.26,62.6,89.3,Rain,7.8,4.83,5.4,0,0.0,193.9,219.64,8,1,4.5
ORD101572,2025-09-25,Karnataka,Bengaluru,Home & Kitchen,Van,6,1.65,154.8,87.57,Rain,8.0,4.07,4.7,0,0.0,232.05,289.23,5,1,4.4
ORD101573,2025-10-24,Maharashtra,Pune,Sports,Bike,7,2.48,136.4,87.79,Heavy Rain,9.4,5.73,5.5,1,0.23,245.58,291.48,5,1,5.0
ORD101574,2025-02-24,West Bengal,Durgapur,Books,Truck,6,4.97,63.2,88.09,Heavy Rain,9.8,6.29,6.5,0,0.0,169.81,239.46,26,0,4.8
ORD101575,2025-04-27,Karnataka,Mangaluru,Electronics,Bike,4,2.0,197.0,88.37,Normal,8.7,3.57,4.2,0,0.0,280.39,308.45,5,1,3.9
ORD101576,2025-07-20,Delhi,New Delhi,Home & Kitchen,Bike,3,1.9,99.8,89.96,Rain,6.5,2.68,4.2,0,0.0,178.52,170.28,5,1,4.7
ORD101577,2025-10-19,Delhi,Dwarka,Home & Kitchen,Bike,8,2.46,113.0,89.05,Rain,7.7,3.7,4.1,0,0.0,220.31,271.9,5,1,4.8
ORD101578,2025-02-11,West Bengal,Siliguri,Grocery,Van,8,1.82,54.0,86.04,Normal,9.9,3.95,3.8,1,0.15,165.93,210.7,109,0,3.5
ORD101579,2025-08-08,Tamil Nadu,Chennai,Beauty,Bike,5,1.98,124.2,85.48,Normal,4.9,1.56,3.6,0,0.0,196.14,232.05,5,1,4.9
ORD101580,2025-04-19,Karnataka,Mangaluru,Fashion,Van,10,5.39,66.3,89.37,Normal,3.0,2.2,3.5,0,0.0,211.0,238.46,110,0,3.9
ORD101581,2025-03-20,Maharashtra,Nagpur,Grocery,Truck,4,1.74,35.2,89.18,Normal,2.3,2.92,2.5,1,0.42,108.85,128.85,49,0,3.5
ORD101582,2025-07-08,Telangana,Nizamabad,Home & Kitchen,Bike,9,2.39,100.4,90.5,Normal,3.8,3.67,5.0,0,0.0,294.96,345.98,5,1,4.3
ORD101583,2025-06-01,Maharashtra,Nagpur,Fashion,Truck,8,1.32,73.7,88.06,Normal,9.4,4.06,4.3,0,0.0,211.78,264.36,5,1,4.3
ORD101584,2025-08-21,Tamil Nadu,Chennai,Books,Truck,9,4.57,70.2,88.76,Rain,9.0,4.31,5.9,0,0.0,218.24,280.73,41,0,4.6
ORD101585,2025-04-26,Rajasthan,Jodhpur,Sports,Bike,9,1.11,106.2,89.13,Heavy Rain,10.3,6.46,6.8,0,0.0,243.28,277.15,5,1,4.1
ORD101586,2025-10-28,Tamil Nadu,Madurai,Books,Van,9,1.92,21.5,85.49,Normal,9.7,3.85,2.9,1,0.95,135.02,145.16,277,0,4.1
ORD101587,2025-01-29,Delhi,New Delhi,Home & Kitchen,Truck,6,3.81,47.1,85.4,Heavy Rain,10.2,5.68,5.9,0,0.0,135.23,170.17,93,0,4.7
ORD101588,2025-11-11,West Bengal,Durgapur,Electronics,Van,5,1.15,92.4,89.64,Heavy Rain,9.7,4.5,4.4,1,0.1,167.71,208.15,5,1,2.2
ORD101589,2025-01-11,Maharashtra,Nagpur,Home & Kitchen,Van,5,3.54,32.7,88.99,Normal,9.5,3.9,4.0,0,0.0,113.77,117.86,112,0,5.0
ORD101590,2025-09-26,West Bengal,Siliguri,Fashion,Truck,6,0.53,41.5,90.77,Normal,9.6,2.43,1.1,1,1.33,170.76,231.55,71,0,4.1
ORD101591,2025-05-07,Telangana,Warangal,Home & Kitchen,Van,3,0.99,124.0,91.68,Normal,10.3,2.52,3.1,0,0.0,241.52,263.26,5,1,4.4
ORD101592,2025-05-20,Gujarat,Vadodara,Sports,Bike,4,1.89,27.3,87.83,Rain,11.8,3.37,2.2,1,1.17,140.9,177.19,51,0,3.4
ORD101593,2025-01-07,Maharashtra,Nagpur,Grocery,Bike,6,9.64,141.4,87.75,Normal,8.4,2.08,2.7,0,0.0,274.54,342.09,5,1,4.9
ORD101594,2025-09-14,Maharashtra,Mumbai,Fashion,Van,7,2.21,107.7,85.96,Rain,11.6,3.75,2.3,1,1.45,193.07999999999998,250.13,15,1,3.5
ORD101595,2025-03-02,Karnataka,Bengaluru,Home & Kitchen,Van,6,2.0,114.7,89.35,Heavy Rain,5.9,5.69,5.4,1,0.29,241.11,286.21,5,1,3.7
ORD101596,2025-08-29,Delhi,Rohini,Fashion,Bike,9,4.25,30.2,84.73,Normal,7.3,3.31,4.5,0,0.0,205.02,271.81,101,0,4.3
ORD101597,2025-09-22,Delhi,New Delhi,Fashion,Bike,7,0.99,144.9,86.7,Heavy Rain,11.7,5.32,6.6,0,0.0,299.39,338.0,5,1,4.3
ORD101598,2025-11-05,Delhi,New Delhi,Grocery,Truck,5,0.28,83.1,89.02,Rain,7.0,4.71,4.7,1,0.01,145.54,212.79,5,1,3.8
ORD101599,2025-09-16,Rajasthan,Jodhpur,Electronics,Van,14,6.22,199.4,87.29,Heavy Rain,6.5,7.43,8.6,0,0.0,430.39,525.24,5,1,3.6
ORD101600,2025-04-21,Maharashtra,Nagpur,Books,Bike,4,2.98,109.4,88.41,Heavy Rain,3.8,3.73,2.8,1,0.93,201.99,226.17,5,1,4.1
ORD101601,2025-09-27,Delhi,Rohini,Electronics,Bike,5,1.51,69.6,88.14,Normal,5.0,1.31,2.9,0,0.0,160.94,188.75,5,1,4.0
ORD101602,2025-10-29,Tamil Nadu,Chennai,Home & Kitchen,Bike,3,2.09,23.0,86.52,Normal,3.4,2.41,4.2,0,0.0,65.38,56.49,108,0,4.4
ORD101603,2025-04-26,Maharashtra,Pune,Sports,Bike,2,3.99,94.9,84.82,Rain,7.5,3.33,3.8,0,0.0,134.63,143.8,5,1,4.2
ORD101604,2025-02-15,Rajasthan,Udaipur,Home & Kitchen,Van,3,1.85,133.4,89.82,Rain,4.1,6.47,6.8,0,0.0,240.15,278.15,5,1,4.5
ORD101605,2025-11-21,West Bengal,Kolkata,Electronics,Bike,8,2.21,122.8,88.25,Normal,7.4,4.1,2.7,1,1.4,281.14,323.76,5,1,3.7
ORD101606,2025-02-23,Telangana,Warangal,Grocery,Truck,11,7.56,34.1,89.2,Normal,8.2,2.94,3.6,0,0.0,212.42,273.71,123,0,4.3
ORD101607,2025-08-05,Telangana,Warangal,Fashion,Bike,5,0.9,194.1,88.5,Normal,3.4,4.21,5.5,0,0.0,239.15,299.77,5,1,4.6
ORD101608,2025-03-28,Rajasthan,Udaipur,Electronics,Bike,6,2.82,48.4,88.48,Heavy Rain,4.1,4.51,5.5,0,0.0,169.19,215.76,24,0,5.0
ORD101609,2025-02-15,Tamil Nadu,Madurai,Electronics,Truck,6,0.91,139.9,88.93,Normal,9.5,3.22,4.1,0,0.0,242.91,297.6,5,1,4.7
ORD101610,2025-10-11,Karnataka,Mangaluru,Electronics,Van,3,5.56,38.4,88.31,Normal,7.5,3.38,2.8,1,0.58,97.66,105.94,5,1,4.5
ORD101611,2025-02-22,Gujarat,Ahmedabad,Beauty,Bike,7,2.0,38.1,88.06,Normal,1.0,2.95,3.8,0,0.0,220.02,255.29,118,0,5.0
ORD101612,2025-09-02,Telangana,Warangal,Home & Kitchen,Bike,9,1.29,39.9,86.88,Normal,6.7,4.22,4.1,1,0.12,219.0,263.34,210,0,3.7
ORD101613,2025-09-10,Tamil Nadu,Madurai,Books,Van,6,0.76,40.5,93.17,Heavy Rain,9.4,4.38,6.4,0,0.0,122.66,141.93,105,0,5.0
ORD101614,2025-01-22,Telangana,Warangal,Books,Van,5,1.6,26.4,90.53,Normal,8.4,4.4,5.6,0,0.0,161.67,190.49,40,0,4.3
ORD101615,2025-03-05,Maharashtra,Nagpur,Electronics,Truck,6,2.0,33.7,91.42,Normal,12.7,4.23,5.2,0,0.0,157.23,181.15,5,1,3.8
ORD101616,2025-10-17,Delhi,Dwarka,Home & Kitchen,Van,4,4.28,10.2,91.04,Normal,6.3,1.85,2.6,0,0.0,134.33,151.3,127,0,4.6
ORD101617,2025-07-05,Gujarat,Surat,Electronics,Truck,7,0.99,15.5,88.26,Normal,8.5,5.02,4.9,1,0.12,118.1,147.06,271,0,4.2
ORD101618,2025-02-14,Karnataka,Bengaluru,Home & Kitchen,Van,9,1.18,223.6,88.46,Rain,6.1,5.86,5.8,1,0.06,377.39,433.15,5,1,5.0
ORD101619,2025-12-28,Tamil Nadu,Madurai,Home & Kitchen,Van,6,1.46,89.9,88.81,Normal,3.4,3.62,6.0,0,0.0,255.97,304.53,77,0,5.0
ORD101620,2025-04-07,Rajasthan,Udaipur,Books,Van,8,1.22,71.7,88.16,Heavy Rain,8.9,5.31,5.2,1,0.11,235.33,289.6,228,0,4.6
ORD101621,2025-01-02,Gujarat,Vadodara,Fashion,Van,5,1.44,89.0,90.42,Normal,5.9,0.7,1.4,0,0.0,205.95,234.09,5,1,5.0
ORD101622,2025-12-04,Gujarat,Ahmedabad,Fashion,Van,7,1.09,52.9,87.39,Normal,14.2,3.54,4.3,0,0.0,128.92,182.22,98,0,4.2
ORD101623,2025-01-07,Karnataka,Bengaluru,Grocery,Van,7,2.64,68.6,86.95,Heavy Rain,6.3,4.43,5.1,0,0.0,220.04,267.43,5,1,4.8
ORD101624,2025-07-21,Rajasthan,Jaipur,Books,Bike,4,1.47,56.6,86.55,Normal,5.5,2.37,3.2,0,0.0,156.34,188.06,5,1,4.2
ORD101625,2025-12-29,West Bengal,Kolkata,Home & Kitchen,Van,7,2.03,101.2,88.32,Normal,7.9,3.99,6.4,0,0.0,205.93,245.01,5,1,4.6
ORD101626,2025-07-30,Tamil Nadu,Chennai,Home & Kitchen,Bike,7,2.45,129.4,88.07,Normal,10.1,2.88,3.7,0,0.0,247.31,300.86,5,1,4.5
ORD101627,2025-08-02,Tamil Nadu,Chennai,Sports,Van,7,0.82,42.3,87.82,Rain,9.7,4.49,5.6,0,0.0,161.49,188.13,75,0,4.7
ORD101628,2025-05-22,Gujarat,Vadodara,Home & Kitchen,Bike,3,2.96,32.9,89.11,Rain,2.3,2.28,2.7,0,0.0,131.93,151.32,7,1,5.0
ORD101629,2025-02-16,Rajasthan,Jaipur,Grocery,Bike,5,2.31,49.0,86.87,Normal,10.3,1.38,1.9,0,0.0,118.18,162.71,34,0,5.0
ORD101630,2025-07-29,Telangana,Warangal,Grocery,Bike,6,2.31,43.5,90.33,Rain,7.0,3.25,4.4,0,0.0,162.34,205.44,28,0,4.5
ORD101631,2025-11-24,Delhi,Dwarka,Beauty,Van,7,1.85,102.4,87.03,Normal,1.0,2.13,4.1,0,0.0,265.18,296.77,5,1,4.3
ORD101632,2025-02-03,Karnataka,Mysuru,Home & Kitchen,Bike,11,1.69,72.6,86.92,Normal,9.1,2.13,4.0,0,0.0,258.61,327.93,5,1,5.0
ORD101633,2025-11-18,Tamil Nadu,Madurai,Electronics,Bike,3,2.0,36.0,87.89,Normal,3.8,1.28,1.0,1,0.28,89.8,87.95,5,1,4.1
ORD101634,2025-06-01,Tamil Nadu,Chennai,Fashion,Van,5,2.14,230.3,88.81,Normal,10.0,4.11,3.3,1,0.81,332.32,379.58,5,1,4.6
ORD101635,2025-07-15,West Bengal,Siliguri,Beauty,Van,10,0.94,14.9,90.63,Normal,9.5,3.71,6.3,0,0.0,186.4,245.46,231,0,3.2
ORD101636,2025-03-02,Tamil Nadu,Madurai,Books,Truck,8,5.61,114.1,88.96,Normal,11.2,5.22,5.4,0,0.0,218.59,260.36,5,1,4.5
ORD101637,2025-08-15,Gujarat,Ahmedabad,Grocery,Truck,3,1.28,42.5,86.23,Normal,9.2,3.4,3.8,0,0.0,126.05,156.08,5,1,5.0
ORD101638,2025-03-08,Telangana,Nizamabad,Sports,Bike,4,2.1,55.6,90.01,Rain,5.5,3.69,3.9,0,0.0,147.75,177.46,5,1,3.8
ORD101639,2025-04-10,Gujarat,Surat,Sports,Van,6,4.29,94.0,89.99,Normal,8.2,2.7,2.2,1,0.5,180.66,235.35,5,1,3.1
ORD101640,2025-09-21,Karnataka,Mangaluru,Grocery,Van,5,1.61,6.4,88.13,Normal,9.8,1.82,1.8,1,0.02,157.77,171.27,113,0,3.2
ORD101641,2025-01-19,Tamil Nadu,Chennai,Electronics,Van,7,2.35,95.4,89.5,Rain,8.3,4.77,5.0,0,0.0,230.32,282.47,5,1,4.6
ORD101642,2025-06-13,West Bengal,Kolkata,Fashion,Van,2,0.48,125.4,91.79,Rain,3.7,4.65,4.9,0,0.0,175.62,188.27,5,1,4.1
ORD101643,2025-08-06,Karnataka,Mysuru,Beauty,Van,8,0.56,147.7,87.67,Normal,11.5,4.04,3.9,1,0.14,252.88,297.32,5,1,4.2
ORD101644,2025-02-18,Tamil Nadu,Madurai,Beauty,Van,2,1.98,39.9,90.97,Normal,6.0,2.02,3.5,0,0.0,110.57,123.51,5,1,5.0
ORD101645,2025-04-18,Maharashtra,Mumbai,Home & Kitchen,Van,6,2.28,114.3,91.54,Normal,5.4,3.85,4.5,0,0.0,238.59,274.55,5,1,4.1
ORD101646,2025-05-06,West Bengal,Siliguri,Beauty,Van,3,4.13,135.0,89.6,Normal,11.3,3.11,3.9,0,0.0,255.18,298.03,5,1,4.8
ORD101647,2025-08-31,Telangana,Nizamabad,Fashion,Bike,2,3.39,131.6,87.09,Normal,1.3,1.03,1.8,0,0.0,199.76,260.06,5,1,4.5
ORD101648,2025-12-23,Karnataka,Mysuru,Home & Kitchen,Truck,6,0.72,81.6,91.67,Rain,5.5,4.51,4.7,0,0.0,154.72,196.61,5,1,3.4
ORD101649,2025-11-02,Karnataka,Mangaluru,Books,Truck,5,4.59,151.8,90.99,Normal,5.9,3.4,3.5,0,0.0,262.48,309.27,5,1,4.0
ORD101650,2025-03-11,Maharashtra,Nagpur,Fashion,Bike,7,0.93,252.7,90.34,Normal,9.8,4.37,3.7,1,0.67,361.99,446.01,5,1,4.2
ORD101651,2025-01-07,Tamil Nadu,Chennai,Beauty,Van,5,3.53,70.1,89.28,Heavy Rain,6.3,4.2,5.6,0,0.0,222.03,286.7,5,1,4.8
ORD101652,2025-01-19,Karnataka,Mangaluru,Beauty,Truck,4,1.5,41.9,91.48,Normal,4.9,2.23,2.8,0,0.0,138.3,165.18,138,0,3.7
ORD101653,2025-08-06,Tamil Nadu,Madurai,Beauty,Van,6,11.77,84.6,87.88,Heavy Rain,11.1,6.26,8.1,0,0.0,261.67,300.74,30,0,4.4
ORD101654,2025-02-27,Delhi,New Delhi,Home & Kitchen,Bike,8,1.37,52.9,90.97,Normal,9.9,2.14,3.2,0,0.0,175.06,193.45,5,1,3.3
ORD101655,2025-03-26,West Bengal,Durgapur,Beauty,Van,8,1.92,48.3,88.87,Rain,7.3,3.8,5.9,0,0.0,196.27,222.75,205,0,4.5
ORD101656,2025-11-06,Rajasthan,Jodhpur,Home & Kitchen,Van,4,2.23,202.5,86.45,Normal,7.3,4.75,5.1,0,0.0,266.63,282.65,5,1,4.8
ORD101657,2025-11-15,West Bengal,Siliguri,Grocery,Bike,8,1.72,58.1,87.68,Normal,5.2,3.4,3.2,1,0.2,199.75,234.24,287,0,3.1
ORD101658,2025-11-03,Tamil Nadu,Madurai,Electronics,Van,4,1.05,56.6,90.24,Rain,6.0,4.79,7.2,0,0.0,162.38,210.4,5,1,3.9
ORD101659,2025-04-03,Maharashtra,Pune,Sports,Van,6,8.44,48.9,89.93,Heavy Rain,7.9,5.02,6.8,0,0.0,199.54,216.52,5,1,3.8
ORD101660,2025-08-15,Tamil Nadu,Chennai,Books,Bike,10,1.35,92.1,90.35,Normal,5.4,3.02,2.0,1,1.02,277.49,319.12,24,1,3.9
ORD101661,2025-08-11,Maharashtra,Mumbai,Fashion,Truck,3,1.32,107.8,88.91,Normal,2.1,3.26,4.4,0,0.0,215.45,255.56,5,1,4.9
ORD101662,2025-03-09,Gujarat,Ahmedabad,Home & Kitchen,Bike,6,1.88,165.5,89.97,Rain,6.3,3.61,4.9,0,0.0,302.97,323.29,5,1,5.0
ORD101663,2025-07-22,Karnataka,Mysuru,Fashion,Van,4,2.28,32.6,90.73,Normal,9.3,2.86,3.4,0,0.0,128.05,152.99,20,0,3.7
ORD101664,2025-07-11,Delhi,Rohini,Grocery,Van,9,1.29,162.5,93.87,Normal,9.8,3.24,2.8,1,0.44,281.15,299.21,5,1,3.9
ORD101665,2025-05-25,Maharashtra,Mumbai,Grocery,Bike,8,3.74,38.0,88.94,Normal,6.8,1.59,2.1,0,0.0,162.78,195.45,5,1,5.0
ORD101666,2025-10-02,West Bengal,Siliguri,Grocery,Van,2,2.22,31.8,91.51,Normal,12.5,1.01,1.9,0,0.0,115.01,103.46,5,1,4.7
ORD101667,2025-09-05,Karnataka,Mysuru,Sports,Van,5,2.04,64.5,90.85,Rain,4.3,3.66,3.7,0,0.0,174.2,191.02,133,0,3.7
ORD101668,2025-07-14,Tamil Nadu,Chennai,Fashion,Van,2,2.89,34.7,89.93,Normal,7.4,2.93,4.3,0,0.0,106.4,116.86,11,0,4.4
ORD101669,2025-09-22,Tamil Nadu,Chennai,Grocery,Van,4,1.16,92.4,87.38,Normal,5.2,2.23,1.5,1,0.73,163.89,189.37,5,1,4.4
ORD101670,2025-10-06,Rajasthan,Jaipur,Fashion,Truck,5,1.38,47.7,92.25,Normal,9.9,2.87,3.7,0,0.0,148.23,179.1,27,0,4.5
ORD101671,2025-07-26,Telangana,Nizamabad,Grocery,Truck,5,1.99,126.3,90.21,Normal,6.7,4.85,7.3,0,0.0,191.47,268.41,5,1,4.9
ORD101672,2025-04-08,Rajasthan,Jaipur,Fashion,Bike,6,3.69,102.2,88.72,Heavy Rain,6.9,5.09,6.3,0,0.0,208.29,255.53,5,1,5.0
ORD101673,2025-10-04,Maharashtra,Nagpur,Books,Van,6,1.72,108.7,88.21,Normal,9.7,3.82,5.8,0,0.0,214.66,226.63,5,1,3.7
ORD101674,2025-09-19,Telangana,Warangal,Electronics,Van,10,1.64,87.1,90.3,Rain,8.3,5.71,6.3,0,0.0,264.29,294.0,5,1,4.0
ORD101675,2025-12-25,Tamil Nadu,Chennai,Home & Kitchen,Truck,7,0.51,84.6,88.16,Rain,9.4,6.17,7.1,0,0.0,226.53,292.9,34,0,4.1
ORD101676,2025-02-24,Delhi,New Delhi,Home & Kitchen,Truck,3,1.28,44.8,88.84,Normal,5.9,2.99,3.3,0,0.0,72.01,97.57,5,1,4.4
ORD101677,2025-06-03,Rajasthan,Jodhpur,Sports,Van,12,0.69,49.1,88.82,Normal,2.7,3.42,3.8,0,0.0,189.71,262.73,158,0,4.5
ORD101678,2025-12-04,Delhi,Dwarka,Beauty,Truck,7,0.81,50.6,89.99,Normal,12.9,1.82,3.0,0,0.0,189.41,247.11,82,0,5.0
ORD101679,2025-07-07,Gujarat,Vadodara,Fashion,Van,12,2.55,120.4,91.01,Rain,10.8,4.73,4.6,1,0.13,309.98,368.39,5,1,3.5
ORD101680,2025-12-11,Telangana,Warangal,Fashion,Bike,3,17.41,91.7,89.38,Normal,7.4,4.17,5.6,0,0.0,269.58,295.1,5,1,5.0
ORD101681,2025-01-05,West Bengal,Kolkata,Fashion,Van,5,2.28,50.3,89.59,Normal,10.4,3.24,4.4,0,0.0,139.77,157.13,5,1,5.0
ORD101682,2025-01-13,Telangana,Hyderabad,Books,Van,5,2.5,73.7,90.19,Normal,4.6,4.04,3.6,1,0.44,164.6,207.87,77,0,4.4
ORD101683,2025-10-18,Tamil Nadu,Coimbatore,Sports,Van,4,1.23,159.4,88.66,Normal,4.3,2.79,4.4,0,0.0,222.77,260.02,5,1,5.0
ORD101684,2025-05-11,Rajasthan,Jodhpur,Books,Van,4,1.02,3.0,88.98,Rain,3.0,4.63,7.2,0,0.0,30.0,64.87,74,0,4.4
ORD101685,2025-07-09,Gujarat,Vadodara,Books,Van,8,7.66,67.5,89.21,Rain,8.2,4.47,6.0,0,0.0,209.26,239.33,5,1,3.7
ORD101686,2025-06-06,West Bengal,Siliguri,Home & Kitchen,Truck,6,1.19,75.3,90.59,Normal,5.6,4.35,3.3,1,1.05,158.4,195.51,5,1,3.1
ORD101687,2025-05-29,West Bengal,Durgapur,Home & Kitchen,Bike,3,0.55,47.8,92.99,Normal,5.4,3.33,6.2,0,0.0,96.27,105.93,5,1,4.6
ORD101688,2025-12-09,West Bengal,Durgapur,Beauty,Van,9,2.36,23.1,87.87,Normal,4.8,3.11,1.8,1,1.31,153.6,215.09,178,0,3.6
ORD101689,2025-02-04,Tamil Nadu,Madurai,Grocery,Van,7,1.52,45.2,90.57,Normal,5.9,3.29,2.4,1,0.89,147.33,180.28,5,1,3.5
ORD101690,2025-10-09,West Bengal,Kolkata,Home & Kitchen,Bike,8,2.97,39.3,89.75,Normal,9.3,2.76,1.9,1,0.86,178.76,213.93,238,0,4.3
ORD101691,2025-11-21,Telangana,Warangal,Grocery,Van,6,5.58,76.7,89.88,Rain,11.2,3.51,4.0,0,0.0,224.31,254.7,5,1,4.4
ORD101692,2025-08-28,Tamil Nadu,Chennai,Home & Kitchen,Van,9,2.56,41.5,89.32,Rain,8.6,3.96,2.9,1,1.06,124.63,183.27,71,0,3.1
ORD101693,2025-05-25,Gujarat,Surat,Home & Kitchen,Bike,6,2.33,73.8,92.28,Normal,6.1,2.1,1.0,1,1.1,166.42,244.03,5,1,3.2
ORD101694,2025-02-28,Maharashtra,Nagpur,Home & Kitchen,Truck,8,3.09,184.0,85.88,Normal,9.7,3.6,3.7,0,0.0,300.21,399.97,5,1,5.0
ORD101695,2025-09-07,Tamil Nadu,Chennai,Books,Van,2,11.68,32.9,88.22,Rain,10.0,4.98,5.0,0,0.0,116.17,138.83,114,0,3.7
ORD101696,2025-06-21,West Bengal,Kolkata,Grocery,Bike,7,8.86,133.6,92.25,Rain,11.3,3.21,3.6,0,0.0,322.33,352.11,5,1,3.8
ORD101697,2025-02-24,Gujarat,Ahmedabad,Beauty,Bike,5,1.64,63.5,92.41,Rain,8.2,3.72,4.8,0,0.0,136.56,155.41,20,0,5.0
ORD101698,2025-05-12,Maharashtra,Mumbai,Books,Van,9,3.73,10.3,93.5,Rain,6.7,2.63,4.6,0,0.0,183.61,225.35,221,0,4.9
ORD101699,2025-12-17,West Bengal,Kolkata,Books,Truck,7,6.43,127.5,90.9,Normal,8.1,3.89,4.5,0,0.0,255.68,272.15,5,1,5.0
ORD101700,2025-04-07,Maharashtra,Nagpur,Fashion,Van,7,3.16,125.6,91.24,Normal,8.4,3.36,4.4,0,0.0,287.33,320.67,5,1,5.0
ORD101701,2025-03-07,Gujarat,Vadodara,Books,Bike,6,1.93,32.5,87.04,Normal,1.2,3.1,3.5,0,0.0,127.25,168.25,5,1,4.8
ORD101702,2025-09-06,West Bengal,Durgapur,Home & Kitchen,Bike,2,1.46,92.9,90.42,Rain,5.9,3.8,5.5,0,0.0,132.25,127.36,5,1,4.6
ORD101703,2025-03-14,Delhi,Rohini,Beauty,Van,4,2.15,61.9,91.45,Normal,11.0,1.59,3.6,0,0.0,148.98,180.37,17,0,4.6
ORD101704,2025-12-02,Telangana,Nizamabad,Electronics,Van,7,0.96,81.6,89.58,Normal,6.0,3.44,3.6,0,0.0,239.21,268.72,5,1,5.0
ORD101705,2025-11-10,Telangana,Nizamabad,Fashion,Van,8,3.6,44.2,90.32,Normal,3.7,4.43,3.9,1,0.53,205.0,232.69,126,0,3.4
ORD101706,2025-12-25,Maharashtra,Nagpur,Beauty,Bike,4,4.97,35.2,92.72,Rain,5.3,3.71,3.9,0,0.0,127.07,156.05,198,0,4.4
ORD101707,2025-11-30,West Bengal,Kolkata,Electronics,Van,6,1.56,29.5,93.15,Heavy Rain,5.5,4.8,5.1,0,0.0,147.93,199.14,108,0,3.9
ORD101708,2025-03-30,Karnataka,Mysuru,Fashion,Van,8,1.5,149.5,91.0,Normal,10.7,2.67,3.2,0,0.0,266.79,315.67,5,1,4.6
ORD101709,2025-03-19,Maharashtra,Pune,Grocery,Van,3,1.01,33.1,90.48,Normal,12.8,1.68,2.4,0,0.0,193.07999999999998,181.54,44,0,4.9
ORD101710,2025-05-06,Telangana,Warangal,Beauty,Bike,6,2.73,92.0,91.91,Normal,7.8,3.39,3.9,0,0.0,228.77,268.8,5,1,4.8
ORD101711,2025-06-21,Karnataka,Mangaluru,Electronics,Van,12,2.0,33.7,89.95,Normal,7.3,2.52,2.1,1,0.42,220.98,256.02,178,0,3.4
ORD101712,2025-11-18,Karnataka,Bengaluru,Electronics,Van,7,0.79,255.1,92.52,Normal,4.5,4.16,4.6,0,0.0,370.34,445.47,5,1,5.0
ORD101713,2025-09-25,West Bengal,Siliguri,Fashion,Van,7,13.39,33.0,89.72,Normal,11.6,2.75,3.7,0,0.0,208.0,259.61,175,0,4.2
ORD101714,2025-08-24,Tamil Nadu,Madurai,Books,Bike,4,0.63,32.2,92.03,Normal,8.3,1.63,3.7,0,0.0,117.01,142.82,130,0,4.4
ORD101715,2025-11-17,Maharashtra,Mumbai,Books,Van,10,0.79,163.8,90.67,Normal,11.5,3.91,4.1,0,0.0,329.31,369.81,5,1,5.0
ORD101716,2025-08-24,Delhi,Dwarka,Home & Kitchen,Van,7,3.71,58.3,89.61,Normal,6.6,3.22,3.9,0,0.0,216.9,229.71,173,0,4.5
ORD101717,2025-05-19,West Bengal,Siliguri,Grocery,Bike,11,3.09,26.7,91.4,Rain,13.3,4.5,5.1,0,0.0,198.59,252.87,180,0,4.4
ORD101718,2025-05-31,Rajasthan,Jaipur,Beauty,Van,5,1.27,66.6,90.07,Rain,7.3,5.07,5.3,0,0.0,111.45,146.49,40,0,5.0
ORD101719,2025-07-08,Delhi,New Delhi,Sports,Van,3,1.21,37.3,92.59,Normal,4.4,5.09,5.3,0,0.0,130.4,157.48,5,1,4.7
ORD101720,2025-02-02,Maharashtra,Nagpur,Electronics,Bike,6,2.0,282.6,89.03,Normal,2.3,4.62,3.6,1,1.02,374.62,399.75,5,1,3.9
ORD101721,2025-09-28,West Bengal,Kolkata,Beauty,Van,3,2.57,16.2,91.25,Normal,5.1,3.06,4.1,0,0.0,121.52,122.48,5,1,4.4
ORD101722,2025-08-27,Karnataka,Mangaluru,Beauty,Van,6,1.27,105.9,89.55,Normal,5.9,2.63,3.9,0,0.0,176.44,204.55,5,1,4.3
ORD101723,2025-09-24,West Bengal,Siliguri,Home & Kitchen,Bike,5,3.84,167.5,93.05,Normal,4.5,4.35,4.7,0,0.0,283.29,339.5,5,1,4.5
ORD101724,2025-07-14,Maharashtra,Pune,Electronics,Truck,6,2.92,114.7,92.2,Heavy Rain,8.6,7.18,8.3,0,0.0,226.84,272.93,5,1,4.1
ORD101725,2025-10-13,Gujarat,Surat,Electronics,Van,5,4.8,42.8,90.85,Rain,5.6,3.1,2.2,1,0.9,150.83,193.02,45,0,3.4
ORD101726,2025-12-13,Delhi,Dwarka,Fashion,Truck,7,1.95,137.6,90.93,Normal,5.3,3.44,5.4,0,0.0,296.72,334.44,5,1,4.3
ORD101727,2025-07-28,Maharashtra,Pune,Grocery,Bike,7,3.41,77.8,94.01,Normal,5.6,2.08,2.1,0,0.0,193.41,203.02,5,1,4.9
ORD101728,2025-06-12,Tamil Nadu,Coimbatore,Grocery,Truck,8,1.74,102.9,92.37,Normal,4.5,2.92,3.4,0,0.0,272.28,337.3,5,1,5.0
ORD101729,2025-02-08,Maharashtra,Pune,Home & Kitchen,Truck,8,2.86,117.5,89.67,Normal,6.7,4.51,6.0,0,0.0,312.65,363.46,21,1,3.5
ORD101730,2025-10-12,Rajasthan,Udaipur,Books,Bike,4,2.54,31.5,92.73,Normal,5.3,1.43,1.0,1,0.43,95.34,115.91,5,1,4.1
ORD101731,2025-11-26,West Bengal,Siliguri,Fashion,Van,7,3.49,98.8,90.06,Heavy Rain,7.3,5.71,6.0,0,0.0,209.25,230.48,5,1,4.4
ORD101732,2025-09-13,Telangana,Nizamabad,Sports,Van,7,2.82,112.5,91.37,Rain,8.7,4.89,4.9,0,0.0,237.32,280.91,5,1,5.0
ORD101733,2025-11-12,Telangana,Hyderabad,Electronics,Van,4,0.59,67.5,87.34,Normal,10.3,3.3,4.5,0,0.0,144.7,171.98,5,1,4.4
ORD101734,2025-11-11,West Bengal,Kolkata,Books,Van,5,1.34,42.4,92.61,Normal,9.4,2.55,2.4,1,0.15,170.26,195.68,53,0,3.3
ORD101735,2025-10-19,Maharashtra,Nagpur,Sports,Truck,10,2.13,64.2,89.96,Normal,4.8,3.15,4.5,0,0.0,255.26,321.02,75,0,4.9
ORD101736,2025-07-03,Karnataka,Mysuru,Books,Van,6,2.73,199.3,90.82,Normal,9.7,4.49,5.4,0,0.0,299.07,358.82,5,1,4.9
ORD101737,2025-02-06,Gujarat,Surat,Books,Truck,4,3.44,92.0,88.7,Normal,9.5,1.77,1.0,1,0.77,169.69,223.68,5,1,3.8
ORD101738,2025-01-02,Tamil Nadu,Chennai,Fashion,Truck,6,2.88,71.9,91.56,Normal,9.3,3.86,5.3,0,0.0,182.86,224.6,5,1,4.7
ORD101739,2025-03-16,Delhi,New Delhi,Grocery,Truck,9,1.27,32.5,91.39,Rain,7.2,5.18,7.5,0,0.0,186.29,259.6,149,0,5.0
ORD101740,2025-06-07,Telangana,Hyderabad,Beauty,Van,9,3.66,135.9,88.99,Normal,12.3,4.17,4.0,1,0.17,263.54,296.66,5,1,4.6
ORD101741,2025-09-29,Gujarat,Surat,Fashion,Van,8,1.19,98.1,91.37,Normal,5.7,4.33,4.5,0,0.0,199.26,257.12,5,1,4.8
ORD101742,2025-06-16,Tamil Nadu,Coimbatore,Sports,Truck,10,4.58,52.0,90.85,Normal,11.7,4.79,4.3,1,0.49,210.76,265.71,5,1,3.5
ORD101743,2025-01-09,Tamil Nadu,Coimbatore,Home & Kitchen,Van,9,4.78,45.6,93.56,Normal,11.3,2.88,3.5,0,0.0,201.18,241.1,16,1,3.8
ORD101744,2025-03-18,Telangana,Hyderabad,Fashion,Bike,4,2.0,28.5,90.1,Normal,7.9,3.29,5.0,0,0.0,111.73,124.53,51,0,4.1
ORD101745,2025-12-24,Maharashtra,Mumbai,Sports,Van,11,1.32,100.9,92.26,Rain,4.5,4.5,4.6,0,0.0,219.93,284.32,42,1,5.0
ORD101746,2025-12-27,Gujarat,Vadodara,Home & Kitchen,Bike,5,1.28,15.2,88.78,Normal,7.4,1.94,1.8,1,0.14,105.77,155.5,229,0,4.2
ORD101747,2025-05-18,West Bengal,Durgapur,Electronics,Truck,6,0.99,103.4,91.59,Normal,9.3,4.71,6.5,0,0.0,177.99,242.26,77,0,3.5
ORD101748,2025-10-21,Maharashtra,Mumbai,Home & Kitchen,Van,6,1.11,16.3,92.12,Normal,7.4,2.41,2.4,1,0.01,130.25,169.84,144,0,2.9
ORD101749,2025-09-20,Gujarat,Surat,Grocery,Van,6,1.79,60.6,92.23,Rain,7.1,4.09,4.1,0,0.0,142.8,172.09,6,1,3.1
ORD101750,2025-12-06,Karnataka,Mysuru,Books,Bike,3,1.4,138.7,91.31,Normal,5.3,2.57,3.0,0,0.0,218.56,271.85,5,1,4.8
ORD101751,2025-11-20,West Bengal,Durgapur,Electronics,Van,6,0.71,12.5,94.66,Rain,5.9,5.23,4.3,1,0.93,118.42,150.34,68,0,3.7
ORD101752,2025-08-18,Maharashtra,Mumbai,Grocery,Bike,6,1.47,159.1,90.92,Rain,7.0,4.48,4.4,1,0.08,301.74,329.19,5,1,3.7
ORD101753,2025-05-25,Tamil Nadu,Madurai,Beauty,Van,6,2.14,44.7,92.46,Rain,10.4,3.65,6.0,0,0.0,168.33,185.56,206,0,4.5
ORD101754,2025-08-17,Gujarat,Ahmedabad,Grocery,Van,5,1.62,63.6,91.05,Heavy Rain,5.2,4.13,5.5,0,0.0,159.4,211.39,88,0,4.3
ORD101755,2025-04-27,West Bengal,Siliguri,Grocery,Van,6,1.13,44.8,90.13,Normal,8.2,2.43,3.7,0,0.0,154.36,200.72,5,1,4.2
ORD101756,2025-05-08,West Bengal,Durgapur,Sports,Bike,9,0.43,48.8,89.53,Rain,1.5,3.94,5.2,0,0.0,192.97,253.88,5,1,5.0
ORD101757,2025-08-11,Tamil Nadu,Coimbatore,Fashion,Van,3,4.24,35.4,90.04,Normal,5.2,1.98,3.2,0,0.0,113.02,131.7,5,1,4.9
ORD101758,2025-07-28,Rajasthan,Jodhpur,Home & Kitchen,Van,6,1.96,130.5,92.8,Rain,9.1,4.84,5.2,0,0.0,235.32,262.24,5,1,5.0
ORD101759,2025-08-01,Maharashtra,Pune,Beauty,Truck,10,2.48,109.6,94.13,Normal,11.3,3.42,4.0,0,0.0,259.97,294.67,85,0,5.0
ORD101760,2025-05-21,Rajasthan,Jodhpur,Fashion,Truck,5,2.26,261.6,92.85,Rain,4.2,3.86,4.9,0,0.0,647.3000000000001,148.91,28,0,5.0
ORD101761,2025-05-30,Gujarat,Surat,Fashion,Van,7,2.78,92.8,91.18,Normal,8.5,4.26,4.5,0,0.0,210.92,228.05,5,1,3.9
ORD101762,2025-01-04,Maharashtra,Mumbai,Electronics,Bike,3,2.35,80.1,90.68,Normal,8.3,1.35,3.2,0,0.0,150.67,207.23,5,1,4.8
ORD101763,2025-08-08,Gujarat,Surat,Electronics,Bike,4,2.15,53.9,92.13,Normal,4.6,1.08,1.0,1,0.08,144.8,158.94,5,1,2.9
ORD101764,2025-07-30,Delhi,New Delhi,Sports,Truck,7,3.31,96.7,89.99,Normal,3.7,3.23,3.6,0,0.0,242.83,282.12,5,1,4.1
ORD101765,2025-12-08,Tamil Nadu,Chennai,Electronics,Truck,6,3.8,62.2,93.48,Rain,4.2,5.66,7.4,0,0.0,209.82,240.85,5,1,5.0
ORD101766,2025-07-04,Karnataka,Mangaluru,Beauty,Bike,7,4.95,120.2,92.58,Normal,4.0,2.24,3.8,0,0.0,244.61,260.87,5,1,4.2
ORD101767,2025-06-20,Gujarat,Ahmedabad,Grocery,Van,7,1.17,36.6,90.19,Normal,9.3,2.35,2.6,0,0.0,124.75,129.8,62,0,4.7
ORD101768,2025-01-25,Gujarat,Surat,Electronics,Van,4,2.37,112.5,94.64,Normal,6.9,3.19,4.2,0,0.0,222.34,276.12,5,1,5.0
ORD101769,2025-03-13,Telangana,Hyderabad,Home & Kitchen,Bike,7,0.71,15.0,89.81,Normal,6.4,3.35,4.3,0,0.0,191.0,247.67,112,0,4.5
ORD101770,2025-05-04,Rajasthan,Jodhpur,Fashion,Truck,4,1.47,75.7,92.1,Normal,4.3,3.77,6.4,0,0.0,176.04,227.03,5,1,4.4
ORD101771,2025-05-18,Tamil Nadu,Coimbatore,Beauty,Truck,6,1.77,69.3,93.53,Normal,10.0,3.92,3.9,1,0.02,174.06,222.15,5,1,3.8
ORD101772,2025-05-13,Gujarat,Ahmedabad,Fashion,Truck,7,3.26,37.9,93.38,Rain,7.3,4.96,5.8,0,0.0,178.35,200.77,157,0,4.3
ORD101773,2025-05-24,Gujarat,Vadodara,Grocery,Bike,5,1.87,98.5,90.96,Normal,7.7,1.18,1.5,0,0.0,202.58,253.81,5,1,4.2
ORD101774,2025-10-08,Maharashtra,Mumbai,Home & Kitchen,Van,5,3.12,104.3,91.37,Normal,4.8,3.0,5.1,0,0.0,210.14,242.86,5,1,4.4
ORD101775,2025-02-17,West Bengal,Durgapur,Electronics,Truck,3,1.61,44.2,90.41,Normal,3.3,2.8,3.4,0,0.0,99.23,132.69,63,0,4.7
ORD101776,2025-05-02,Karnataka,Mysuru,Electronics,Van,4,1.38,53.8,92.55,Normal,9.1,2.46,2.6,0,0.0,166.24,193.24,34,0,4.4
ORD101777,2025-03-01,Gujarat,Surat,Fashion,Van,7,1.2,87.2,93.66,Normal,7.8,4.09,5.5,0,0.0,188.46,238.7,5,1,4.4
ORD101778,2025-04-23,Maharashtra,Pune,Fashion,Van,3,3.15,18.6,88.77,Normal,6.8,3.16,3.1,1,0.06,129.87,158.82,11,1,4.0
ORD101779,2025-09-07,Telangana,Warangal,Sports,Bike,5,1.57,367.2,93.23,Heavy Rain,7.7,4.58,5.4,0,0.0,802.95,184.05,138,0,3.9
ORD101780,2025-01-18,West Bengal,Kolkata,Electronics,Van,3,0.42,48.4,91.37,Normal,8.5,3.53,4.8,0,0.0,154.56,188.14,143,0,4.4
ORD101781,2025-05-04,Karnataka,Mangaluru,Beauty,Truck,6,3.04,56.7,92.12,Normal,10.3,4.98,4.1,1,0.88,195.43,229.94,110,0,4.2
ORD101782,2025-01-09,Delhi,New Delhi,Beauty,Bike,5,1.1,115.6,90.39,Rain,4.1,2.18,2.1,1,0.08,152.64,201.83,5,1,3.3
ORD101783,2025-12-15,West Bengal,Durgapur,Grocery,Bike,5,2.28,111.0,91.22,Normal,6.3,2.22,4.6,0,0.0,177.62,226.64,5,1,4.8
ORD101784,2025-09-23,Gujarat,Surat,Grocery,Van,7,0.97,35.4,95.94,Normal,5.0,2.37,3.3,0,0.0,193.07999999999998,166.42,86,0,4.9
ORD101785,2025-03-30,West Bengal,Durgapur,Electronics,Van,7,2.03,73.5,91.77,Normal,8.1,3.99,3.7,1,0.29,241.74,279.23,5,1,4.9
ORD101786,2025-03-14,Rajasthan,Jaipur,Grocery,Bike,9,0.31,84.4,92.39,Rain,7.2,4.51,5.3,0,0.0,214.81,228.71,5,1,4.7
ORD101787,2025-02-06,Maharashtra,Nagpur,Home & Kitchen,Bike,11,1.97,94.9,90.79,Normal,8.3,3.03,2.0,1,1.03,233.45,265.89,5,1,3.4
ORD101788,2025-06-22,Rajasthan,Jodhpur,Books,Van,11,2.0,27.2,97.11,Normal,8.4,4.06,4.9,0,0.0,218.83,267.16,223,0,4.5
ORD101789,2025-10-03,Delhi,New Delhi,Home & Kitchen,Bike,4,0.88,9.6,93.32,Normal,5.8,2.61,3.7,0,0.0,137.65,152.85,151,0,4.2
ORD101790,2025-08-02,West Bengal,Kolkata,Grocery,Van,9,3.31,216.8,92.47,Normal,14.8,3.52,4.1,0,0.0,347.13,405.35,5,1,4.4
ORD101791,2025-11-18,West Bengal,Durgapur,Grocery,Van,6,1.86,40.4,94.19,Normal,2.5,3.08,3.1,0,0.0,142.18,181.02,7,1,3.8
ORD101792,2025-05-06,West Bengal,Durgapur,Grocery,Van,3,1.72,65.7,93.2,Rain,5.8,3.0,5.3,0,0.0,183.6,197.95,5,1,4.5
ORD101793,2025-04-12,Delhi,Dwarka,Home & Kitchen,Van,8,1.26,85.9,92.28,Rain,4.2,3.23,3.6,0,0.0,187.45,212.37,5,1,5.0
ORD101794,2025-06-24,Gujarat,Vadodara,Grocery,Van,6,3.6,64.1,92.38,Normal,7.9,3.38,2.4,1,0.98,160.86,169.61,5,1,4.6
ORD101795,2025-03-15,Karnataka,Mangaluru,Grocery,Van,6,1.52,67.4,89.87,Normal,3.7,3.06,3.6,0,0.0,152.18,159.46,5,1,4.9
ORD101796,2025-12-23,Karnataka,Mangaluru,Fashion,Van,6,5.3,83.3,92.0,Normal,7.5,2.52,4.3,0,0.0,219.34,240.27,5,1,4.1
ORD101797,2025-03-09,Delhi,Rohini,Fashion,Van,7,4.48,38.2,91.78,Normal,6.1,3.56,5.7,0,0.0,172.68,194.19,144,0,4.8
ORD101798,2025-06-24,Tamil Nadu,Madurai,Electronics,Van,5,5.09,38.8,93.29,Normal,10.0,4.68,3.0,1,1.68,144.65,190.67,22,0,3.7
ORD101799,2025-07-10,Delhi,Rohini,Home & Kitchen,Van,7,3.78,40.5,92.36,Normal,4.2,3.25,3.2,1,0.05,200.02,235.56,50,0,3.8
ORD101800,2025-01-21,Tamil Nadu,Coimbatore,Grocery,Van,2,1.36,90.8,94.0,Normal,2.4,1.4,1.8,0,0.0,173.13,176.84,5,1,5.0
ORD101801,2025-06-20,Telangana,Warangal,Fashion,Van,6,2.08,105.3,92.97,Normal,4.5,3.31,4.2,0,0.0,254.51,303.85,5,1,4.3
ORD101802,2025-06-15,Rajasthan,Jodhpur,Grocery,Bike,6,1.76,35.1,91.3,Rain,8.2,1.98,1.5,1,0.48,151.35,191.71,83,0,3.7
ORD101803,2025-04-05,Karnataka,Bengaluru,Grocery,Van,4,3.47,38.0,95.52,Normal,7.3,2.21,3.4,0,0.0,157.38,171.54,5,1,4.8
ORD101804,2025-02-16,West Bengal,Siliguri,Grocery,Bike,7,2.0,98.1,92.17,Rain,6.9,3.46,5.0,0,0.0,194.47,253.56,5,1,3.8
ORD101805,2025-01-17,West Bengal,Durgapur,Grocery,Truck,7,1.72,115.8,93.89,Rain,9.2,5.42,5.3,1,0.12,256.36,321.95,5,1,3.8
ORD101806,2025-01-04,Tamil Nadu,Coimbatore,Beauty,Van,8,5.92,125.2,90.56,Normal,2.8,3.4,4.1,0,0.0,301.61,344.11,5,1,5.0
ORD101807,2025-06-25,Karnataka,Mangaluru,Beauty,Bike,8,1.63,41.7,94.33,Heavy Rain,7.3,5.24,6.7,0,0.0,159.68,196.12,164,0,5.0
ORD101808,2025-02-02,Rajasthan,Udaipur,Home & Kitchen,Van,6,1.34,92.3,90.03,Normal,7.2,3.45,5.7,0,0.0,217.04,247.01,5,1,4.0
ORD101809,2025-12-17,Delhi,Rohini,Books,Van,10,1.55,183.5,96.48,Rain,9.1,4.57,6.2,0,0.0,343.83,414.16,5,1,4.0
ORD101810,2025-03-31,Tamil Nadu,Madurai,Sports,Truck,6,4.04,48.8,94.25,Rain,7.7,3.52,3.8,0,0.0,187.02,190.55,5,1,4.2
ORD101811,2025-08-27,Gujarat,Vadodara,Fashion,Truck,6,2.28,109.8,92.66,Rain,8.0,3.67,4.8,0,0.0,247.46,307.0,5,1,2.7
ORD101812,2025-09-03,Maharashtra,Mumbai,Sports,Truck,8,2.71,75.8,94.1,Normal,9.2,4.68,5.2,0,0.0,222.22,249.99,68,0,5.0
ORD101813,2025-06-30,Gujarat,Ahmedabad,Sports,Van,3,2.35,239.3,90.82,Normal,11.2,4.34,4.4,0,0.0,340.16,371.31,5,1,4.9
ORD101814,2025-11-19,West Bengal,Kolkata,Fashion,Truck,4,0.48,10.4,92.76,Normal,8.2,2.78,3.9,0,0.0,67.58,124.49,108,0,3.9
ORD101815,2025-02-10,Delhi,Rohini,Grocery,Van,3,1.01,83.0,94.49,Rain,2.4,3.33,4.5,0,0.0,133.75,151.07,5,1,3.8
ORD101816,2025-03-27,Rajasthan,Udaipur,Grocery,Truck,7,1.68,156.2,94.21,Normal,9.7,5.04,5.7,0,0.0,272.53,332.98,5,1,4.5
ORD101817,2025-04-03,Telangana,Nizamabad,Home & Kitchen,Bike,4,2.47,33.2,93.19,Normal,6.3,1.85,3.5,0,0.0,108.79,135.58,36,0,4.7
ORD101818,2025-02-19,Gujarat,Vadodara,Electronics,Truck,15,1.06,111.9,93.8,Normal,8.9,5.44,5.9,0,0.0,333.55,420.92,5,1,5.0
ORD101819,2025-04-18,Karnataka,Mangaluru,Fashion,Van,4,1.04,50.3,95.2,Normal,2.9,2.61,3.2,0,0.0,128.02,144.24,5,1,4.2
ORD101820,2025-04-25,Gujarat,Vadodara,Books,Bike,4,1.64,16.2,94.58,Normal,5.8,1.89,2.8,0,0.0,99.9,125.14,91,0,4.6
ORD101821,2025-10-07,Tamil Nadu,Madurai,Home & Kitchen,Truck,9,4.77,49.1,89.93,Rain,9.2,5.15,6.1,0,0.0,207.64,257.09,5,1,4.2
ORD101822,2025-04-21,Delhi,New Delhi,Books,Van,8,0.5,35.3,93.32,Normal,9.7,1.11,1.0,1,0.11,173.21,183.92,5,1,3.8
ORD101823,2025-11-16,West Bengal,Durgapur,Grocery,Truck,3,0.36,133.7,93.39,Normal,3.3,3.63,6.0,0,0.0,199.81,219.02,5,1,5.0
ORD101824,2025-10-10,Maharashtra,Pune,Grocery,Bike,3,6.22,241.6,91.13,Normal,5.7,2.82,4.1,0,0.0,343.87,383.0,5,1,5.0
ORD101825,2025-11-26,Tamil Nadu,Coimbatore,Home & Kitchen,Van,4,0.74,52.0,91.51,Rain,5.2,3.66,4.4,0,0.0,126.7,157.35,149,0,4.9
ORD101826,2025-02-08,West Bengal,Durgapur,Fashion,Van,6,1.55,49.4,96.13,Normal,5.8,2.08,2.8,0,0.0,116.27,154.84,62,0,3.8
ORD101827,2025-12-26,Telangana,Hyderabad,Home & Kitchen,Bike,6,0.76,12.4,92.16,Normal,3.4,3.54,4.2,0,0.0,141.42,170.26,137,0,5.0
ORD101828,2025-08-13,Gujarat,Ahmedabad,Home & Kitchen,Van,5,1.65,126.1,92.73,Normal,4.3,3.42,5.4,0,0.0,204.32,240.04,5,1,4.5
ORD101829,2025-12-25,Rajasthan,Jaipur,Electronics,Van,8,1.84,172.5,92.08,Normal,7.2,3.09,4.7,0,0.0,311.97,363.26,5,1,4.7
ORD101830,2025-05-10,West Bengal,Kolkata,Electronics,Bike,4,5.74,99.3,94.29,Normal,8.6,4.02,5.3,0,0.0,208.81,242.16,5,1,4.4
ORD101831,2025-12-14,Rajasthan,Udaipur,Home & Kitchen,Van,8,3.22,47.9,94.07,Normal,7.6,4.47,7.4,0,0.0,249.47,273.17,105,0,4.2
ORD101832,2025-08-03,West Bengal,Durgapur,Beauty,Bike,7,0.87,85.6,97.08,Rain,4.5,4.54,5.8,0,0.0,138.04,177.38,5,1,4.8
ORD101833,2025-01-27,Tamil Nadu,Madurai,Fashion,Truck,11,0.58,123.3,92.66,Normal,8.2,4.53,4.4,1,0.13,270.84,351.48,5,1,3.6
ORD101834,2025-05-30,Gujarat,Vadodara,Home & Kitchen,Truck,6,2.79,63.9,94.59,Normal,4.3,3.71,5.1,0,0.0,192.38,234.06,85,0,4.4
ORD101835,2025-02-20,West Bengal,Siliguri,Books,Van,4,1.44,105.4,90.28,Rain,8.4,4.72,5.9,0,0.0,150.9,165.12,5,1,4.5
ORD101836,2025-12-10,West Bengal,Kolkata,Beauty,Van,6,1.26,54.0,91.15,Rain,11.0,4.36,6.3,0,0.0,164.08,179.9,5,1,4.7
ORD101837,2025-04-22,West Bengal,Durgapur,Sports,Van,5,4.35,24.4,96.12,Rain,7.5,3.89,5.3,0,0.0,193.07999999999998,142.67,5,1,3.7
ORD101838,2025-03-23,Tamil Nadu,Chennai,Grocery,Bike,6,2.0,119.5,95.74,Normal,8.8,2.2,3.0,0,0.0,223.74,260.28,5,1,4.7
ORD101839,2025-07-21,Gujarat,Ahmedabad,Electronics,Truck,3,1.59,78.3,94.58,Normal,4.4,1.2,2.8,0,0.0,154.99,162.95,5,1,4.3
ORD101840,2025-06-05,West Bengal,Kolkata,Sports,Bike,5,3.03,86.1,95.83,Heavy Rain,7.7,5.69,4.9,1,0.79,211.14,226.53,5,1,4.2
ORD101841,2025-02-05,West Bengal,Kolkata,Books,Van,4,0.94,130.5,91.9,Normal,6.3,3.96,5.1,0,0.0,218.86,225.5,5,1,5.0
ORD101842,2025-10-26,Tamil Nadu,Chennai,Grocery,Bike,3,4.68,36.3,96.83,Normal,9.0,2.43,3.6,0,0.0,106.92,98.75,5,1,4.0
ORD101843,2025-11-05,Maharashtra,Nagpur,Beauty,Van,6,1.04,49.6,92.02,Normal,5.6,3.76,3.3,1,0.46,161.17,195.57,5,1,3.9
ORD101844,2025-09-29,Telangana,Warangal,Fashion,Truck,3,1.92,170.5,94.49,Normal,6.0,3.25,4.1,0,0.0,251.38,283.12,5,1,4.3
ORD101845,2025-08-14,Rajasthan,Jodhpur,Fashion,Bike,3,1.28,83.4,98.93,Normal,3.3,2.49,2.6,0,0.0,134.42,138.03,5,1,4.2
ORD101846,2025-05-27,Telangana,Warangal,Grocery,Bike,6,0.34,123.2,92.38,Normal,8.6,2.44,2.7,0,0.0,250.12,307.48,5,1,3.9
ORD101847,2025-07-17,Gujarat,Vadodara,Beauty,Bike,3,1.53,72.5,96.42,Normal,4.5,0.7,2.2,0,0.0,162.23,178.61,5,1,4.6
ORD101848,,Tamil Nadu,Chennai,Home & Kitchen,Bike,7,3.37,103.8,95.76,Normal,6.9,2.96,2.7,1,0.26,195.31,236.15,5,1,3.4
ORD101849,2025-03-02,Gujarat,Surat,Electronics,Van,8,1.03,106.5,93.08,Normal,5.5,3.65,4.1,0,0.0,238.23,294.1,5,1,5.0
ORD101850,2025-01-30,Maharashtra,Mumbai,Electronics,Van,8,1.34,44.3,97.83,Rain,7.3,4.97,4.8,1,0.17,154.53,169.31,40,0,4.1
ORD101851,2025-04-03,West Bengal,Durgapur,Home & Kitchen,Van,10,1.44,252.9,92.46,Rain,10.3,6.53,7.4,0,0.0,193.07999999999998,404.42,5,1,3.8
ORD101852,2025-06-15,Delhi,Dwarka,Fashion,Bike,7,2.85,85.4,94.06,Normal,8.5,2.12,3.1,0,0.0,201.31,239.88,5,1,4.7
ORD101853,2025-02-28,West Bengal,Siliguri,Sports,Van,2,1.59,19.4,95.3,Normal,8.9,3.37,2.9,1,0.47,76.58,40.0,79,0,4.0
ORD101854,2025-02-08,Gujarat,Surat,Home & Kitchen,Van,3,2.04,23.5,94.0,Rain,4.5,3.56,4.0,0,0.0,157.53,202.84,50,0,3.9
ORD101855,2025-11-07,Telangana,Hyderabad,Home & Kitchen,Van,13,2.06,51.5,99.8,Normal,9.7,3.36,3.9,0,0.0,237.44,301.31,111,0,4.5
ORD101856,2025-05-17,Rajasthan,Jodhpur,Home & Kitchen,Bike,5,1.43,15.3,91.96,Normal,9.6,3.13,3.9,0,0.0,118.17,138.22,102,0,4.6
ORD101857,2025-08-02,Karnataka,Mangaluru,Beauty,Van,9,6.04,155.6,97.17,Normal,6.4,4.58,6.1,0,0.0,331.42,393.18,5,1,5.0
ORD101858,2025-07-11,Tamil Nadu,Coimbatore,Beauty,Bike,6,1.03,45.0,90.21,Normal,10.1,2.9,2.7,1,0.2,146.04,185.23,87,0,3.3
ORD101859,2025-09-26,Telangana,Warangal,Beauty,Truck,7,3.18,29.1,89.1,Rain,11.5,3.63,4.0,0,0.0,170.64,215.05,226,0,4.7
ORD101860,2025-09-28,Maharashtra,Mumbai,Sports,Truck,6,4.61,89.1,94.43,Normal,4.8,3.23,5.1,0,0.0,198.77,253.72,111,0,3.9
ORD101861,2025-04-19,Tamil Nadu,Chennai,Sports,Truck,7,1.84,104.7,95.69,Normal,13.6,5.76,7.2,0,0.0,200.73,266.75,8,1,4.3
ORD101862,2025-11-06,Delhi,New Delhi,Books,Bike,7,2.09,54.3,97.07,Normal,6.9,1.55,1.4,1,0.15,167.08,227.67,42,0,3.4
ORD101863,2025-05-16,Rajasthan,Jaipur,Books,Bike,10,2.84,105.7,97.31,Normal,4.5,3.83,4.4,0,0.0,238.58,278.67,5,1,5.0
ORD101864,2025-11-01,Telangana,Warangal,Fashion,Truck,8,1.58,122.0,94.8,Rain,5.1,3.35,4.4,0,0.0,270.11,305.98,5,1,5.0
ORD101865,2025-05-28,West Bengal,Siliguri,Beauty,Van,8,0.59,53.2,95.37,Normal,7.3,4.52,6.0,0,0.0,182.4,201.99,80,0,5.0
ORD101866,2025-02-10,Tamil Nadu,Coimbatore,Fashion,Van,4,1.71,26.4,94.93,Normal,5.4,3.31,4.3,0,0.0,104.55,126.8,39,0,4.2
ORD101867,2025-10-05,Delhi,Dwarka,Books,Van,3,5.87,48.6,97.27,Rain,4.7,4.29,5.4,0,0.0,163.26,153.52,5,1,4.0
ORD101868,2025-01-12,West Bengal,Siliguri,Home & Kitchen,Bike,6,2.91,61.0,92.32,Normal,4.2,2.45,3.5,0,0.0,165.28,175.51,57,0,4.5
ORD101869,2025-10-09,Karnataka,Mangaluru,Home & Kitchen,Van,9,2.12,73.3,93.38,Normal,4.8,4.75,5.5,0,0.0,148.63,201.29,6,1,5.0
ORD101870,2025-01-16,Maharashtra,Pune,Electronics,Truck,7,3.29,124.0,96.14,Normal,11.8,3.47,2.7,1,0.77,240.64,284.18,5,1,4.4
ORD101871,2025-03-17,West Bengal,Siliguri,Beauty,Van,12,1.83,62.5,96.52,Normal,10.2,5.38,5.6,0,0.0,266.54,319.82,90,0,5.0
ORD101872,2025-08-09,Tamil Nadu,Chennai,Grocery,Van,6,2.05,39.6,97.08,Normal,9.7,0.99,2.8,0,0.0,180.05,232.73,5,1,4.3
ORD101873,2025-12-10,Maharashtra,Pune,Electronics,Truck,3,1.52,47.6,94.55,Normal,3.8,3.96,5.4,0,0.0,92.99,133.79,5,1,4.5
ORD101874,2025-05-30,Delhi,Dwarka,Beauty,Van,7,2.75,81.6,93.81,Normal,6.7,3.03,3.7,0,0.0,195.99,237.28,5,1,4.9
ORD101875,2025-02-14,Maharashtra,Nagpur,Fashion,Bike,7,1.42,86.7,96.0,Normal,5.0,3.41,3.9,0,0.0,226.43,248.96,5,1,4.5
ORD101876,2025-03-27,Telangana,Warangal,Books,Van,3,1.64,190.7,92.79,Normal,4.9,3.8,3.8,0,0.0,222.93,254.78,5,1,4.5
ORD101877,2025-11-24,Maharashtra,Nagpur,Electronics,Bike,7,3.57,60.4,97.79,Normal,10.4,3.25,3.2,1,0.05,193.07999999999998,209.22,47,0,3.4
ORD101878,2025-09-23,Gujarat,Ahmedabad,Electronics,Bike,6,1.77,39.8,93.91,Rain,6.1,5.02,6.6,0,0.0,161.33,185.84,86,0,4.0
ORD101879,2025-02-06,West Bengal,Kolkata,Grocery,Van,7,2.91,11.2,94.34,Heavy Rain,7.4,6.39,6.8,0,0.0,179.66,194.82,168,0,5.0
ORD101880,2025-05-21,Tamil Nadu,Madurai,Beauty,Bike,9,3.07,16.6,96.22,Normal,6.7,3.29,4.3,0,0.0,163.07,201.93,294,0,4.2
ORD101881,2025-04-07,Karnataka,Mangaluru,Books,Bike,6,2.0,97.6,93.59,Normal,9.2,2.68,5.5,0,0.0,174.03,204.62,5,1,5.0
ORD101882,2025-03-06,Maharashtra,Nagpur,Beauty,Van,6,1.6,45.8,92.85,Rain,5.8,4.84,5.6,0,0.0,138.66,153.8,70,0,3.6
ORD101883,2025-11-05,Tamil Nadu,Chennai,Sports,Bike,4,0.85,145.7,97.02,Rain,9.6,4.94,5.0,0,0.0,284.83,298.97,5,1,4.5
ORD101884,2025-08-14,Gujarat,Ahmedabad,Home & Kitchen,Van,6,0.99,14.2,93.1,Normal,6.2,3.03,4.5,0,0.0,132.66,182.16,53,0,3.9
ORD101885,2025-03-07,Rajasthan,Jaipur,Fashion,Bike,2,2.99,50.7,95.47,Normal,12.1,2.55,4.2,0,0.0,153.01,155.82,137,0,4.4
ORD101886,2025-08-26,Maharashtra,Pune,Sports,Van,9,2.96,120.4,95.07,Normal,11.5,3.32,2.3,1,1.02,272.28,337.95,5,1,4.4
ORD101887,2025-05-31,West Bengal,Durgapur,Electronics,Truck,9,1.06,157.6,91.64,Heavy Rain,8.1,7.23,9.1,0,0.0,277.58,338.04,5,1,4.3
ORD101888,2025-01-23,Telangana,Nizamabad,Books,Bike,9,2.61,103.0,93.2,Rain,8.6,4.3,4.2,1,0.1,227.38,276.53,5,1,5.0
ORD101889,2025-06-14,Delhi,Rohini,Electronics,Van,4,2.32,128.6,95.75,Normal,10.1,3.75,5.9,0,0.0,205.22,237.66,5,1,4.7
ORD101890,2025-03-09,Maharashtra,Nagpur,Fashion,Van,12,3.7,38.4,97.35,Rain,10.5,5.61,7.5,0,0.0,252.77,300.28,140,0,4.6
ORD101891,2025-03-31,Telangana,Hyderabad,Electronics,Bike,5,8.23,57.3,93.79,Normal,9.2,3.84,4.7,0,0.0,160.88,186.95,54,0,4.3
ORD101892,2025-11-17,Tamil Nadu,Chennai,Beauty,Van,9,2.93,163.8,93.59,Rain,13.8,5.77,5.7,1,0.07,331.7,394.93,5,1,3.5
ORD101893,2025-09-17,Delhi,Dwarka,Books,Bike,3,1.29,35.9,96.35,Rain,6.7,2.16,3.8,0,0.0,82.13,78.59,20,0,4.1
ORD101894,2025-02-18,Karnataka,Mysuru,Electronics,Bike,11,3.26,71.6,96.68,Normal,4.0,3.17,4.2,0,0.0,244.25,293.32,187,0,4.8
ORD101895,2025-11-07,Karnataka,Mangaluru,Electronics,Van,10,1.02,109.6,96.95,Normal,9.1,4.54,4.5,1,0.04,262.13,315.01,5,1,3.5
ORD101896,2025-07-29,Maharashtra,Mumbai,Fashion,Van,8,8.53,150.8,95.69,Normal,11.8,4.53,5.7,0,0.0,335.16,394.41,5,1,4.4
ORD101897,2025-11-16,Telangana,Hyderabad,Home & Kitchen,Truck,7,0.91,65.8,94.37,Normal,8.3,4.81,4.5,1,0.31,178.04,215.0,74,0,3.7
ORD101898,2025-09-30,West Bengal,Kolkata,Fashion,Truck,5,2.68,55.5,96.76,Normal,4.2,3.03,4.0,0,0.0,174.43,205.3,5,1,5.0
ORD101899,2025-05-04,Telangana,Nizamabad,Sports,Van,9,2.02,92.5,95.22,Normal,8.2,3.32,4.3,0,0.0,232.96,291.05,31,1,4.6
ORD101900,2025-07-15,Gujarat,Vadodara,Electronics,Bike,6,1.54,198.6,96.61,Normal,11.0,2.9,4.0,0,0.0,312.66,335.48,5,1,4.7
ORD101901,2025-07-13,Telangana,Nizamabad,Fashion,Bike,4,1.48,91.9,94.49,Normal,3.0,3.22,5.0,0,0.0,176.68,219.82,5,1,4.0
ORD101902,2025-09-20,West Bengal,Durgapur,Fashion,Van,4,4.88,94.7,95.08,Normal,2.7,3.38,3.6,0,0.0,203.5,217.37,5,1,4.0
ORD101903,2025-04-01,Maharashtra,Mumbai,Home & Kitchen,Truck,6,2.91,65.7,96.44,Rain,5.4,5.92,6.0,0,0.0,188.76,243.76,15,1,3.9
ORD101904,2025-05-02,Tamil Nadu,Madurai,Home & Kitchen,Bike,4,1.82,37.9,91.8,Normal,9.5,1.83,2.6,0,0.0,125.29,163.96,158,0,4.4
ORD101905,2025-03-31,Delhi,New Delhi,Grocery,Bike,10,6.21,56.4,97.94,Rain,4.1,2.75,4.2,0,0.0,270.66,311.45,41,0,3.6
ORD101906,2025-04-19,Rajasthan,Jaipur,Beauty,Van,7,1.86,64.9,95.47,Normal,8.0,3.52,4.0,0,0.0,204.52,254.61,200,0,4.9
ORD101907,2025-02-28,Karnataka,Mangaluru,Books,Truck,5,3.25,446.4,90.51,Normal,8.4,2.75,2.0,1,0.75,844.9,197.53,185,0,4.1
ORD101908,2025-01-14,Gujarat,Surat,Fashion,Van,6,0.84,70.1,95.92,Normal,7.2,2.32,2.8,0,0.0,163.43,184.32,38,0,3.8
ORD101909,2025-12-10,Maharashtra,Mumbai,Beauty,Van,3,0.87,97.1,94.86,Normal,2.5,2.79,3.6,0,0.0,227.3,256.11,5,1,4.4
ORD101910,2025-01-28,Karnataka,Mysuru,Sports,Van,5,3.19,46.3,93.79,Normal,7.5,2.99,3.0,0,0.0,193.84,231.9,66,0,5.0
ORD101911,2025-11-21,West Bengal,Kolkata,Books,Van,6,2.46,124.9,99.22,Normal,4.7,2.62,1.2,1,1.42,213.1,237.0,5,1,3.8
ORD101912,2025-01-02,Telangana,Hyderabad,Sports,Van,7,8.13,92.6,97.23,Normal,8.8,3.43,4.4,0,0.0,265.68,278.07,5,1,3.8
ORD101913,2025-10-11,West Bengal,Siliguri,Home & Kitchen,Van,5,1.27,74.7,95.46,Normal,4.7,4.14,3.7,1,0.44,203.04,234.46,5,1,4.6
ORD101914,2025-04-30,Maharashtra,Mumbai,Sports,Van,4,3.12,61.9,95.87,Normal,7.6,2.73,4.3,0,0.0,170.29,217.8,5,1,5.0
ORD101915,2025-07-08,Telangana,Nizamabad,Books,Van,7,2.0,36.0,96.28,Heavy Rain,7.5,4.48,7.3,0,0.0,161.46,192.89,5,1,5.0
ORD101916,2025-04-14,Tamil Nadu,Coimbatore,Books,Bike,4,3.5,98.0,92.9,Normal,3.7,2.17,2.1,1,0.07,178.99,225.62,5,1,3.4
ORD101917,2025-06-29,West Bengal,Durgapur,Grocery,Bike,3,3.32,254.7,100.58,Normal,7.8,2.33,3.3,0,0.0,342.05,400.6,5,1,5.0
ORD101918,2025-06-14,West Bengal,Siliguri,Sports,Bike,7,1.98,154.1,95.96,Normal,7.3,5.0,6.0,0,0.0,193.07999999999998,312.05,5,1,4.7
ORD101919,2025-07-13,Tamil Nadu,Coimbatore,Fashion,Bike,4,1.24,106.5,99.16,Normal,7.3,3.29,2.6,1,0.69,180.54,206.44,5,1,3.8
ORD101920,2025-05-24,Maharashtra,Mumbai,Grocery,Bike,8,1.62,166.3,94.41,Normal,8.5,5.01,3.5,1,1.51,283.86,325.59,5,1,4.0
ORD101921,2025-07-15,Maharashtra,Nagpur,Grocery,Van,4,0.98,49.1,97.02,Normal,9.0,2.47,1.9,1,0.57,146.88,170.46,5,1,4.4
ORD101922,2025-10-29,Delhi,Dwarka,Grocery,Truck,8,2.55,42.0,93.85,Normal,9.5,2.94,3.4,0,0.0,218.03,245.34,57,0,5.0
ORD101923,2025-06-08,Maharashtra,Pune,Grocery,Van,3,0.32,70.1,90.82,Normal,7.1,1.7,4.6,0,0.0,126.37,158.97,5,1,4.0
ORD101924,2025-05-12,Delhi,Dwarka,Home & Kitchen,Van,3,1.38,73.2,97.67,Rain,1.5,3.84,5.1,0,0.0,137.58,152.04,51,0,4.3
ORD101925,2025-02-18,Karnataka,Mysuru,Fashion,Truck,2,3.62,144.6,96.42,Normal,5.0,3.06,3.0,1,0.06,247.63,278.31,5,1,3.5
ORD101926,2025-05-12,Maharashtra,Pune,Fashion,Truck,4,3.57,122.7,95.14,Normal,1.0,2.95,2.8,1,0.15,204.88,240.39,5,1,3.0
ORD101927,2025-02-15,West Bengal,Siliguri,Grocery,Bike,8,0.71,13.5,90.04,Normal,4.1,3.59,3.7,0,0.0,76.25,97.85,387,0,4.6
ORD101928,2025-03-08,Maharashtra,Mumbai,Grocery,Bike,4,2.94,124.6,95.3,Rain,9.4,3.19,2.2,1,0.99,262.96,285.43,5,1,4.4
ORD101929,2025-12-14,West Bengal,Durgapur,Books,Bike,6,0.96,62.6,96.66,Normal,5.8,2.87,2.8,1,0.07,195.96,232.81,5,1,3.5
ORD101930,2025-02-02,Maharashtra,Pune,Books,Truck,8,1.57,88.9,94.26,Normal,10.5,4.0,5.1,0,0.0,243.25,276.49,5,1,4.1
ORD101931,2025-06-25,Rajasthan,Jodhpur,Beauty,Bike,6,3.31,67.5,96.46,Normal,5.2,3.37,3.9,0,0.0,197.74,213.02,5,1,4.1
ORD101932,2025-11-01,Gujarat,Ahmedabad,Electronics,Bike,5,1.07,45.7,95.11,Normal,6.2,0.92,1.3,0,0.0,141.36,153.52,70,0,5.0
ORD101933,2025-12-14,Karnataka,Mysuru,Grocery,Van,3,5.09,88.4,94.11,Normal,6.7,1.6,3.1,0,0.0,135.33,158.55,5,1,4.2
ORD101934,2025-02-23,Delhi,New Delhi,Sports,Van,4,2.38,43.4,96.05,Normal,10.2,3.88,3.6,1,0.28,130.94,127.6,5,1,2.7
ORD101935,2025-03-01,Tamil Nadu,Coimbatore,Grocery,Van,5,2.72,63.4,92.42,Normal,9.3,2.74,3.8,0,0.0,163.23,179.7,5,1,4.5
ORD101936,2025-05-16,Gujarat,Vadodara,Sports,Van,2,4.06,38.2,97.26,Normal,4.6,2.62,2.3,1,0.32,113.34,90.72,72,0,3.7
ORD101937,2025-07-22,Maharashtra,Pune,Sports,Van,5,3.59,29.4,96.56,Rain,5.6,4.3,5.7,0,0.0,156.08,155.11,39,0,3.9
ORD101938,2025-12-17,Maharashtra,Nagpur,Fashion,Truck,7,3.39,246.6,97.5,Normal,8.0,4.52,5.3,0,0.0,408.62,467.56,5,1,4.5
ORD101939,2025-03-17,Maharashtra,Pune,Grocery,Bike,1,1.31,51.0,98.46,Rain,11.2,1.46,2.3,0,0.0,99.74,114.18,21,0,4.6
ORD101940,2025-03-02,West Bengal,Kolkata,Beauty,Truck,4,0.98,63.5,96.0,Normal,6.4,2.45,3.0,0,0.0,142.55,175.23,56,0,4.3
ORD101941,2025-04-03,Karnataka,Mysuru,Fashion,Van,2,1.68,152.6,91.65,Normal,3.6,2.13,3.3,0,0.0,249.8,275.5,5,1,4.4
ORD101942,2025-11-16,Gujarat,Ahmedabad,Home & Kitchen,Bike,8,2.74,78.2,96.05,Normal,5.9,2.59,2.5,1,0.09,199.49,232.03,5,1,3.0
ORD101943,2025-01-11,Rajasthan,Udaipur,Home & Kitchen,Truck,10,0.87,37.0,94.48,Normal,7.9,4.26,5.9,0,0.0,193.12,263.04,151,0,4.0
ORD101944,2025-05-19,West Bengal,Siliguri,Home & Kitchen,Truck,8,2.94,37.3,99.14,Normal,8.7,3.41,3.9,0,0.0,182.28,219.36,5,1,4.7
ORD101945,2025-02-13,Tamil Nadu,Coimbatore,Grocery,Truck,7,2.57,35.0,95.92,Normal,5.2,4.1,5.2,0,0.0,145.53,163.53,15,1,4.9
ORD101946,2025-02-27,Karnataka,Mangaluru,Electronics,Truck,4,1.79,197.5,98.13,Rain,8.7,5.95,7.2,0,0.0,270.92,339.1,5,1,4.1
ORD101947,2025-12-01,Tamil Nadu,Chennai,Fashion,Van,8,2.1,11.9,99.27,Normal,6.2,2.52,2.5,1,0.02,144.62,164.46,22,1,5.0
ORD101948,2025-01-01,Tamil Nadu,Chennai,Beauty,Bike,9,2.1,31.6,95.32,Normal,11.4,1.59,2.7,0,0.0,202.93,238.17,5,1,4.4
ORD101949,2025-04-28,West Bengal,Kolkata,Fashion,Bike,5,2.68,52.1,96.83,Normal,7.5,2.75,2.8,0,0.0,150.96,191.61,54,0,4.1
ORD101950,2025-12-01,Gujarat,Surat,Books,Truck,4,3.27,51.9,96.79,Rain,5.7,4.81,4.1,1,0.71,142.71,162.86,5,1,4.0
ORD101951,2025-08-10,Rajasthan,Jaipur,Fashion,Truck,8,13.02,48.1,100.72,Heavy Rain,2.1,5.59,6.5,0,0.0,259.11,321.36,295,0,4.7
ORD101952,2025-01-27,Delhi,Dwarka,Electronics,Truck,10,2.25,99.2,99.05,Normal,7.6,3.23,5.9,0,0.0,248.43,309.94,5,1,4.5
ORD101953,2025-06-19,Delhi,Rohini,Sports,Truck,4,1.32,83.7,94.88,Heavy Rain,6.4,3.42,3.5,0,0.0,146.04,187.54,5,1,4.5
ORD101954,2025-12-21,Tamil Nadu,Coimbatore,Books,Van,4,0.58,41.7,95.73,Normal,6.4,2.74,3.9,0,0.0,191.13,215.48,5,1,4.8
ORD101955,2025-05-27,Karnataka,Mysuru,Grocery,Bike,4,0.81,49.8,96.02,Normal,7.8,1.05,2.5,0,0.0,132.42,150.41,5,1,5.0
ORD101956,2025-07-12,West Bengal,Kolkata,Grocery,Bike,9,1.23,291.6,95.41,Rain,7.1,5.76,5.4,1,0.36,431.46,525.7,5,1,3.4
ORD101957,2025-07-14,Delhi,New Delhi,Electronics,Van,5,3.15,85.9,96.33,Rain,8.4,4.25,4.4,0,0.0,186.24,227.78,5,1,4.0
ORD101958,2025-08-30,West Bengal,Siliguri,Grocery,Van,8,1.56,4.7,95.97,Normal,5.5,4.19,6.0,0,0.0,105.48,111.69,188,0,4.5
ORD101959,2025-03-10,Gujarat,Vadodara,Home & Kitchen,Bike,5,2.62,37.2,97.02,Rain,9.4,4.04,5.3,0,0.0,130.85,148.31,130,0,5.0
ORD101960,2025-11-03,Karnataka,Bengaluru,Fashion,Truck,3,1.25,48.3,96.77,Normal,8.6,1.76,2.5,0,0.0,94.91,132.3,5,1,3.5
ORD101961,2025-12-27,Karnataka,Bengaluru,Home & Kitchen,Van,6,2.71,242.8,99.08,Normal,8.1,4.11,3.4,1,0.71,365.21,382.62,5,1,4.0
ORD101962,2025-02-22,Karnataka,Mangaluru,Grocery,Bike,3,3.55,50.7,95.66,Rain,8.2,3.37,3.6,0,0.0,148.13,153.66,5,1,5.0
ORD101963,2025-10-26,Rajasthan,Jaipur,Home & Kitchen,Truck,7,1.55,53.4,94.05,Rain,6.7,4.26,5.4,0,0.0,191.79,250.09,5,1,4.6
ORD101964,2025-10-26,Maharashtra,Pune,Home & Kitchen,Van,8,2.67,17.1,96.2,Normal,7.5,3.18,1.1,1,2.08,136.36,175.04,81,0,4.1
ORD101965,2025-09-28,West Bengal,Siliguri,Electronics,Van,9,1.51,72.6,96.01,Rain,7.6,4.84,6.3,0,0.0,169.34,206.02,159,0,4.6
ORD101966,2025-05-16,Maharashtra,Nagpur,Grocery,Van,5,0.9,115.7,99.79,Normal,10.0,2.88,4.6,0,0.0,152.13,196.61,5,1,4.7
ORD101967,2025-06-21,Delhi,Dwarka,Home & Kitchen,Van,8,2.89,69.1,98.68,Rain,8.5,4.48,6.8,0,0.0,221.55,294.37,85,0,4.9
ORD101968,2025-11-03,Rajasthan,Jodhpur,Beauty,Bike,3,2.63,50.4,99.52,Normal,4.3,1.99,3.8,0,0.0,122.46,126.38,5,1,4.1
ORD101969,2025-02-25,Maharashtra,Nagpur,Home & Kitchen,Van,5,2.96,61.3,98.94,Normal,6.8,2.56,3.6,0,0.0,136.57,145.45,5,1,3.8
ORD101970,2025-10-30,Rajasthan,Udaipur,Books,Van,10,3.75,112.4,93.69,Normal,7.6,4.66,6.1,0,0.0,295.14,374.42,5,1,4.8
ORD101971,2025-12-03,Maharashtra,Nagpur,Home & Kitchen,Truck,7,1.71,57.4,95.73,Normal,8.0,3.88,4.3,0,0.0,203.68,261.69,66,0,4.5
ORD101972,2025-09-06,Delhi,Dwarka,Sports,Truck,4,1.8,58.2,94.59,Normal,6.1,4.65,4.9,0,0.0,145.69,172.33,5,1,5.0
ORD101973,2025-05-05,West Bengal,Siliguri,Home & Kitchen,Bike,10,1.67,92.6,100.14,Rain,5.2,3.92,5.0,0,0.0,236.56,288.52,11,1,3.7
ORD101974,2025-07-24,Tamil Nadu,Madurai,Electronics,Truck,6,2.52,44.1,98.85,Normal,4.6,3.66,3.6,1,0.06,156.14,206.11,10,1,4.5
ORD101975,2025-01-19,Delhi,New Delhi,Home & Kitchen,Bike,4,1.84,34.8,98.08,Normal,5.6,1.15,1.5,0,0.0,154.41,187.29,32,0,4.0
ORD101976,2025-12-07,Tamil Nadu,Chennai,Electronics,Bike,4,2.19,17.9,96.37,Normal,10.0,2.53,5.2,0,0.0,137.45,169.31,98,0,4.6
ORD101977,2025-05-05,Maharashtra,Nagpur,Fashion,Van,9,1.26,63.8,96.6,Rain,3.6,4.18,4.2,0,0.0,203.83,235.2,124,0,4.9
ORD101978,2025-01-21,Gujarat,Ahmedabad,Home & Kitchen,Truck,8,1.03,43.2,95.89,Rain,8.8,5.06,6.0,0,0.0,180.07,221.27,230,0,4.5
ORD101979,2025-10-17,Rajasthan,Udaipur,Sports,Truck,7,1.12,124.8,98.64,Normal,11.5,4.14,3.4,1,0.74,356.39,436.56,5,1,3.9
ORD101980,2025-08-29,Tamil Nadu,Coimbatore,Beauty,Truck,6,2.64,58.2,97.68,Normal,9.8,2.21,2.2,1,0.01,228.64,277.42,5,1,3.9
ORD101981,2025-08-16,Delhi,New Delhi,Home & Kitchen,Bike,7,1.96,115.3,98.77,Normal,7.6,4.0,4.0,0,0.0,239.44,306.33,5,1,4.5
ORD101982,2025-01-20,Gujarat,Surat,Fashion,Bike,7,1.46,101.7,98.3,Normal,7.1,3.43,4.0,0,0.0,258.4,301.56,5,1,3.8
ORD101983,2025-10-02,Maharashtra,Nagpur,Home & Kitchen,Bike,8,3.1,16.0,99.05,Normal,9.8,3.67,3.6,1,0.07,171.86,198.15,286,0,3.4
ORD101984,2025-08-21,Gujarat,Vadodara,Home & Kitchen,Van,6,5.19,27.6,98.52,Normal,11.5,3.75,4.2,0,0.0,197.85,210.93,111,0,4.5
ORD101985,2025-10-17,Maharashtra,Pune,Home & Kitchen,Van,11,1.46,207.8,99.6,Normal,10.8,5.02,5.3,0,0.0,353.62,416.34,5,1,4.5
ORD101986,2025-10-29,Telangana,Hyderabad,Electronics,Bike,5,1.0,44.7,98.98,Normal,7.3,3.08,3.6,0,0.0,160.53,204.25,117,0,4.4
ORD101987,2025-03-19,West Bengal,Siliguri,Home & Kitchen,Van,6,3.72,87.9,96.74,Normal,10.6,3.2,2.4,1,0.8,235.6,271.76,5,1,3.3
ORD101988,2025-03-18,Maharashtra,Nagpur,Sports,Van,8,2.03,63.3,98.57,Heavy Rain,8.5,5.19,4.5,1,0.69,200.89,218.69,21,1,4.4
ORD101989,2025-12-04,Tamil Nadu,Coimbatore,Grocery,Van,3,1.79,16.5,98.28,Normal,6.5,3.04,4.4,0,0.0,193.07999999999998,84.28,131,0,4.7
ORD101990,2025-07-13,Tamil Nadu,Coimbatore,Sports,Van,7,3.9,37.1,97.4,Normal,9.5,4.88,5.1,0,0.0,180.51,248.05,5,1,4.6
ORD101991,2025-06-09,Gujarat,Surat,Home & Kitchen,Bike,3,1.7,31.7,97.74,Normal,4.7,2.31,3.2,0,0.0,75.74,78.93,5,1,4.5
ORD101992,2025-04-15,Rajasthan,Jaipur,Books,Van,6,2.61,109.4,99.61,Normal,14.9,1.19,2.2,0,0.0,214.62,255.72,5,1,3.9
ORD101993,2025-08-22,West Bengal,Kolkata,Fashion,Van,5,2.23,36.9,98.79,Normal,7.4,3.38,4.1,0,0.0,127.74,165.57,36,0,3.6
ORD101994,2025-10-03,Maharashtra,Mumbai,Electronics,Bike,7,16.59,94.1,99.52,Normal,9.0,4.45,3.9,1,0.55,320.19,354.83,6,1,3.9
ORD101995,2025-01-01,Karnataka,Mangaluru,Books,Bike,5,1.85,24.3,97.94,Normal,9.1,1.7,1.0,1,0.7,140.33,127.62,43,0,3.5
ORD101996,2025-07-21,Tamil Nadu,Chennai,Electronics,Truck,6,3.7,7.1,99.96,Normal,10.3,2.78,3.1,0,0.0,149.43,163.84,125,0,4.2
ORD101997,2025-12-29,Tamil Nadu,Coimbatore,Fashion,Van,8,1.71,73.7,99.31,Normal,6.3,4.27,5.0,0,0.0,239.05,265.64,17,1,4.9
ORD101998,2025-04-13,Gujarat,Surat,Books,Bike,4,2.7,90.6,96.49,Rain,2.5,2.6,4.5,0,0.0,155.19,160.66,5,1,4.4
ORD101999,2025-04-13,Telangana,Hyderabad,Beauty,Van,5,1.77,52.0,97.32,Normal,6.1,2.71,5.2,0,0.0,193.78,241.42,5,1,4.9
ORD102000,2025-11-17,West Bengal,Siliguri,Beauty,Van,7,3.38,71.4,96.46,Normal,8.6,2.28,3.3,0,0.0,227.51,276.07,5,1,4.1
ORD102001,2025-01-23,Tamil Nadu,Chennai,Fashion,Bike,4,1.89,20.6,96.07,Normal,4.8,0.92,1.5,0,0.0,77.83,114.91,135,0,4.3
ORD102002,2025-05-26,Delhi,Rohini,Electronics,Bike,13,2.79,54.9,102.87,Normal,9.8,4.05,4.7,0,0.0,277.17,322.31,225,0,4.4
ORD102003,2025-06-17,Tamil Nadu,Madurai,Sports,Truck,5,1.23,124.8,101.07,Normal,6.6,3.05,3.7,0,0.0,233.75,273.17,5,1,3.5
ORD102004,2025-10-19,West Bengal,Siliguri,Home & Kitchen,Van,5,1.2,212.3,100.17,Normal,2.8,5.69,5.8,0,0.0,312.81,373.64,5,1,4.1
ORD102005,2025-02-17,Karnataka,Bengaluru,Home & Kitchen,Bike,5,0.59,65.2,98.92,Rain,8.5,4.92,6.8,0,0.0,136.18,137.49,5,1,5.0
ORD102006,2025-06-08,Karnataka,Mangaluru,Home & Kitchen,Van,9,2.55,85.1,97.17,Normal,10.7,3.1,3.4,0,0.0,236.84,310.68,5,1,4.1
ORD102007,2025-02-25,Maharashtra,Pune,Sports,Van,5,1.32,127.3,96.17,Rain,7.4,3.67,4.7,0,0.0,239.08,291.66,5,1,4.6
ORD102008,2025-10-15,Telangana,Warangal,Grocery,Van,5,8.39,75.4,97.81,Normal,8.7,3.61,4.6,0,0.0,213.11,248.42,118,0,4.1
ORD102009,2025-08-19,Karnataka,Mangaluru,Fashion,Bike,8,1.48,88.8,96.92,Rain,6.3,4.88,3.5,1,1.38,189.85,223.17,106,0,3.4
ORD102010,2025-07-01,Delhi,Dwarka,Sports,Bike,5,4.53,171.6,99.52,Normal,7.0,3.04,2.8,1,0.24,273.3,294.0,5,1,4.0
ORD102011,2025-05-24,Tamil Nadu,Chennai,Electronics,Bike,4,4.24,86.1,98.54,Normal,8.6,2.2,3.2,0,0.0,196.4,232.81,5,1,3.8
ORD102012,2025-02-25,Gujarat,Ahmedabad,Sports,Truck,9,1.72,53.3,99.83,Normal,4.9,3.6,5.4,0,0.0,197.95,271.18,99,0,4.9
ORD102013,2025-12-03,West Bengal,Durgapur,Electronics,Van,6,1.25,169.6,98.75,Heavy Rain,4.7,6.16,7.0,0,0.0,321.46,371.37,5,1,4.9
ORD102014,2025-08-25,West Bengal,Durgapur,Fashion,Truck,4,1.84,80.7,95.29,Rain,3.1,4.09,5.4,0,0.0,188.04,231.36,5,1,4.8
ORD102015,2025-04-27,Maharashtra,Mumbai,Electronics,Bike,6,4.21,26.4,98.05,Normal,11.8,3.47,3.2,1,0.27,172.52,209.73,248,0,2.8
ORD102016,2025-06-01,Karnataka,Bengaluru,Sports,Van,4,8.9,57.8,99.08,Heavy Rain,6.8,4.42,5.1,0,0.0,190.89,216.5,85,0,4.5
ORD102017,2025-09-23,Maharashtra,Nagpur,Sports,Van,6,0.9,228.0,98.9,Normal,10.8,4.43,4.1,1,0.33,317.14,376.05,5,1,4.9
ORD102018,2025-09-20,Telangana,Warangal,Beauty,Van,9,2.03,133.6,97.43,Normal,8.2,4.61,6.0,0,0.0,323.11,398.14,50,0,3.5
ORD102019,2025-06-18,Maharashtra,Nagpur,Home & Kitchen,Van,3,1.36,45.5,97.57,Normal,10.7,2.84,3.6,0,0.0,112.09,138.15,64,0,5.0
ORD102020,2025-04-21,West Bengal,Kolkata,Home & Kitchen,Van,5,1.59,144.6,97.28,Normal,10.0,3.82,6.1,0,0.0,242.61,282.06,5,1,3.1
ORD102021,2025-08-29,Karnataka,Bengaluru,Fashion,Bike,3,6.11,57.3,95.5,Normal,5.1,2.1,2.8,0,0.0,156.68,163.59,7,1,4.8
ORD102022,2025-08-29,Telangana,Hyderabad,Home & Kitchen,Bike,6,1.22,37.9,98.48,Rain,7.5,3.09,2.4,1,0.69,114.91,155.9,90,0,3.0
ORD102023,2025-08-07,Gujarat,Surat,Electronics,Van,4,0.71,126.6,99.96,Rain,4.0,4.4,5.4,0,0.0,218.03,250.53,5,1,4.6
ORD102024,2025-01-27,Telangana,Nizamabad,Grocery,Bike,4,2.3,27.4,97.72,Rain,8.3,2.71,3.0,0,0.0,145.85,166.69,7,1,5.0
ORD102025,2025-06-22,Tamil Nadu,Coimbatore,Beauty,Bike,5,2.58,38.5,96.36,Normal,9.8,2.14,3.7,0,0.0,131.24,164.27,5,1,3.8
ORD102026,2025-08-13,Telangana,Hyderabad,Sports,Truck,8,1.53,74.4,100.41,Normal,12.7,3.43,3.5,0,0.0,202.52,251.86,5,1,5.0
ORD102027,2025-12-13,Delhi,Rohini,Fashion,Bike,7,1.29,83.3,101.1,Normal,11.0,4.01,5.8,0,0.0,184.53,228.33,5,1,3.9
ORD102028,2025-07-11,Maharashtra,Pune,Fashion,Van,2,2.23,114.3,97.88,Normal,7.0,3.43,2.9,1,0.53,224.54,249.19,5,1,4.1
ORD102029,2025-05-06,Tamil Nadu,Coimbatore,Beauty,Truck,14,0.84,32.3,97.01,Normal,10.9,3.51,5.5,0,0.0,248.95,311.59,336,0,3.9
ORD102030,2025-07-22,Telangana,Hyderabad,Home & Kitchen,Van,3,2.65,75.4,98.46,Normal,5.8,3.66,3.1,1,0.56,189.96,224.33,5,1,4.6
ORD102031,2025-03-06,Karnataka,Mysuru,Grocery,Bike,5,1.61,9.7,99.25,Normal,11.5,1.29,1.3,0,0.0,102.61,84.96,92,0,5.0
ORD102032,2025-02-03,Delhi,Dwarka,Books,Van,4,4.96,11.9,97.96,Normal,4.8,1.41,2.7,0,0.0,135.36,161.62,81,0,4.3
ORD102033,2025-09-05,Tamil Nadu,Madurai,Electronics,Van,5,2.48,40.0,95.96,Rain,4.5,3.29,5.9,0,0.0,107.4,116.91,54,0,5.0
ORD102034,2025-12-26,Tamil Nadu,Chennai,Home & Kitchen,Van,2,1.82,114.2,100.54,Normal,3.2,3.57,4.3,0,0.0,162.39,201.35,5,1,4.6
ORD102035,2025-11-05,West Bengal,Kolkata,Books,Van,10,1.73,96.5,99.27,Normal,11.4,3.87,3.3,1,0.57,306.89,330.98,5,1,3.7
ORD102036,2025-08-02,Delhi,Rohini,Beauty,Truck,5,0.57,57.1,101.65,Normal,9.2,2.94,1.5,1,1.44,162.53,189.41,5,1,3.2
ORD102037,2025-01-15,Gujarat,Surat,Beauty,Bike,6,1.86,15.3,98.96,Normal,8.4,2.24,3.8,0,0.0,123.5,155.36,56,0,4.1
ORD102038,2025-12-27,West Bengal,Kolkata,Grocery,Bike,3,1.76,82.7,101.56,Rain,7.0,3.76,5.9,0,0.0,113.2,133.05,5,1,5.0
ORD102039,2025-06-14,Karnataka,Bengaluru,Beauty,Van,4,2.08,330.3,98.52,Normal,3.7,5.82,7.5,0,0.0,412.74,457.7,5,1,4.1
ORD102040,2025-04-16,West Bengal,Durgapur,Electronics,Van,9,1.78,67.6,97.87,Normal,9.0,3.77,4.6,0,0.0,206.47,267.05,5,1,4.9
ORD102041,2025-11-22,West Bengal,Durgapur,Books,Van,5,5.1,27.5,98.08,Normal,10.4,2.61,2.6,1,0.01,170.36,173.9,15,1,3.8
ORD102042,2025-09-30,Rajasthan,Jaipur,Sports,Bike,7,1.69,64.1,102.28,Normal,4.9,3.43,4.6,0,0.0,152.85,190.04,55,0,5.0
ORD102043,2025-10-01,Tamil Nadu,Coimbatore,Electronics,Bike,7,1.16,18.0,98.68,Normal,4.5,3.21,4.2,0,0.0,164.72,185.46,270,0,4.1
ORD102044,2025-04-12,Karnataka,Mangaluru,Electronics,Van,9,0.68,45.1,101.89,Rain,9.0,5.04,7.5,0,0.0,178.24,231.15,138,0,3.6
ORD102045,2025-12-29,Maharashtra,Nagpur,Grocery,Truck,3,1.51,108.4,98.24,Rain,8.1,3.14,4.3,0,0.0,156.36,180.7,5,1,3.8
ORD102046,2025-06-15,Rajasthan,Jodhpur,Beauty,Bike,4,1.02,162.1,96.6,Normal,8.6,5.04,6.5,0,0.0,247.22,282.76,5,1,4.8
ORD102047,2025-07-13,Maharashtra,Pune,Fashion,Truck,1,0.87,54.3,100.37,Normal,8.5,1.89,2.5,0,0.0,148.8,162.76,5,0,4.5
ORD102048,2025-10-02,Telangana,Warangal,Beauty,Van,4,1.64,23.4,97.98,Normal,7.0,3.34,3.2,1,0.14,132.31,150.16,194,0,3.9
ORD102049,2025-08-29,Maharashtra,Mumbai,Grocery,Bike,4,4.22,113.0,99.71,Normal,2.8,2.9,3.6,0,0.0,221.29,253.1,5,1,4.9
ORD102050,2025-03-04,West Bengal,Kolkata,Beauty,Van,6,3.7,79.8,99.54,Normal,8.8,2.38,1.0,1,1.38,189.72,223.91,5,1,3.2
ORD102051,2025-04-21,Delhi,Rohini,Electronics,Van,8,0.88,63.2,99.54,Normal,10.9,2.88,3.6,0,0.0,231.31,270.0,44,0,4.1
ORD102052,2025-05-12,West Bengal,Kolkata,Electronics,Van,7,2.06,72.1,102.2,Normal,6.1,2.39,3.4,0,0.0,207.51,233.69,5,1,4.3
ORD102053,2025-12-12,Delhi,Rohini,Fashion,Bike,7,2.65,56.1,99.7,Normal,7.4,1.81,2.0,0,0.0,137.51,175.75,52,0,4.6
ORD102054,2025-09-18,Maharashtra,Mumbai,Sports,Van,10,2.94,67.5,99.49,Normal,3.4,3.8,4.8,0,0.0,254.33,284.76,36,1,4.0
ORD102055,2025-05-14,Telangana,Nizamabad,Beauty,Bike,3,5.71,76.4,98.66,Rain,6.0,3.32,5.0,0,0.0,180.97,207.75,73,0,4.2
ORD102056,2025-09-26,Telangana,Nizamabad,Fashion,Truck,3,0.94,81.8,100.29,Normal,10.2,4.36,5.2,0,0.0,150.8,180.38,5,1,4.2
ORD102057,2025-09-27,Telangana,Nizamabad,Sports,Truck,5,1.13,71.1,100.14,Normal,5.8,3.25,3.9,0,0.0,199.74,202.68,5,1,3.6
ORD102058,2025-05-24,West Bengal,Siliguri,Fashion,Van,6,1.31,35.0,98.64,Normal,4.6,3.5,3.8,0,0.0,128.92,160.02,5,1,4.2
ORD102059,2025-05-28,Telangana,Hyderabad,Beauty,Van,6,2.56,204.8,101.08,Normal,12.3,4.7,5.2,0,0.0,302.36,376.41,5,1,4.7
ORD102060,2025-11-23,Rajasthan,Jodhpur,Electronics,Truck,3,0.34,65.3,99.04,Normal,7.6,3.68,6.2,0,0.0,130.35,156.71,32,0,3.9
ORD102061,2025-07-25,Maharashtra,Pune,Grocery,Bike,5,1.74,14.3,100.47,Normal,8.1,1.87,1.9,0,0.0,128.33,152.74,221,0,3.7
ORD102062,2025-02-24,Maharashtra,Pune,Grocery,Truck,10,0.63,58.2,97.06,Normal,9.0,2.75,2.9,0,0.0,198.35,242.62,75,0,4.3
ORD102063,2025-09-20,Gujarat,Ahmedabad,Books,Van,6,2.01,60.7,101.12,Normal,5.7,1.47,3.0,0,0.0,150.67,217.55,5,1,4.1
ORD102064,2025-08-04,Maharashtra,Nagpur,Home & Kitchen,Truck,9,7.73,38.3,98.2,Normal,8.4,3.73,3.7,1,0.03,216.63,298.89,227,0,2.9
ORD102065,2025-07-05,Delhi,New Delhi,Fashion,Bike,3,3.62,29.3,100.73,Normal,10.6,2.75,4.2,0,0.0,105.94,147.47,39,0,3.4
ORD102066,2025-09-22,Telangana,Nizamabad,Electronics,Bike,8,0.91,76.2,101.85,Normal,6.2,4.29,4.1,1,0.19,249.39,322.02,5,1,4.4
ORD102067,2025-11-28,West Bengal,Siliguri,Sports,Bike,5,1.53,75.6,100.3,Normal,10.3,3.84,4.5,0,0.0,123.54,139.39,5,1,4.1
ORD102068,2025-05-01,Tamil Nadu,Chennai,Electronics,Bike,11,1.13,26.4,101.66,Rain,9.9,4.4,5.9,0,0.0,220.05,248.18,19,1,5.0
ORD102069,2025-06-03,Delhi,Rohini,Grocery,Bike,8,4.67,76.9,97.66,Normal,9.2,2.84,2.4,1,0.44,178.25,262.03,5,1,4.2
ORD102070,2025-03-11,Maharashtra,Pune,Grocery,Truck,12,0.48,90.2,99.48,Heavy Rain,5.1,6.0,7.4,0,0.0,264.91,329.32,33,1,5.0
ORD102071,2025-08-25,Gujarat,Ahmedabad,Electronics,Bike,3,1.51,24.2,98.48,Normal,7.3,1.54,3.1,0,0.0,74.77,77.25,109,0,4.6
ORD102072,2025-05-27,Maharashtra,Nagpur,Fashion,Bike,4,1.28,56.5,98.48,Heavy Rain,6.4,2.72,3.2,0,0.0,104.45,134.18,5,1,4.1
ORD102073,2025-05-05,Karnataka,Bengaluru,Electronics,Bike,3,0.94,203.2,96.85,Normal,2.1,3.06,4.9,0,0.0,301.76,321.37,5,1,4.8
ORD102074,2025-09-12,Gujarat,Ahmedabad,Beauty,Van,8,5.92,103.5,99.86,Heavy Rain,8.6,5.78,6.3,0,0.0,279.57,327.96,5,1,3.3
ORD102075,2025-05-29,Maharashtra,Nagpur,Sports,Van,9,0.73,103.8,101.43,Heavy Rain,7.2,5.38,6.0,0,0.0,246.64,282.7,5,1,5.0
ORD102076,2025-06-19,Gujarat,Vadodara,Fashion,Bike,6,0.93,104.8,102.04,Normal,7.9,3.29,4.6,0,0.0,214.4,264.56,58,0,5.0
ORD102077,2025-06-10,West Bengal,Kolkata,Sports,Van,4,5.68,141.0,97.88,Normal,4.9,4.65,6.5,0,0.0,228.54,248.36,5,1,3.8
ORD102078,2025-04-05,Tamil Nadu,Chennai,Electronics,Truck,5,1.89,7.4,98.94,Normal,4.4,2.5,1.0,1,1.5,100.36,111.47,256,0,3.7
ORD102079,2025-02-15,West Bengal,Kolkata,Fashion,Bike,8,1.8,39.3,98.49,Normal,8.3,4.8,3.6,1,1.2,160.45,183.07,84,0,3.9
ORD102080,2025-10-29,Delhi,New Delhi,Sports,Van,3,1.34,16.6,98.39,Normal,5.2,2.58,2.1,1,0.48,80.46,99.49,167,0,3.7
ORD102081,2025-02-03,Gujarat,Ahmedabad,Sports,Van,7,2.01,55.5,99.33,Heavy Rain,6.8,6.27,7.5,0,0.0,176.93,202.33,119,0,4.4
ORD102082,2025-04-29,Gujarat,Surat,Home & Kitchen,Van,4,1.52,46.6,99.92,Rain,3.5,3.08,4.0,0,0.0,168.35,203.13,185,0,4.1
ORD102083,2025-09-01,Rajasthan,Jaipur,Grocery,Truck,3,1.25,50.4,99.38,Rain,6.1,5.15,4.2,1,0.95,140.04,165.61,18,0,3.5
ORD102084,2025-02-17,Delhi,New Delhi,Sports,Truck,10,0.81,109.1,97.42,Rain,10.2,5.52,8.0,0,0.0,270.33,340.63,5,1,5.0
ORD102085,2025-08-28,Telangana,Hyderabad,Grocery,Van,7,2.07,40.2,101.69,Normal,8.4,2.81,4.0,0,0.0,143.21,161.87,24,1,4.6
ORD102086,2025-09-25,Tamil Nadu,Madurai,Grocery,Van,5,1.37,209.4,100.29,Normal,6.0,2.72,3.2,0,0.0,312.1,354.77,5,1,3.1
ORD102087,2025-08-30,Rajasthan,Udaipur,Electronics,Bike,6,1.48,12.5,100.7,Rain,3.2,3.71,4.9,0,0.0,64.22,89.28,5,1,4.2
ORD102088,2025-04-22,Delhi,Rohini,Electronics,Van,4,3.09,149.7,100.82,Normal,4.6,3.69,4.1,0,0.0,224.34,246.16,5,1,4.3
ORD102089,2025-01-08,Gujarat,Surat,Beauty,Van,10,1.45,19.6,101.14,Normal,6.8,3.2,4.9,0,0.0,150.2,185.09,246,0,5.0
ORD102090,2025-11-20,Maharashtra,Pune,Beauty,Bike,1,1.87,106.2,100.33,Normal,7.7,2.05,4.0,0,0.0,148.32,171.06,5,0,5.0
ORD102091,2025-04-30,Tamil Nadu,Coimbatore,Home & Kitchen,Truck,6,5.98,102.3,98.57,Rain,9.8,4.75,6.9,0,0.0,229.33,248.16,5,1,4.6
ORD102092,2025-10-21,Telangana,Nizamabad,Home & Kitchen,Van,4,2.58,56.8,102.82,Normal,7.5,2.29,3.4,0,0.0,139.73,155.82,5,1,3.9
ORD102093,2025-03-14,Maharashtra,Nagpur,Fashion,Bike,6,1.42,113.7,101.26,Normal,6.4,3.0,3.8,0,0.0,221.8,257.57,5,1,4.6
ORD102094,2025-03-01,Maharashtra,Nagpur,Fashion,Truck,5,0.99,36.8,98.52,Heavy Rain,10.1,4.58,6.2,0,0.0,138.58,151.55,56,0,4.0
ORD102095,2025-10-12,Rajasthan,Jodhpur,Fashion,Van,11,1.85,31.8,98.56,Normal,10.6,4.89,7.1,0,0.0,193.07999999999998,257.09,184,0,4.7
ORD102096,2025-12-10,Karnataka,Mangaluru,Fashion,Bike,3,3.36,107.7,103.76,Normal,1.3,2.96,3.4,0,0.0,170.97,194.7,5,1,5.0
ORD102097,2025-11-11,Maharashtra,Nagpur,Electronics,Van,5,1.37,47.0,99.9,Rain,10.9,5.0,7.0,0,0.0,125.77,136.4,57,0,4.2
ORD102098,2025-10-02,Karnataka,Mangaluru,Books,Truck,4,1.96,194.3,99.0,Normal,6.2,3.45,3.7,0,0.0,275.08,296.66,5,1,4.6
ORD102099,2025-04-01,Karnataka,Mysuru,Beauty,Truck,6,1.35,107.6,99.28,Normal,9.6,3.6,3.6,0,0.0,223.65,255.98,5,1,4.9
ORD102100,2025-11-30,Delhi,Dwarka,Electronics,Bike,6,1.54,86.4,101.07,Normal,8.5,1.41,2.4,0,0.0,197.91,236.0,5,1,4.8
ORD102101,2025-09-01,Rajasthan,Jodhpur,Fashion,Van,9,0.88,49.9,99.42,Normal,5.0,3.53,3.6,0,0.0,240.33,288.2,116,0,3.6
ORD102102,2025-03-04,Rajasthan,Jodhpur,Fashion,Truck,7,2.31,26.9,100.54,Normal,6.6,4.05,3.0,1,1.05,177.85,213.42,171,0,3.8
ORD102103,2025-02-17,Delhi,Dwarka,Beauty,Truck,6,2.13,132.9,104.47,Normal,2.5,3.65,4.2,0,0.0,278.72,343.61,5,1,2.9
ORD102104,2025-11-14,Telangana,Hyderabad,Beauty,Bike,9,5.05,132.0,97.51,Normal,6.8,3.32,6.2,0,0.0,306.9,368.77,5,1,4.7
ORD102105,2025-04-11,Karnataka,Mangaluru,Grocery,Van,6,2.07,40.1,99.62,Normal,7.7,2.1,1.1,1,1.0,157.99,168.5,115,0,4.3
ORD102106,2025-10-07,Gujarat,Surat,Grocery,Truck,6,1.21,23.5,100.49,Rain,7.4,3.84,5.3,0,0.0,72.09,97.9,81,0,4.7
ORD102107,2025-02-20,Maharashtra,Nagpur,Electronics,Bike,7,4.96,72.5,97.22,Rain,6.4,3.55,4.0,0,0.0,215.72,220.42,33,0,4.7
ORD102108,2025-04-13,West Bengal,Kolkata,Home & Kitchen,Van,10,2.45,69.4,101.35,Rain,8.2,6.13,6.2,0,0.0,193.07999999999998,294.09,5,1,4.7
ORD102109,2025-04-14,Rajasthan,Udaipur,Electronics,Van,8,2.18,119.1,102.05,Normal,8.3,4.51,4.5,1,0.01,247.93,286.92,5,1,4.3
ORD102110,2025-04-13,Gujarat,Vadodara,Fashion,Van,5,1.91,56.7,97.95,Rain,8.7,3.11,3.9,0,0.0,183.3,242.71,102,0,4.0
ORD102111,2025-09-04,Maharashtra,Mumbai,Fashion,Van,7,2.13,179.4,100.33,Rain,6.1,5.51,6.0,0,0.0,267.16,309.82,5,1,4.1
ORD102112,2025-11-30,Delhi,Dwarka,Grocery,Bike,9,1.1,95.8,100.82,Heavy Rain,7.9,3.86,5.1,0,0.0,266.42,310.83,64,0,4.6
ORD102113,2025-11-29,Tamil Nadu,Madurai,Electronics,Van,6,1.82,198.1,101.55,Rain,4.2,4.55,7.2,0,0.0,320.08,376.35,5,1,5.0
ORD102114,2025-09-28,Karnataka,Mangaluru,Grocery,Bike,6,1.67,22.7,105.34,Normal,4.3,1.18,2.1,0,0.0,142.37,195.67,196,0,4.8
ORD102115,2025-03-15,Maharashtra,Nagpur,Home & Kitchen,Truck,4,2.42,77.6,99.22,Normal,9.5,3.5,3.7,0,0.0,189.35,251.63,5,1,4.9
ORD102116,2025-12-17,West Bengal,Durgapur,Fashion,Van,9,3.97,169.8,101.54,Normal,12.4,5.52,6.6,0,0.0,280.21,336.57,5,1,4.3
ORD102117,2025-07-17,Tamil Nadu,Chennai,Grocery,Bike,7,3.6,25.0,100.36,Normal,8.4,2.52,2.6,0,0.0,170.93,200.59,89,0,4.6
ORD102118,2025-07-19,Karnataka,Mangaluru,Electronics,Truck,4,2.68,126.0,100.07,Rain,5.9,3.17,3.5,0,0.0,179.08,209.19,5,1,4.5
ORD102119,2025-09-14,Tamil Nadu,Madurai,Fashion,Van,3,0.63,16.1,100.66,Normal,4.9,2.17,2.3,0,0.0,97.33,139.15,82,0,3.8
ORD102120,2025-10-08,Maharashtra,Nagpur,Fashion,Bike,6,1.45,26.8,101.39,Normal,10.3,2.59,4.1,0,0.0,109.04,146.28,178,0,4.7
ORD102121,2025-12-14,Rajasthan,Jaipur,Grocery,Van,10,0.59,23.9,100.68,Normal,1.0,3.37,4.9,0,0.0,159.6,193.1,118,0,4.4
ORD102122,2025-08-01,Delhi,Dwarka,Home & Kitchen,Van,10,3.88,28.6,101.18,Normal,14.7,3.43,4.0,0,0.0,190.71,248.22,130,0,5.0
ORD102123,2025-08-11,Gujarat,Ahmedabad,Sports,Truck,4,1.78,114.8,100.56,Normal,6.8,4.06,3.4,1,0.66,193.27,241.03,5,1,3.1
ORD102124,2025-09-30,West Bengal,Siliguri,Sports,Bike,6,1.75,55.9,99.03,Rain,1.0,4.19,4.1,1,0.09,172.97,193.29,5,1,3.7
ORD102125,2025-04-04,Delhi,Rohini,Books,Truck,7,1.23,65.8,102.23,Normal,13.7,3.13,3.8,0,0.0,204.42,240.4,126,0,3.5
ORD102126,2025-04-23,Gujarat,Ahmedabad,Home & Kitchen,Bike,6,4.37,36.8,102.61,Normal,1.6,2.79,4.5,0,0.0,224.43,235.21,147,0,4.7
ORD102127,2025-08-17,Karnataka,Bengaluru,Grocery,Van,7,2.05,70.0,102.54,Normal,2.1,2.78,1.0,1,1.78,178.23,231.8,13,1,4.2
ORD102128,2025-01-24,Maharashtra,Pune,Electronics,Van,9,1.79,165.3,102.01,Normal,6.1,4.26,5.2,0,0.0,311.38,358.99,5,1,4.7
ORD102129,2025-04-27,Maharashtra,Pune,Sports,Bike,5,2.09,25.4,99.42,Normal,6.6,2.49,3.8,0,0.0,126.67,131.43,83,0,5.0
ORD102130,2025-09-20,Maharashtra,Pune,Beauty,Truck,4,2.19,444.9,99.12,Normal,9.7,6.09,7.4,0,0.0,489.29,588.69,5,1,4.8
ORD102131,2025-12-23,Karnataka,Mysuru,Home & Kitchen,Bike,6,1.76,60.1,102.5,Normal,6.4,3.13,4.5,0,0.0,122.81,158.74,5,1,4.0
ORD102132,2025-07-09,Karnataka,Mangaluru,Home & Kitchen,Truck,5,4.37,34.6,98.7,Normal,5.3,3.55,5.2,0,0.0,126.23,125.97,5,1,5.0
ORD102133,2025-05-26,Maharashtra,Nagpur,Books,Bike,4,4.34,23.7,99.65,Normal,6.2,1.64,2.1,0,0.0,113.5,142.87,119,0,5.0
ORD102134,2025-06-10,Delhi,Rohini,Sports,Bike,10,2.04,89.0,104.77,Normal,8.0,3.64,5.0,0,0.0,239.31,260.64,18,1,4.9
ORD102135,2025-09-08,West Bengal,Durgapur,Beauty,Truck,10,1.16,80.9,101.84,Heavy Rain,12.2,6.72,5.8,1,0.92,200.56,245.85,5,1,3.5
ORD102136,2025-07-18,Karnataka,Mangaluru,Fashion,Van,9,2.38,27.9,101.23,Normal,11.1,3.19,3.5,0,0.0,173.06,218.95,346,0,4.1
ORD102137,2025-01-09,Delhi,Rohini,Grocery,Bike,9,1.31,146.4,97.62,Normal,6.8,2.67,3.7,0,0.0,282.91,342.58,5,1,4.7
ORD102138,2025-07-16,Maharashtra,Mumbai,Books,Van,10,4.86,99.1,99.77,Rain,8.2,4.62,4.9,0,0.0,251.39,291.58,74,0,4.3
ORD102139,2025-05-27,Maharashtra,Nagpur,Grocery,Bike,6,5.34,141.7,102.5,Normal,3.1,2.32,2.1,1,0.22,287.92,308.78,5,1,4.5
ORD102140,2025-09-13,Maharashtra,Pune,Fashion,Truck,4,3.07,155.7,98.34,Normal,8.3,2.76,2.9,0,0.0,203.08,272.55,5,1,4.4
ORD102141,2025-11-16,West Bengal,Durgapur,Grocery,Bike,7,0.9,23.3,101.75,Normal,7.4,3.68,5.0,0,0.0,151.1,204.11,323,0,5.0
ORD102142,2025-12-18,Tamil Nadu,Madurai,Books,Van,5,1.42,154.8,98.56,Normal,7.9,4.55,5.2,0,0.0,242.2,276.2,5,1,4.9
ORD102143,2025-08-11,West Bengal,Siliguri,Electronics,Bike,1,1.69,109.3,99.94,Normal,7.1,2.61,3.3,0,0.0,160.35,176.41,5,0,3.7
ORD102144,2025-05-13,Maharashtra,Nagpur,Fashion,Van,2,1.11,97.7,98.25,Rain,9.7,3.88,4.9,0,0.0,166.39,174.86,5,1,4.5
ORD102145,2025-06-12,Rajasthan,Udaipur,Electronics,Truck,4,1.58,58.3,101.27,Normal,5.6,3.7,4.6,0,0.0,152.5,178.77,5,1,5.0
ORD102146,2025-03-06,Rajasthan,Jodhpur,Fashion,Truck,7,2.24,149.1,98.05,Normal,7.9,5.13,7.2,0,0.0,222.11,275.69,5,1,4.4
ORD102147,2025-12-08,Maharashtra,Pune,Books,Van,6,2.71,164.0,100.98,Rain,11.3,4.37,6.1,0,0.0,269.39,324.13,5,1,4.7
ORD102148,2025-11-06,Karnataka,Mysuru,Home & Kitchen,Bike,3,4.45,92.8,102.3,Normal,6.2,2.74,3.8,0,0.0,193.39,190.85,5,1,4.6
ORD102149,2025-11-08,Tamil Nadu,Madurai,Beauty,Bike,5,1.9,98.0,101.53,Normal,6.8,1.92,2.4,0,0.0,209.15,246.59,5,1,4.0
ORD102150,2025-04-30,Gujarat,Ahmedabad,Electronics,Truck,6,1.58,243.7,102.02,Normal,13.9,5.85,7.8,0,0.0,325.36,409.44,5,1,5.0
ORD102151,2025-04-28,Gujarat,Surat,Sports,Bike,6,0.83,4.9,101.61,Normal,7.1,1.33,3.6,0,0.0,87.28,106.11,284,0,4.1
ORD102152,2025-11-09,West Bengal,Siliguri,Books,Van,5,2.41,175.8,101.05,Rain,11.4,5.13,4.5,1,0.63,287.64,313.25,5,1,3.4
ORD102153,2025-07-18,West Bengal,Kolkata,Beauty,Van,8,1.43,72.6,101.11,Normal,6.6,3.06,3.7,0,0.0,218.16,274.8,5,1,5.0
ORD102154,2025-09-15,Karnataka,Mysuru,Grocery,Truck,7,1.68,185.7,101.78,Normal,6.5,2.56,3.1,0,0.0,275.78,316.98,5,1,4.2
ORD102155,2025-06-28,Gujarat,Ahmedabad,Electronics,Van,5,1.33,35.7,99.3,Heavy Rain,1.9,5.41,5.3,1,0.11,102.21,106.13,221,0,4.0
ORD102156,2025-06-11,Gujarat,Ahmedabad,Books,Van,4,1.36,91.1,100.57,Normal,8.1,2.68,2.9,0,0.0,164.87,163.61,5,1,4.7
ORD102157,2025-08-19,West Bengal,Durgapur,Grocery,Truck,6,3.07,89.8,104.96,Rain,9.3,3.57,3.9,0,0.0,187.43,237.1,5,1,5.0
ORD102158,2025-10-24,Delhi,New Delhi,Electronics,Truck,1,1.86,104.3,102.19,Normal,5.8,3.4,5.1,0,0.0,157.05,161.91,5,0,3.3
ORD102159,2025-05-02,West Bengal,Kolkata,Sports,Van,5,5.32,60.5,103.58,Rain,8.5,3.97,3.4,1,0.57,212.95,214.1,5,1,3.8
ORD102160,2025-10-23,Delhi,Dwarka,Electronics,Van,7,0.93,48.4,101.96,Normal,9.7,4.33,5.3,0,0.0,136.28,171.53,124,0,4.3
ORD102161,2025-03-31,Rajasthan,Jodhpur,Grocery,Van,5,4.34,104.2,100.05,Rain,3.6,3.21,3.2,1,0.01,211.69,227.32,5,1,3.9
ORD102162,2025-05-28,Tamil Nadu,Chennai,Home & Kitchen,Van,9,1.4,112.8,100.83,Normal,8.5,3.76,5.6,0,0.0,235.71,293.59,5,1,4.9
ORD102163,2025-11-30,West Bengal,Durgapur,Grocery,Bike,7,1.86,67.3,98.26,Normal,11.8,3.41,4.2,0,0.0,209.13,252.21,5,1,5.0
ORD102164,2025-12-15,Delhi,New Delhi,Electronics,Van,6,2.66,100.7,103.89,Normal,6.7,2.83,4.4,0,0.0,234.87,271.43,5,1,4.6
ORD102165,2025-12-04,Karnataka,Mysuru,Electronics,Van,3,3.76,206.3,103.04,Rain,3.1,3.7,4.5,0,0.0,262.0,286.32,5,1,4.1
ORD102166,2025-04-26,Gujarat,Ahmedabad,Fashion,Bike,5,3.85,76.4,99.94,Normal,9.9,2.57,1.8,1,0.77,193.07999999999998,253.66,5,1,4.0
ORD102167,2025-11-04,Karnataka,Bengaluru,Sports,Bike,5,3.81,10.8,102.84,Normal,7.6,3.06,3.3,0,0.0,143.88,143.05,93,0,4.8
ORD102168,2025-12-08,Gujarat,Surat,Home & Kitchen,Van,3,1.68,93.8,102.69,Normal,6.2,2.9,5.2,0,0.0,161.97,201.73,5,1,4.7
ORD102169,2025-12-24,Maharashtra,Nagpur,Beauty,Bike,1,6.26,26.9,101.63,Normal,5.1,1.52,2.8,0,0.0,122.4,125.37,5,0,5.0
ORD102170,2025-01-08,West Bengal,Durgapur,Beauty,Van,7,2.88,87.2,102.37,Normal,10.1,3.06,5.6,0,0.0,180.26,216.56,5,1,4.1
ORD102171,2025-09-29,Maharashtra,Pune,Books,Van,6,0.28,132.0,102.55,Normal,5.8,2.93,5.0,0,0.0,278.36,323.04,5,1,4.2
ORD102172,2025-12-30,West Bengal,Durgapur,Home & Kitchen,Van,6,2.0,65.1,102.23,Normal,11.0,2.9,3.1,0,0.0,177.95,228.48,5,1,4.6
ORD102173,2025-10-07,Maharashtra,Mumbai,Beauty,Bike,7,1.53,122.1,101.83,Rain,7.8,4.71,4.2,1,0.51,271.59,318.14,5,1,4.5
ORD102174,2025-03-27,Delhi,New Delhi,Sports,Van,8,1.6,124.5,101.72,Rain,10.5,4.89,6.6,0,0.0,239.78,279.23,5,1,5.0
ORD102175,2025-10-06,West Bengal,Durgapur,Home & Kitchen,Van,5,2.97,156.7,100.56,Normal,9.3,3.15,4.8,0,0.0,217.32,264.27,5,1,4.8
ORD102176,2025-02-08,West Bengal,Durgapur,Fashion,Van,6,2.4,226.8,103.23,Normal,4.4,3.92,4.7,0,0.0,344.02,411.63,5,1,4.7
ORD102177,2025-06-25,West Bengal,Durgapur,Sports,Van,4,1.26,186.3,105.18,Normal,7.7,4.45,3.8,1,0.65,245.04,298.17,5,1,3.4
ORD102178,2025-08-17,West Bengal,Siliguri,Home & Kitchen,Truck,5,5.21,7.7,99.61,Normal,6.7,4.34,4.6,0,0.0,111.8,143.34,205,0,4.9
ORD102179,2025-06-16,Gujarat,Surat,Fashion,Bike,5,0.85,47.1,101.71,Normal,8.5,2.08,2.9,0,0.0,147.03,175.71,85,0,3.9
ORD102180,2025-09-13,Rajasthan,Jaipur,Home & Kitchen,Van,3,0.81,34.8,100.48,Rain,6.0,3.9,5.3,0,0.0,126.01,147.62,5,1,5.0
ORD102181,2025-03-29,West Bengal,Durgapur,Books,Bike,7,0.97,110.0,102.66,Normal,2.9,3.1,2.9,1,0.2,234.37,287.86,5,1,4.0
ORD102182,2025-08-10,Telangana,Warangal,Sports,Truck,3,2.62,65.6,102.46,Heavy Rain,8.3,5.17,6.8,0,0.0,170.74,196.19,148,0,4.6
ORD102183,2025-08-24,Telangana,Hyderabad,Grocery,Bike,4,2.49,39.1,101.95,Normal,1.1,2.91,4.3,0,0.0,125.41,148.32,141,0,5.0
ORD102184,2025-08-20,Rajasthan,Jodhpur,Grocery,Van,4,1.16,48.0,100.65,Normal,6.9,3.44,4.9,0,0.0,165.6,189.15,185,0,4.6
ORD102185,2025-04-16,Karnataka,Mangaluru,Fashion,Van,4,1.33,53.0,100.88,Normal,11.3,2.87,4.1,0,0.0,157.84,158.79,5,1,4.3
ORD102186,2025-04-22,Maharashtra,Pune,Electronics,Bike,9,1.96,121.7,100.38,Normal,11.9,2.68,1.4,1,1.28,238.83,279.83,5,1,4.0
ORD102187,2025-04-05,Tamil Nadu,Coimbatore,Home & Kitchen,Truck,4,0.98,18.0,98.66,Normal,7.5,2.99,4.0,0,0.0,117.97,158.91,33,0,4.0
ORD102188,2025-06-18,Gujarat,Ahmedabad,Electronics,Bike,4,3.3,39.2,103.99,Normal,5.5,1.65,2.0,0,0.0,135.62,185.62,40,0,4.6
ORD102189,2025-08-02,Telangana,Hyderabad,Electronics,Bike,8,5.43,5.6,102.99,Normal,8.3,2.71,3.9,0,0.0,142.81,176.41,232,0,4.4
ORD102190,2025-05-13,Tamil Nadu,Chennai,Grocery,Van,11,1.75,120.5,104.13,Normal,11.7,4.12,3.4,1,0.72,301.98,358.49,5,1,3.5
ORD102191,2025-05-30,Maharashtra,Nagpur,Electronics,Van,7,2.46,147.5,101.19,Normal,5.8,5.04,3.9,1,1.14,279.74,317.04,5,1,5.0
ORD102192,2025-04-15,Telangana,Nizamabad,Electronics,Bike,8,2.11,99.7,102.71,Normal,9.1,3.56,4.8,0,0.0,250.44,258.05,5,1,4.4
ORD102193,2025-03-21,Gujarat,Surat,Fashion,Bike,8,4.77,110.2,100.32,Normal,6.2,2.02,1.9,1,0.12,230.89,299.36,5,1,3.6
ORD102194,2025-08-28,Karnataka,Mangaluru,Home & Kitchen,Bike,5,6.93,83.6,100.83,Normal,6.9,3.42,2.2,1,1.22,154.14,172.26,5,1,2.9
ORD102195,2025-10-25,Delhi,Dwarka,Electronics,Truck,6,1.56,98.7,105.56,Rain,6.1,3.4,3.1,1,0.3,197.13,215.94,5,1,3.5
ORD102196,2025-04-17,Karnataka,Mysuru,Electronics,Van,3,2.0,13.1,101.21,Normal,7.3,2.73,3.3,0,0.0,83.82,101.82,157,0,4.9
ORD102197,2025-11-11,Tamil Nadu,Coimbatore,Home & Kitchen,Van,7,3.43,96.2,103.61,Rain,9.2,3.86,5.6,0,0.0,237.49,276.91,22,1,3.7
ORD102198,2025-07-28,Tamil Nadu,Chennai,Beauty,Van,7,2.46,36.5,102.37,Rain,13.1,4.36,5.1,0,0.0,95.97,160.33,128,0,3.9
ORD102199,2025-03-03,Telangana,Warangal,Grocery,Truck,6,1.08,110.9,99.42,Normal,6.8,4.16,4.3,0,0.0,230.43,283.01,5,1,5.0
ORD102200,2025-05-14,Rajasthan,Udaipur,Books,Truck,7,0.61,61.5,101.7,Normal,8.3,4.15,4.6,0,0.0,197.56,264.72,5,1,4.3
ORD102201,2025-01-03,Karnataka,Mysuru,Grocery,Bike,4,1.33,172.9,102.63,Normal,9.5,1.73,3.1,0,0.0,272.95,320.45,5,1,4.2
ORD102202,2025-01-15,Karnataka,Mangaluru,Grocery,Van,7,2.43,86.3,103.24,Normal,7.7,2.54,3.7,0,0.0,231.63,261.03,41,0,4.5
ORD102203,2025-05-03,Karnataka,Bengaluru,Sports,Bike,9,1.52,33.9,98.76,Normal,8.6,3.28,4.6,0,0.0,152.53,230.34,285,0,5.0
ORD102204,2025-06-15,West Bengal,Kolkata,Beauty,Bike,8,0.99,25.0,100.25,Rain,9.4,3.82,6.1,0,0.0,134.71,194.18,321,0,4.0
ORD102205,2025-10-19,Maharashtra,Mumbai,Grocery,Truck,5,1.35,37.1,102.56,Normal,5.2,4.37,5.1,0,0.0,129.01,170.14,5,1,5.0
ORD102206,2025-02-19,West Bengal,Durgapur,Fashion,Truck,12,6.45,70.6,100.32,Rain,10.5,5.87,7.2,0,0.0,274.07,355.34,162,0,4.5
ORD102207,2025-11-03,Karnataka,Mangaluru,Home & Kitchen,Bike,4,0.94,165.2,104.23,Normal,4.5,3.64,2.4,1,1.24,217.81,258.97,5,1,3.8
ORD102208,2025-03-27,Maharashtra,Pune,Home & Kitchen,Truck,7,1.6,51.6,101.93,Normal,6.8,3.69,4.6,0,0.0,177.68,223.44,17,1,4.8
ORD102209,2025-02-20,Karnataka,Mysuru,Electronics,Van,5,1.4,93.7,102.93,Normal,12.3,2.48,2.0,1,0.48,199.82,238.52,5,1,2.7
ORD102210,2025-09-13,Gujarat,Surat,Books,Van,6,7.0,23.3,104.4,Rain,7.6,4.28,4.4,0,0.0,172.82,231.31,83,0,4.7
ORD102211,2025-10-10,Maharashtra,Pune,Electronics,Van,3,0.75,108.8,99.89,Normal,6.7,2.45,2.7,0,0.0,178.98,222.67,5,1,4.6
ORD102212,2025-08-09,Delhi,Rohini,Grocery,Van,6,1.18,63.8,102.93,Normal,1.0,1.42,2.1,0,0.0,180.96,212.63,5,1,5.0
ORD102213,2025-02-12,Rajasthan,Jaipur,Books,Truck,8,2.05,92.8,102.35,Normal,9.1,3.37,3.5,0,0.0,221.4,276.03,5,1,5.0
ORD102214,2025-02-12,Tamil Nadu,Chennai,Fashion,Bike,3,2.19,182.5,102.42,Rain,11.3,4.0,4.4,0,0.0,267.06,277.53,5,1,4.6
ORD102215,2025-05-23,Maharashtra,Nagpur,Electronics,Van,6,4.07,77.2,101.73,Normal,5.5,2.83,4.1,0,0.0,210.38,245.86,56,0,4.6
ORD102216,2025-06-14,Karnataka,Mysuru,Fashion,Bike,8,3.81,26.1,102.43,Normal,11.0,1.51,2.3,0,0.0,154.56,199.14,193,0,4.4
ORD102217,2025-12-31,Delhi,New Delhi,Fashion,Truck,5,1.24,81.4,96.89,Normal,5.3,4.68,5.3,0,0.0,222.8,266.88,5,1,4.5
ORD102218,2025-04-15,Tamil Nadu,Madurai,Sports,Bike,5,2.41,79.4,104.41,Normal,2.9,1.11,1.8,0,0.0,219.4,252.1,5,1,4.3
ORD102219,2025-03-12,West Bengal,Kolkata,Grocery,Van,7,1.76,122.2,99.77,Normal,6.6,3.27,3.8,0,0.0,259.82,292.6,5,1,5.0
ORD102220,2025-12-12,Karnataka,Bengaluru,Grocery,Van,8,1.46,76.5,105.38,Normal,6.3,4.28,5.9,0,0.0,237.87,292.74,47,0,5.0
ORD102221,2025-02-26,Tamil Nadu,Chennai,Beauty,Bike,7,3.8,177.4,100.49,Normal,8.2,3.48,4.1,0,0.0,314.09,378.79,5,1,5.0
ORD102222,2025-01-10,Maharashtra,Mumbai,Grocery,Bike,4,2.32,125.9,100.43,Rain,5.9,5.0,7.7,0,0.0,204.7,237.15,5,1,5.0
ORD102223,2025-06-04,Delhi,Rohini,Grocery,Bike,7,5.54,77.7,102.95,Normal,5.6,2.91,4.0,0,0.0,249.4,288.1,5,1,4.8
ORD102224,2025-05-27,West Bengal,Siliguri,Electronics,Van,10,2.68,71.3,102.72,Normal,10.2,3.28,4.7,0,0.0,242.83,291.08,124,0,4.9
ORD102225,2025-08-15,Karnataka,Mysuru,Home & Kitchen,Bike,4,3.59,30.8,103.06,Normal,9.8,2.92,3.3,0,0.0,148.11,172.59,77,0,4.9
ORD102226,2025-11-17,Gujarat,Vadodara,Electronics,Van,4,0.34,55.6,102.91,Rain,8.1,2.99,4.2,0,0.0,174.61,205.28,5,1,3.7
ORD102227,2025-12-07,Maharashtra,Mumbai,Beauty,Van,3,2.08,18.6,102.02,Normal,6.7,2.11,3.7,0,0.0,59.87,49.31,5,1,4.3
ORD102228,2025-04-16,Delhi,Dwarka,Sports,Truck,5,2.6,65.0,101.62,Heavy Rain,6.9,4.52,5.4,0,0.0,181.1,209.88,5,1,4.2
ORD102229,2025-12-24,Karnataka,Bengaluru,Beauty,Van,4,2.77,14.9,103.34,Normal,8.2,1.86,2.2,0,0.0,88.45,87.15,115,0,4.4
ORD102230,2025-08-19,Karnataka,Mangaluru,Beauty,Bike,8,5.38,79.1,101.06,Normal,7.1,3.42,5.1,0,0.0,230.23,263.55,5,1,4.4
ORD102231,2025-01-26,Rajasthan,Jodhpur,Sports,Truck,5,2.94,28.5,102.53,Heavy Rain,9.2,5.2,7.7,0,0.0,117.71,167.48,82,0,4.8
ORD102232,2025-12-09,Karnataka,Mangaluru,Home & Kitchen,Truck,6,0.9,94.8,99.27,Rain,4.0,3.3,2.7,1,0.6,229.92,258.41,5,1,3.7
ORD102233,2025-02-20,Maharashtra,Pune,Electronics,Van,4,2.8,74.6,102.79,Normal,2.4,3.29,3.6,0,0.0,179.72,180.72,5,1,3.2
ORD102234,2025-08-03,Rajasthan,Jodhpur,Sports,Van,4,3.4,48.2,102.52,Rain,8.3,3.97,4.6,0,0.0,147.77,149.56,5,1,4.7
ORD102235,2025-10-16,Telangana,Nizamabad,Sports,Bike,4,1.33,22.2,102.28,Normal,3.9,3.05,3.4,0,0.0,71.48,94.16,164,0,4.4
ORD102236,2025-04-02,Delhi,Rohini,Grocery,Van,7,1.51,70.2,105.44,Normal,5.7,2.1,2.7,0,0.0,179.47,226.61,5,1,4.8
ORD102237,2025-04-09,West Bengal,Kolkata,Home & Kitchen,Van,7,3.29,66.4,105.07,Rain,5.3,5.47,5.3,1,0.17,187.13,223.43,17,1,3.3
ORD102238,2025-06-23,West Bengal,Siliguri,Sports,Bike,8,1.98,219.4,104.03,Normal,9.5,4.7,6.2,0,0.0,356.71,383.71,5,1,4.7
ORD102239,2025-11-19,Delhi,Rohini,Grocery,Bike,4,4.02,53.4,104.0,Rain,4.9,2.88,3.6,0,0.0,143.87,155.6,17,0,4.0
ORD102240,2025-03-23,Maharashtra,Mumbai,Grocery,Bike,6,2.23,116.7,102.6,Normal,10.8,1.59,2.5,0,0.0,220.93,283.48,5,1,3.6
ORD102241,2025-08-31,Maharashtra,Nagpur,Home & Kitchen,Van,4,0.48,41.8,102.97,Rain,8.4,3.7,4.1,0,0.0,63.19,85.64,95,0,4.3
ORD102242,2025-06-15,Telangana,Hyderabad,Beauty,Bike,5,2.05,32.8,103.21,Normal,7.7,3.06,3.1,0,0.0,159.4,152.03,56,0,3.5
ORD102243,2025-02-10,Maharashtra,Pune,Books,Van,7,1.53,100.6,103.52,Rain,11.6,3.63,3.7,0,0.0,192.16,219.82,5,1,4.1
ORD102244,2025-09-17,West Bengal,Kolkata,Books,Truck,7,2.95,408.8,102.58,Normal,5.5,2.23,4.4,0,0.0,825.1999999999999,175.89,192,0,4.6
ORD102245,2025-10-31,West Bengal,Kolkata,Beauty,Bike,8,2.61,68.9,103.43,Normal,8.4,2.64,2.5,1,0.14,222.55,255.5,73,0,3.2
ORD102246,2025-07-30,Karnataka,Mysuru,Beauty,Bike,6,1.07,7.6,102.58,Normal,1.5,1.36,1.7,0,0.0,140.62,167.22,175,0,4.7
ORD102247,2025-03-06,Delhi,Rohini,Grocery,Bike,9,2.25,43.4,103.23,Normal,7.1,1.89,1.0,1,0.89,195.65,234.42,169,0,3.1
ORD102248,2025-02-26,Gujarat,Vadodara,Beauty,Van,5,2.81,47.9,104.14,Normal,3.8,1.5,2.6,0,0.0,163.68,183.52,5,1,4.0
ORD102249,2025-06-04,West Bengal,Durgapur,Fashion,Truck,4,2.64,29.9,101.31,Normal,9.0,4.01,5.5,0,0.0,148.36,207.2,55,0,3.9
ORD102250,2025-07-04,Maharashtra,Nagpur,Electronics,Van,6,3.74,55.2,102.74,Normal,10.7,3.66,2.8,1,0.86,113.22,147.15,5,1,4.2
ORD102251,2025-07-21,Tamil Nadu,Chennai,Electronics,Truck,6,1.02,16.6,102.65,Rain,6.5,3.64,3.7,0,0.0,148.94,177.62,214,0,4.6
ORD102252,2025-03-30,Karnataka,Mangaluru,Grocery,Truck,12,1.79,79.1,100.69,Normal,15.1,3.86,3.8,1,0.06,208.54,285.65,5,1,3.7
ORD102253,2025-07-02,Tamil Nadu,Chennai,Electronics,Bike,8,0.47,55.3,105.04,Heavy Rain,5.7,4.36,4.7,0,0.0,176.58,226.95,22,1,3.3
ORD102254,2025-04-18,Rajasthan,Jodhpur,Electronics,Van,6,4.27,52.5,101.05,Normal,4.6,4.06,5.3,0,0.0,189.31,225.79,67,0,4.5
ORD102255,2025-09-08,Tamil Nadu,Madurai,Sports,Van,5,2.14,101.2,105.13,Normal,5.7,2.61,3.3,0,0.0,177.04,250.31,5,1,3.8
ORD102256,2025-10-18,Karnataka,Bengaluru,Grocery,Van,4,1.87,30.9,100.14,Rain,7.6,2.38,3.1,0,0.0,116.08,124.56,5,1,3.8
ORD102257,2025-08-27,Rajasthan,Jodhpur,Electronics,Bike,4,1.85,181.8,99.87,Normal,9.0,3.63,3.0,1,0.63,184.87,241.66,5,1,4.2
ORD102258,2025-01-01,West Bengal,Siliguri,Home & Kitchen,Bike,5,2.75,30.2,101.97,Normal,9.1,2.25,2.9,0,0.0,104.68,145.81,95,0,4.0
ORD102259,2025-12-29,Rajasthan,Udaipur,Grocery,Van,6,3.96,127.6,103.3,Normal,6.7,4.97,6.5,0,0.0,228.24,245.74,5,1,4.5
ORD102260,2025-01-09,Tamil Nadu,Chennai,Fashion,Van,6,1.67,164.4,103.3,Normal,10.1,3.22,4.0,0,0.0,245.86,297.81,5,1,4.0
ORD102261,2025-12-31,Tamil Nadu,Coimbatore,Fashion,Bike,4,2.63,12.2,104.93,Rain,5.4,3.48,2.4,1,1.08,103.52,106.57,42,0,4.3
ORD102262,2025-01-12,Rajasthan,Jaipur,Fashion,Bike,7,2.61,39.6,101.22,Normal,15.0,3.8,5.6,0,0.0,212.26,246.2,5,1,4.8
ORD102263,2025-07-08,Tamil Nadu,Coimbatore,Home & Kitchen,Van,8,0.48,23.1,104.28,Rain,10.5,3.29,5.2,0,0.0,175.13,228.55,252,0,5.0
ORD102264,2025-02-08,Karnataka,Mysuru,Grocery,Van,6,1.27,99.0,99.64,Normal,2.2,2.68,3.9,0,0.0,228.56,266.58,5,1,5.0
ORD102265,2025-02-04,Maharashtra,Mumbai,Electronics,Van,5,2.67,43.9,100.89,Rain,5.9,3.11,4.6,0,0.0,161.14,153.56,49,0,3.7
ORD102266,2025-09-07,Delhi,Rohini,Beauty,Bike,5,4.49,31.7,102.17,Normal,5.4,2.62,3.8,0,0.0,112.42,148.11,34,0,5.0
ORD102267,2025-09-23,Tamil Nadu,Coimbatore,Electronics,Bike,7,2.0,61.0,100.67,Normal,13.3,2.95,4.2,0,0.0,231.63,243.4,72,0,3.1
ORD102268,2025-02-13,Maharashtra,Pune,Electronics,Van,8,0.91,70.7,103.64,Normal,5.6,4.18,4.4,0,0.0,210.87,244.25,39,0,4.2
ORD102269,2025-12-23,Telangana,Hyderabad,Electronics,Van,2,3.86,150.2,101.49,Normal,1.0,4.55,6.0,0,0.0,234.27,278.83,5,1,4.3
ORD102270,2025-04-27,Delhi,New Delhi,Books,Bike,5,3.94,150.6,104.48,Rain,9.8,4.58,3.3,1,1.28,278.23,298.78,5,1,2.9
ORD102271,2025-04-27,Karnataka,Mysuru,Home & Kitchen,Van,10,2.63,38.6,104.24,Normal,1.6,2.98,3.5,0,0.0,217.17,269.26,105,0,4.2
ORD102272,2025-04-19,West Bengal,Durgapur,Home & Kitchen,Van,5,0.54,19.0,101.47,Heavy Rain,5.9,4.38,5.9,0,0.0,123.51,134.9,117,0,5.0
ORD102273,2025-06-18,Karnataka,Bengaluru,Electronics,Van,8,1.42,89.9,102.06,Normal,10.0,2.65,4.7,0,0.0,202.06,210.94,5,1,4.6
ORD102274,2025-03-06,West Bengal,Siliguri,Grocery,Bike,7,2.16,59.3,102.54,Normal,6.8,3.58,4.7,0,0.0,159.96,184.11,145,0,3.6
ORD102275,2025-06-05,West Bengal,Durgapur,Fashion,Van,5,1.73,158.0,105.15,Rain,10.5,5.13,6.9,0,0.0,227.55,256.49,5,1,4.3
ORD102276,2025-03-18,Karnataka,Bengaluru,Sports,Truck,9,0.49,161.3,101.02,Rain,9.2,5.87,6.5,0,0.0,224.47,268.45,5,1,5.0
ORD102277,2025-01-19,West Bengal,Durgapur,Grocery,Van,8,1.7,93.8,98.45,Rain,5.8,4.78,6.1,0,0.0,215.04,258.61,5,1,4.1
ORD102278,2025-05-15,Maharashtra,Mumbai,Beauty,Bike,7,1.1,77.2,101.97,Normal,8.2,2.4,3.7,0,0.0,210.21,248.6,5,1,4.3
ORD102279,2025-09-03,Delhi,New Delhi,Grocery,Bike,10,2.96,82.6,101.08,Normal,13.3,2.8,1.4,1,1.4,276.1,319.53,60,0,4.1
ORD102280,2025-10-06,Maharashtra,Mumbai,Electronics,Bike,3,2.75,76.0,99.99,Normal,7.0,2.59,4.0,0,0.0,138.47,153.54,5,1,4.9
ORD102281,2025-05-09,Rajasthan,Jaipur,Sports,Truck,5,2.83,81.4,102.68,Rain,8.4,5.06,5.9,0,0.0,183.64,231.58,5,1,4.9
ORD102282,2025-04-29,Rajasthan,Jodhpur,Sports,Truck,6,1.58,48.4,100.64,Normal,8.5,3.62,4.5,0,0.0,147.31,164.4,102,0,4.3
ORD102283,2025-10-15,Delhi,Rohini,Home & Kitchen,Bike,5,2.04,44.4,103.37,Normal,5.2,3.55,5.1,0,0.0,152.41,195.96,141,0,3.6
ORD102284,2025-09-06,Rajasthan,Jaipur,Grocery,Truck,6,1.91,51.5,100.6,Heavy Rain,3.2,4.83,5.0,0,0.0,130.62,159.25,5,1,4.6
ORD102285,2025-10-31,Gujarat,Ahmedabad,Home & Kitchen,Bike,4,3.65,210.7,108.09,Normal,7.8,2.95,3.7,0,0.0,288.43,324.31,5,1,3.7
ORD102286,2025-11-27,Karnataka,Bengaluru,Beauty,Van,5,1.42,7.9,104.69,Rain,10.6,4.33,5.1,0,0.0,88.74,95.59,5,1,4.4
ORD102287,2025-10-27,Telangana,Hyderabad,Books,Van,13,1.23,44.2,101.47,Normal,11.2,4.72,5.8,0,0.0,254.13,293.59,258,0,4.0
ORD102288,2025-12-08,West Bengal,Kolkata,Sports,Van,6,3.76,50.9,101.41,Normal,4.2,2.52,1.3,1,1.22,131.83,177.25,263,0,3.7
ORD102289,2025-06-02,Delhi,New Delhi,Home & Kitchen,Van,3,3.43,90.0,102.46,Normal,7.6,1.19,2.5,0,0.0,183.25,193.47,5,1,5.0
ORD102290,2025-05-25,Tamil Nadu,Madurai,Grocery,Van,2,2.73,42.2,104.13,Normal,8.4,1.43,2.8,0,0.0,135.78,156.66,5,1,4.6
ORD102291,2025-04-28,West Bengal,Durgapur,Grocery,Bike,1,5.62,167.6,102.01,Heavy Rain,9.0,4.61,4.1,1,0.51,199.47,229.74,5,0,4.5
ORD102292,2025-03-27,Maharashtra,Pune,Home & Kitchen,Truck,4,7.83,142.8,100.73,Normal,8.9,4.23,4.3,0,0.0,244.66,282.01,5,1,4.1
ORD102293,2025-10-01,Rajasthan,Udaipur,Grocery,Bike,6,4.48,173.4,100.21,Normal,8.3,3.45,5.2,0,0.0,273.94,335.66,5,1,4.7
ORD102294,2025-09-18,Karnataka,Bengaluru,Grocery,Bike,5,1.24,78.1,102.79,Normal,5.4,2.55,2.4,1,0.15,215.04,245.92,5,1,3.3
ORD102295,2025-10-20,Maharashtra,Mumbai,Grocery,Truck,5,3.46,159.4,101.53,Normal,6.8,3.74,5.8,0,0.0,298.9,313.05,5,1,4.4
ORD102296,2025-03-03,Maharashtra,Pune,Sports,Van,4,2.16,38.6,103.35,Normal,9.2,3.48,3.3,1,0.18,154.14,165.07,32,0,4.2
ORD102297,2025-06-29,Tamil Nadu,Coimbatore,Electronics,Van,5,1.4,70.0,99.02,Normal,4.9,3.74,5.3,0,0.0,179.04,249.34,11,1,3.4
ORD102298,2025-03-23,Gujarat,Ahmedabad,Home & Kitchen,Bike,5,1.24,103.2,103.7,Normal,4.7,0.7,1.0,0,0.0,679.55,158.17,36,0,4.4
ORD102299,2025-11-22,Telangana,Warangal,Electronics,Bike,5,2.4,98.2,102.28,Normal,8.9,3.02,4.5,0,0.0,216.15,246.7,5,1,4.8
ORD102300,2025-04-08,Karnataka,Bengaluru,Electronics,Bike,7,3.42,97.1,99.7,Normal,8.9,2.81,3.7,0,0.0,269.85,324.88,5,1,4.2
ORD102301,2025-02-22,Maharashtra,Mumbai,Fashion,Van,5,4.94,78.8,103.52,Normal,11.1,3.32,4.2,0,0.0,198.07,249.45,5,1,4.9
ORD102302,2025-07-28,West Bengal,Durgapur,Sports,Van,2,3.12,58.5,103.77,Heavy Rain,8.4,4.72,4.5,1,0.22,193.07999999999998,70.73,5,1,3.9
ORD102303,2025-11-17,Tamil Nadu,Madurai,Fashion,Van,7,2.92,120.0,101.42,Normal,6.5,2.48,3.2,0,0.0,236.73,279.41,5,1,3.7
ORD102304,2025-12-01,Gujarat,Vadodara,Grocery,Truck,3,1.76,155.1,104.04,Heavy Rain,10.2,5.5,5.5,0,0.0,241.65,280.24,5,1,4.7
ORD102305,2025-02-05,Telangana,Nizamabad,Fashion,Truck,3,2.32,216.9,100.43,Rain,7.1,5.53,5.4,1,0.13,281.67,305.72,5,1,4.0
ORD102306,2025-04-29,Karnataka,Mysuru,Home & Kitchen,Bike,7,0.76,94.8,98.76,Normal,9.4,1.71,3.6,0,0.0,243.01,279.21,47,0,4.4
ORD102307,2025-02-26,Delhi,New Delhi,Books,Truck,9,2.91,66.9,102.59,Normal,7.7,4.89,8.2,0,0.0,201.64,256.98,140,0,4.5
ORD102308,2025-04-23,Karnataka,Bengaluru,Grocery,Truck,8,2.67,47.7,101.3,Normal,9.5,4.14,4.2,0,0.0,213.51,256.21,45,0,4.9
ORD102309,2025-07-14,Delhi,Dwarka,Fashion,Truck,5,6.99,103.5,100.66,Normal,6.3,2.83,3.9,0,0.0,195.18,266.2,5,1,4.5
ORD102310,2025-04-13,Tamil Nadu,Chennai,Sports,Van,7,1.96,38.4,103.93,Normal,2.4,2.49,4.0,0,0.0,193.07999999999998,219.08,113,0,4.8
ORD102311,2025-01-25,Delhi,New Delhi,Fashion,Bike,8,4.37,99.0,103.3,Normal,12.9,3.01,3.1,0,0.0,228.83,277.91,5,1,5.0
ORD102312,2025-07-06,Tamil Nadu,Chennai,Home & Kitchen,Bike,6,1.48,39.4,105.87,Rain,5.2,3.75,3.7,1,0.05,119.14,148.34,214,0,4.3
ORD102313,2025-01-20,Rajasthan,Jaipur,Fashion,Truck,6,6.07,68.9,103.67,Normal,6.5,4.7,5.4,0,0.0,204.39,256.19,5,1,4.5
ORD102314,2025-03-24,Karnataka,Mysuru,Grocery,Van,6,5.17,35.1,103.92,Normal,6.2,2.99,3.7,0,0.0,138.4,163.08,5,1,4.5
ORD102315,2025-01-01,West Bengal,Durgapur,Fashion,Truck,6,4.2,50.8,101.35,Normal,12.2,4.33,2.8,1,1.53,197.62,212.07,47,0,3.6
ORD102316,2025-02-01,Maharashtra,Mumbai,Books,Van,8,2.09,92.5,99.08,Normal,9.3,2.53,3.5,0,0.0,221.36,245.75,5,1,4.5
ORD102317,2025-06-09,Tamil Nadu,Coimbatore,Beauty,Bike,8,1.74,130.3,106.49,Normal,9.7,3.16,4.6,0,0.0,266.69,318.16,5,1,4.6
ORD102318,2025-11-07,Tamil Nadu,Madurai,Fashion,Van,7,1.58,56.7,103.82,Normal,10.1,3.56,4.7,0,0.0,180.2,234.46,12,1,4.1
ORD102319,2025-10-10,Tamil Nadu,Coimbatore,Books,Truck,8,1.07,8.5,105.83,Normal,9.9,3.3,3.8,0,0.0,159.06,193.47,142,0,4.2
ORD102320,2025-02-06,Telangana,Hyderabad,Fashion,Bike,4,2.73,15.1,100.81,Rain,7.4,3.54,2.9,1,0.64,94.98,126.62,89,0,3.4
ORD102321,2025-01-13,Maharashtra,Mumbai,Fashion,Van,4,1.71,15.6,104.76,Normal,7.2,3.34,4.5,0,0.0,135.22,160.01,5,1,4.9
ORD102322,2025-05-04,Delhi,Dwarka,Electronics,Truck,3,2.58,162.4,103.47,Rain,10.2,3.7,3.7,0,0.0,290.58,347.89,5,1,4.6
ORD102323,2025-08-27,Telangana,Hyderabad,Fashion,Bike,5,2.25,296.3,104.86,Normal,4.1,3.93,4.3,0,0.0,361.17,399.72,5,1,4.5
ORD102324,2025-09-30,Karnataka,Mangaluru,Fashion,Bike,6,1.0,65.9,104.0,Rain,5.1,2.89,3.6,0,0.0,214.96,229.35,22,1,4.1
ORD102325,2025-10-28,Karnataka,Mangaluru,Home & Kitchen,Van,6,4.01,16.5,102.54,Normal,9.3,2.77,4.2,0,0.0,130.95,183.96,5,1,4.8
ORD102326,2025-05-05,Maharashtra,Pune,Beauty,Truck,5,2.14,32.5,103.47,Heavy Rain,7.9,3.95,5.6,0,0.0,125.02,130.55,109,0,4.1
ORD102327,2025-03-03,Karnataka,Mangaluru,Electronics,Van,4,3.53,29.6,102.33,Normal,6.0,2.96,3.8,0,0.0,151.7,177.07,24,0,4.1
ORD102328,2025-01-10,Telangana,Nizamabad,Home & Kitchen,Bike,6,0.94,157.4,104.47,Normal,13.2,5.75,6.5,0,0.0,234.05,301.05,5,1,4.9
ORD102329,2025-02-23,Rajasthan,Jaipur,Beauty,Bike,3,1.23,52.0,101.53,Rain,3.3,3.58,5.0,0,0.0,142.14,166.82,5,1,4.3
ORD102330,2025-01-24,Delhi,Dwarka,Home & Kitchen,Van,5,1.56,427.1,101.71,Normal,7.1,6.68,6.6,1,0.08,523.1,616.09,5,1,4.1
ORD102331,2025-11-11,Maharashtra,Pune,Grocery,Bike,7,2.36,28.8,102.68,Normal,8.5,3.24,3.3,0,0.0,157.53,209.41,108,0,4.2
ORD102332,2025-04-08,Delhi,Dwarka,Grocery,Bike,4,1.88,31.4,104.08,Rain,5.7,1.76,3.8,0,0.0,193.07999999999998,152.77,5,1,4.4
ORD102333,2025-10-28,Telangana,Warangal,Home & Kitchen,Truck,9,4.89,51.8,103.07,Rain,7.1,5.68,7.7,0,0.0,205.71,261.57,249,0,4.5
ORD102334,2025-07-21,Karnataka,Mysuru,Electronics,Bike,5,3.95,47.6,102.39,Normal,6.5,3.0,2.1,1,0.9,180.02,188.61,35,0,4.4
ORD102335,2025-07-16,Gujarat,Vadodara,Fashion,Truck,4,1.25,141.3,104.88,Normal,10.6,4.07,4.3,0,0.0,214.41,233.5,5,1,4.7
ORD102336,2025-06-15,West Bengal,Kolkata,Electronics,Truck,6,13.67,73.8,104.04,Normal,7.8,3.81,5.3,0,0.0,280.11,317.67,5,1,4.8
ORD102337,2025-10-27,West Bengal,Durgapur,Beauty,Van,6,1.91,108.3,102.16,Normal,8.4,3.71,4.8,0,0.0,249.0,257.86,5,1,4.8
ORD102338,2025-01-16,West Bengal,Kolkata,Grocery,Van,4,4.66,87.3,101.11,Normal,5.5,4.26,4.8,0,0.0,155.18,190.75,5,1,5.0
ORD102339,2025-02-03,West Bengal,Siliguri,Grocery,Bike,4,1.67,87.2,102.67,Normal,8.4,1.26,1.0,1,0.26,141.95,205.09,5,1,4.8
ORD102340,2025-06-04,Gujarat,Ahmedabad,Fashion,Van,3,3.02,61.4,101.87,Normal,9.2,3.24,3.5,0,0.0,141.29,161.33,5,1,4.8
ORD102341,2025-05-24,Karnataka,Bengaluru,Sports,Van,3,3.73,148.3,101.6,Normal,6.1,4.05,4.0,1,0.05,208.88,244.31,5,1,3.4
ORD102342,2025-07-19,Maharashtra,Mumbai,Electronics,Bike,6,0.76,128.5,104.34,Normal,9.0,1.75,3.7,0,0.0,216.03,237.16,5,1,4.7
ORD102343,2025-09-27,Karnataka,Mysuru,Sports,Van,2,6.27,38.0,105.02,Rain,6.2,2.8,2.8,0,0.0,109.16,119.72,5,1,5.0
ORD102344,2025-08-03,Karnataka,Mysuru,Books,Bike,2,1.21,52.8,102.89,Normal,6.0,1.42,2.2,0,0.0,163.98,179.32,5,1,3.8
ORD102345,2025-04-04,Maharashtra,Nagpur,Fashion,Bike,4,1.6,34.7,102.98,Normal,7.7,2.79,3.9,0,0.0,153.39,169.84,116,0,5.0
ORD102346,2025-04-30,West Bengal,Durgapur,Electronics,Van,7,1.36,76.3,101.66,Normal,8.4,3.71,4.3,0,0.0,177.9,221.21,6,1,4.9
ORD102347,2025-10-02,Delhi,New Delhi,Electronics,Van,7,1.39,93.3,101.08,Normal,8.2,2.79,3.5,0,0.0,193.07999999999998,196.15,5,1,4.7
ORD102348,2025-03-15,West Bengal,Durgapur,Sports,Bike,4,1.44,47.9,104.43,Normal,2.9,2.66,2.2,1,0.46,122.17,145.78,5,1,3.7
ORD102349,2025-07-04,Telangana,Hyderabad,Home & Kitchen,Bike,9,0.93,53.5,100.71,Normal,5.2,3.8,4.2,0,0.0,166.88,216.53,76,0,4.2
ORD102350,2025-07-16,Maharashtra,Pune,Sports,Bike,9,3.3,37.7,101.88,Normal,4.2,2.92,3.3,0,0.0,214.68,276.31,189,0,5.0
ORD102351,2025-10-01,Telangana,Nizamabad,Beauty,Van,8,2.17,32.0,101.83,Rain,4.6,5.35,5.5,0,0.0,174.82,212.0,63,0,3.8
ORD102352,2025-09-18,Gujarat,Ahmedabad,Fashion,Van,4,1.84,52.0,103.76,Heavy Rain,7.8,4.56,6.5,0,0.0,128.11,141.24,76,0,5.0
ORD102353,2025-06-19,West Bengal,Siliguri,Beauty,Bike,1,3.9,62.6,102.64,Rain,4.9,3.45,5.9,0,0.0,125.78,135.05,5,0,5.0
ORD102354,2025-04-23,West Bengal,Kolkata,Home & Kitchen,Van,5,6.35,37.3,101.97,Rain,5.9,3.52,5.1,0,0.0,136.48,167.96,161,0,4.8
ORD102355,2025-05-15,Rajasthan,Udaipur,Fashion,Truck,10,0.73,30.2,105.45,Normal,13.1,4.76,6.8,0,0.0,181.85,219.52,244,0,4.7
ORD102356,2025-05-31,Tamil Nadu,Madurai,Sports,Van,9,5.79,249.8,105.93,Normal,11.9,4.5,4.6,0,0.0,452.94,507.87,5,1,4.1
ORD102357,2025-03-22,Delhi,Rohini,Home & Kitchen,Van,4,1.98,49.6,103.7,Normal,2.7,2.35,2.9,0,0.0,123.83,147.66,5,1,4.6
ORD102358,2025-08-17,West Bengal,Siliguri,Sports,Van,6,0.84,81.1,103.26,Rain,5.0,5.53,5.5,1,0.03,191.14,194.0,5,1,3.1
ORD102359,2025-03-18,Maharashtra,Nagpur,Sports,Truck,5,2.63,104.2,102.09,Rain,4.7,4.1,4.9,0,0.0,188.86,227.27,5,1,3.9
ORD102360,2025-08-25,Tamil Nadu,Chennai,Electronics,Truck,6,1.87,87.2,102.97,Normal,7.5,3.55,3.4,1,0.15,180.12,215.73,5,1,3.1
ORD102361,2025-10-02,Gujarat,Ahmedabad,Beauty,Bike,8,3.52,111.6,100.83,Rain,5.0,2.41,2.2,1,0.21,277.09,331.21,5,1,4.0
ORD102362,2025-12-18,Maharashtra,Pune,Home & Kitchen,Bike,4,2.21,76.9,104.78,Normal,5.0,2.02,1.0,1,1.02,137.23,149.04,5,1,3.6
ORD102363,2025-02-13,Telangana,Warangal,Grocery,Bike,8,2.54,19.6,102.76,Heavy Rain,9.1,3.3,4.4,0,0.0,159.0,186.6,200,0,4.4
ORD102364,2025-10-05,Delhi,Dwarka,Sports,Van,8,1.52,79.7,101.76,Heavy Rain,7.6,6.16,7.9,0,0.0,193.1,233.95,5,1,4.6
ORD102365,2025-02-01,West Bengal,Siliguri,Sports,Bike,5,1.03,56.4,102.4,Normal,3.6,3.07,4.7,0,0.0,188.58,204.52,5,1,5.0
ORD102366,2025-05-04,Maharashtra,Mumbai,Sports,Truck,3,3.26,36.0,104.27,Rain,6.7,4.54,5.9,0,0.0,105.8,114.97,79,0,3.7
ORD102367,2025-03-06,Maharashtra,Nagpur,Home & Kitchen,Bike,3,1.43,205.3,102.53,Normal,6.5,3.57,5.0,0,0.0,242.11,268.6,5,1,5.0
ORD102368,2025-03-01,Karnataka,Mysuru,Beauty,Van,8,2.62,14.9,101.58,Normal,8.7,2.23,2.7,0,0.0,155.51,157.1,162,0,4.6
ORD102369,2025-03-06,Delhi,New Delhi,Home & Kitchen,Bike,10,2.0,96.3,99.23,Normal,5.6,4.08,3.4,1,0.68,271.62,307.9,12,1,3.6
ORD102370,2025-01-17,Karnataka,Mangaluru,Sports,Van,8,1.82,92.8,102.85,Normal,10.5,3.42,3.2,1,0.22,256.53,308.44,5,1,4.1
ORD102371,2025-10-28,Maharashtra,Mumbai,Home & Kitchen,Van,9,3.17,174.5,103.67,Rain,7.3,5.73,6.2,0,0.0,312.49,345.99,5,1,4.7
ORD102372,2025-01-23,Telangana,Warangal,Electronics,Van,4,1.97,85.7,102.11,Normal,3.8,1.18,1.0,1,0.18,185.81,195.46,5,1,4.6
ORD102373,2025-05-26,Delhi,Rohini,Electronics,Van,4,1.59,46.2,101.56,Normal,6.8,1.6,2.8,0,0.0,110.59,127.53,5,1,4.4
ORD102374,2025-09-13,Tamil Nadu,Madurai,Home & Kitchen,Van,7,0.73,13.9,100.96,Normal,9.2,2.82,3.9,0,0.0,163.37,203.25,75,0,3.8
ORD102375,2025-12-28,Tamil Nadu,Chennai,Home & Kitchen,Van,5,1.96,16.3,102.31,Normal,8.5,3.32,4.5,0,0.0,143.31,145.82,68,0,3.7
ORD102376,2025-11-08,Maharashtra,Mumbai,Electronics,Truck,4,1.81,50.2,100.98,Normal,9.8,2.14,3.7,0,0.0,154.5,174.21,5,1,4.9
ORD102377,2025-02-20,Delhi,New Delhi,Books,Van,5,1.14,157.0,100.96,Normal,5.3,4.66,3.7,1,0.96,271.25,330.07,5,1,4.1
ORD102378,2025-12-27,Karnataka,Bengaluru,Books,Van,12,0.54,18.9,102.12,Normal,5.2,4.37,4.4,0,0.0,206.37,258.68,165,0,5.0
ORD102379,2025-08-27,Karnataka,Mangaluru,Home & Kitchen,Van,6,0.68,78.2,106.37,Rain,6.4,5.13,4.8,1,0.33,187.88,230.94,5,1,3.1
ORD102380,2025-03-07,West Bengal,Siliguri,Books,Truck,4,6.43,147.3,107.18,Normal,1.0,5.06,5.2,0,0.0,229.57,254.87,5,1,4.8
ORD102381,2025-06-13,Delhi,Dwarka,Fashion,Van,6,2.06,194.9,105.09,Normal,5.3,3.94,4.0,0,0.0,286.69,324.0,5,1,5.0
ORD102382,2025-12-02,Delhi,Dwarka,Books,Van,8,0.79,59.2,104.13,Normal,7.1,2.5,1.3,1,1.2,212.67,274.68,125,0,4.0
ORD102383,2025-05-24,Karnataka,Bengaluru,Home & Kitchen,Truck,11,1.36,8.9,99.48,Rain,7.8,5.38,6.7,0,0.0,203.07,261.05,161,0,4.4
ORD102384,2025-03-09,Gujarat,Ahmedabad,Beauty,Bike,8,2.03,134.6,107.78,Rain,9.3,3.43,5.3,0,0.0,292.24,348.86,5,1,4.3
ORD102385,2025-11-16,Gujarat,Ahmedabad,Fashion,Bike,3,2.7,50.0,103.67,Normal,6.3,1.72,1.8,0,0.0,122.59,150.69,5,1,4.3
ORD102386,2025-12-14,West Bengal,Siliguri,Home & Kitchen,Van,4,1.73,98.1,100.98,Normal,7.7,4.23,4.4,0,0.0,227.65,267.9,5,1,4.6
ORD102387,2025-12-23,Telangana,Hyderabad,Beauty,Van,4,7.49,100.1,107.79,Normal,8.0,2.82,4.3,0,0.0,215.0,236.89,5,1,5.0
ORD102388,2025-12-15,Karnataka,Bengaluru,Grocery,Van,5,7.72,34.4,102.78,Heavy Rain,4.0,4.07,4.7,0,0.0,181.61,189.08,14,1,3.8
ORD102389,2025-11-15,Rajasthan,Udaipur,Grocery,Truck,7,2.58,6.2,104.45,Normal,9.3,4.37,5.6,0,0.0,208.51,234.48,203,0,4.3
ORD102390,2025-06-15,Maharashtra,Pune,Fashion,Van,4,1.59,76.6,102.38,Normal,5.2,2.25,2.0,1,0.25,151.67,170.28,5,1,4.8
ORD102391,2025-03-12,Maharashtra,Pune,Beauty,Bike,10,2.58,120.3,103.97,Normal,9.3,3.2,4.4,0,0.0,301.44,321.75,5,1,3.8
ORD102392,2025-08-14,Karnataka,Bengaluru,Grocery,Van,8,0.85,140.1,104.18,Rain,9.1,4.14,5.2,0,0.0,230.97,286.66,5,1,4.7
ORD102393,2025-03-22,Maharashtra,Mumbai,Electronics,Bike,4,3.86,90.3,104.49,Normal,4.9,3.03,3.3,0,0.0,180.75,220.46,5,1,3.0
ORD102394,2025-06-22,Telangana,Warangal,Electronics,Van,8,2.25,115.3,105.25,Rain,6.3,5.35,6.0,0,0.0,267.79,314.95,5,1,4.2
ORD102395,2025-08-28,Tamil Nadu,Coimbatore,Fashion,Truck,6,0.92,40.4,103.21,Normal,7.3,3.05,1.8,1,1.25,193.07999999999998,161.52,5,1,3.3
ORD102396,2025-12-12,Maharashtra,Pune,Home & Kitchen,Bike,8,1.38,147.7,103.31,Normal,6.8,2.4,2.9,0,0.0,279.86,330.74,5,1,5.0
ORD102397,2025-04-16,Tamil Nadu,Chennai,Fashion,Truck,6,2.92,126.7,102.84,Rain,11.7,5.84,6.6,0,0.0,249.08,270.44,5,1,3.9
ORD102398,2025-04-02,Gujarat,Ahmedabad,Electronics,Truck,3,0.68,104.9,101.04,Rain,6.2,2.36,2.7,0,0.0,178.41,183.77,5,1,3.9
ORD102399,2025-09-26,Gujarat,Ahmedabad,Beauty,Bike,3,1.13,42.9,101.29,Normal,3.3,2.02,2.0,1,0.02,62.84,105.12,123,0,3.5
ORD102400,2025-01-03,Tamil Nadu,Coimbatore,Grocery,Truck,11,1.49,72.1,102.36,Normal,14.2,4.15,6.1,0,0.0,299.75,329.43,5,1,4.2
ORD102401,2025-07-26,Maharashtra,Mumbai,Books,Van,2,3.8,55.8,105.18,Rain,7.0,3.3,5.1,0,0.0,105.19,131.85,5,1,4.3
ORD102402,2025-09-30,Maharashtra,Mumbai,Grocery,Van,5,6.14,59.1,103.75,Rain,7.4,3.76,4.5,0,0.0,164.79,212.29,5,1,4.2
ORD102403,2025-07-21,Gujarat,Surat,Fashion,Bike,9,2.58,111.2,102.74,Rain,12.3,3.75,4.8,0,0.0,222.25,270.8,5,1,4.7
ORD102404,2025-05-21,Telangana,Warangal,Sports,Bike,5,0.26,104.9,102.42,Normal,7.6,2.88,1.9,1,0.98,170.36,201.41,5,1,3.2
ORD102405,2025-10-30,Delhi,New Delhi,Grocery,Van,6,0.97,11.2,100.79,Heavy Rain,7.0,4.44,4.1,1,0.34,121.2,148.63,387,0,4.2
ORD102406,2025-05-16,Gujarat,Vadodara,Beauty,Bike,2,19.53,42.2,101.27,Normal,4.0,2.22,2.5,0,0.0,231.1,211.37,33,0,4.1
ORD102407,2025-09-17,West Bengal,Durgapur,Home & Kitchen,Bike,5,2.23,92.7,103.16,Normal,1.3,1.14,1.0,1,0.14,179.23,200.38,5,1,2.8
ORD102408,2025-06-19,Delhi,Dwarka,Grocery,Truck,6,0.37,60.3,102.9,Normal,10.2,2.89,4.5,0,0.0,168.83,228.89,5,1,4.4
ORD102409,2025-01-10,Maharashtra,Pune,Beauty,Van,8,9.41,27.4,104.28,Rain,9.7,4.69,4.8,0,0.0,215.9,252.45,98,0,4.7
ORD102410,2025-07-13,West Bengal,Kolkata,Grocery,Van,3,0.85,137.2,102.48,Normal,5.6,2.49,2.1,1,0.39,176.88,202.46,5,1,3.4
ORD102411,2025-01-19,Tamil Nadu,Coimbatore,Books,Truck,10,2.92,429.8,103.89,Normal,8.5,6.51,9.0,0,0.0,531.89,632.03,5,1,4.5
ORD102412,2025-12-06,Karnataka,Mysuru,Sports,Bike,5,0.96,27.3,100.11,Normal,7.6,2.99,5.3,0,0.0,101.07,113.31,93,0,4.2
ORD102413,2025-08-08,Rajasthan,Jaipur,Sports,Bike,5,8.43,12.1,101.15,Rain,9.3,3.8,5.2,0,0.0,185.02,187.43,234,0,4.2
ORD102414,2025-05-16,Karnataka,Mysuru,Grocery,Van,12,0.8,186.9,103.33,Normal,7.4,4.35,3.3,1,1.05,339.6,423.54,5,1,4.2
ORD102415,2025-06-27,Gujarat,Ahmedabad,Sports,Van,3,1.38,37.8,102.88,Rain,6.7,2.18,4.2,0,0.0,94.72,96.67,54,0,4.9
ORD102416,2025-08-15,Telangana,Warangal,Sports,Bike,3,3.98,116.1,104.17,Rain,7.8,3.52,5.5,0,0.0,210.19,269.03,5,1,3.9
ORD102417,2025-04-05,Delhi,New Delhi,Electronics,Van,6,1.41,37.1,104.95,Heavy Rain,6.0,5.11,4.3,1,0.81,164.26,187.67,304,0,3.3
ORD102418,2025-04-16,Rajasthan,Jaipur,Grocery,Bike,7,2.76,213.0,105.03,Normal,2.2,3.47,2.1,1,1.37,306.2,364.7,5,1,4.2
ORD102419,2025-06-02,Karnataka,Mysuru,Home & Kitchen,Van,3,3.46,122.8,105.68,Normal,4.5,2.93,3.1,0,0.0,223.34,274.64,5,1,3.9
ORD102420,2025-04-05,Karnataka,Mysuru,Home & Kitchen,Van,6,2.26,37.5,106.1,Normal,4.1,3.55,4.6,0,0.0,165.5,200.56,56,0,4.0
ORD102421,2025-10-04,Maharashtra,Nagpur,Home & Kitchen,Van,7,0.98,32.7,102.17,Normal,10.5,3.62,5.6,0,0.0,139.11,149.76,56,0,4.3
ORD102422,2025-02-07,Maharashtra,Pune,Fashion,Bike,7,1.21,35.5,106.95,Normal,5.2,2.93,1.9,1,1.03,110.65,133.53,97,0,3.5
ORD102423,2025-10-29,Gujarat,Ahmedabad,Electronics,Bike,4,1.57,50.2,108.0,Rain,4.1,1.74,4.1,0,0.0,157.25,152.99,5,1,4.2
ORD102424,2025-05-08,Tamil Nadu,Coimbatore,Home & Kitchen,Truck,5,2.95,141.2,100.45,Rain,5.5,5.43,4.6,1,0.83,252.15,293.44,5,1,3.7
ORD102425,2025-07-24,Karnataka,Mangaluru,Electronics,Truck,4,2.0,13.8,101.73,Normal,8.9,1.86,3.3,0,0.0,117.4,126.92,242,0,4.4
ORD102426,2025-02-27,Maharashtra,Mumbai,Grocery,Van,4,2.3,42.3,103.43,Heavy Rain,8.9,4.19,4.9,0,0.0,99.11,116.17,62,0,4.6
ORD102427,2025-05-21,Tamil Nadu,Madurai,Sports,Bike,5,3.18,124.5,103.2,Rain,5.1,5.28,7.1,0,0.0,285.45,340.48,5,1,4.5
ORD102428,2025-10-03,Telangana,Warangal,Sports,Van,3,0.72,126.9,99.74,Normal,5.0,3.7,4.7,0,0.0,168.06,220.21,5,1,5.0
ORD102429,2025-04-09,Maharashtra,Mumbai,Fashion,Bike,8,2.44,150.9,101.06,Normal,7.7,3.64,4.3,0,0.0,271.93,294.98,5,1,4.8
ORD102430,2025-02-18,Telangana,Nizamabad,Home & Kitchen,Bike,7,1.93,21.7,103.15,Rain,11.2,3.19,4.5,0,0.0,172.4,175.69,152,0,4.5
ORD102431,2025-07-10,Delhi,New Delhi,Books,Bike,3,2.78,57.9,102.36,Rain,1.3,3.6,3.6,0,0.0,141.59,160.98,5,1,5.0
ORD102432,2025-03-01,Telangana,Warangal,Electronics,Bike,9,3.28,40.1,103.86,Rain,5.0,4.29,4.9,0,0.0,201.99,239.03,376,0,4.0
ORD102433,2025-04-25,Maharashtra,Mumbai,Sports,Bike,6,1.02,198.0,106.26,Normal,13.3,1.69,1.2,1,0.49,268.62,295.32,5,1,5.0
ORD102434,2025-06-14,Delhi,Dwarka,Grocery,Van,4,1.87,77.1,100.49,Normal,9.6,1.27,2.6,0,0.0,132.52,153.46,5,1,5.0
ORD102435,2025-07-25,West Bengal,Kolkata,Beauty,Truck,6,4.79,33.2,106.89,Normal,3.9,3.91,5.7,0,0.0,172.58,207.29,133,0,5.0
ORD102436,2025-08-22,Karnataka,Bengaluru,Electronics,Van,6,2.45,190.4,106.1,Normal,15.2,3.65,4.8,0,0.0,289.3,330.18,5,1,4.4
ORD102437,2025-09-04,Telangana,Warangal,Electronics,Van,6,1.89,63.2,99.61,Normal,8.9,4.21,5.1,0,0.0,223.17,272.39,5,1,5.0
ORD102438,2025-11-05,Delhi,Rohini,Beauty,Bike,4,0.91,75.8,100.56,Rain,6.8,1.9,2.3,0,0.0,129.01,169.2,5,1,5.0
ORD102439,2025-01-25,Maharashtra,Mumbai,Fashion,Truck,4,2.87,219.4,101.97,Normal,10.4,4.32,7.2,0,0.0,295.5,342.77,5,1,4.0
ORD102440,2025-05-13,Gujarat,Surat,Books,Bike,5,0.82,79.6,100.97,Normal,4.7,1.64,2.3,0,0.0,193.07999999999998,225.83,5,1,4.9
ORD102441,2025-01-01,West Bengal,Siliguri,Grocery,Bike,6,1.79,160.1,103.73,Normal,6.1,3.25,2.5,1,0.75,256.34,312.06,5,1,3.7
ORD102442,2025-01-04,Delhi,New Delhi,Fashion,Van,6,1.46,50.9,103.82,Normal,7.5,2.31,3.5,0,0.0,142.1,172.83,55,0,4.0
ORD102443,2025-03-19,Rajasthan,Jodhpur,Home & Kitchen,Van,6,2.6,119.9,102.92,Normal,8.7,4.28,5.0,0,0.0,235.69,234.17,5,1,4.7
ORD102444,2025-08-07,Tamil Nadu,Madurai,Fashion,Truck,1,1.36,83.7,103.33,Normal,6.4,4.18,6.7,0,0.0,183.25,182.71,5,0,4.5
ORD102445,2025-11-23,Gujarat,Vadodara,Electronics,Van,8,1.63,134.7,102.41,Rain,8.5,3.3,4.0,0,0.0,250.44,291.23,5,1,3.8
ORD102446,2025-10-10,Delhi,New Delhi,Grocery,Bike,7,1.11,76.9,103.36,Normal,6.6,3.75,3.2,1,0.55,156.5,199.8,82,0,4.7
ORD102447,2025-08-24,Telangana,Nizamabad,Beauty,Bike,4,1.71,75.3,106.08,Normal,7.5,5.07,7.3,0,0.0,176.5,180.25,5,1,4.6
ORD102448,2025-10-12,Delhi,Rohini,Books,Van,3,2.32,154.8,98.33,Heavy Rain,7.0,4.29,5.3,0,0.0,220.54,266.49,5,1,5.0
ORD102449,2025-03-04,Telangana,Warangal,Fashion,Bike,5,1.61,41.8,102.65,Normal,6.9,3.57,3.8,0,0.0,116.66,162.53,118,0,5.0
ORD102450,2025-11-03,Maharashtra,Pune,Home & Kitchen,Bike,9,1.64,45.9,103.45,Rain,7.7,4.72,7.5,0,0.0,210.06,257.46,5,1,4.1
ORD102451,2025-11-21,Telangana,Nizamabad,Books,Bike,10,2.24,242.0,102.43,Normal,7.5,4.78,5.5,0,0.0,407.94,483.54,5,1,5.0
ORD102452,2025-02-04,Maharashtra,Nagpur,Grocery,Truck,5,3.86,39.9,103.16,Normal,3.6,2.5,2.7,0,0.0,136.04,178.84,39,0,5.0
ORD102453,2025-06-21,Rajasthan,Udaipur,Grocery,Bike,5,3.27,52.6,104.74,Rain,10.7,2.71,4.3,0,0.0,120.32,151.6,5,1,4.0
ORD102454,2025-10-30,Maharashtra,Nagpur,Beauty,Bike,10,0.87,40.2,101.65,Normal,10.5,2.59,4.2,0,0.0,219.98,264.86,198,0,4.5
ORD102455,2025-06-23,Maharashtra,Pune,Sports,Truck,7,3.32,47.2,106.55,Normal,10.4,3.48,5.0,0,0.0,164.07,202.59,67,0,4.6
ORD102456,2025-11-03,Gujarat,Ahmedabad,Home & Kitchen,Van,10,4.9,20.4,99.89,Normal,6.2,2.71,4.6,0,0.0,207.04,262.37,109,0,4.2
ORD102457,2025-12-08,Maharashtra,Mumbai,Fashion,Van,9,3.19,104.3,103.67,Normal,7.3,3.22,2.2,1,1.02,255.42,316.26,5,1,3.7
ORD102458,2025-06-23,Karnataka,Mangaluru,Books,Van,6,0.42,117.0,102.52,Rain,7.0,4.62,6.1,0,0.0,232.31,248.37,5,1,5.0
ORD102459,2025-01-22,Telangana,Warangal,Electronics,Bike,5,2.39,9.3,103.0,Normal,7.9,3.62,4.4,0,0.0,122.09,141.66,195,0,4.2
ORD102460,2025-05-05,West Bengal,Kolkata,Books,Truck,3,4.95,55.0,103.9,Rain,4.7,3.4,4.2,0,0.0,182.6,215.63,5,1,5.0
ORD102461,2025-03-20,West Bengal,Kolkata,Fashion,Bike,5,1.5,54.0,101.4,Heavy Rain,11.3,6.52,6.8,0,0.0,170.38,173.51,216,0,5.0
ORD102462,2025-06-23,Tamil Nadu,Chennai,Electronics,Truck,3,13.26,28.2,104.49,Normal,9.8,2.36,2.7,0,0.0,120.93,152.86,34,0,4.8
ORD102463,2025-08-02,Maharashtra,Pune,Electronics,Bike,8,0.49,27.5,106.05,Normal,8.3,1.88,2.4,0,0.0,193.07999999999998,182.01,95,0,5.0
ORD102464,2025-06-19,Maharashtra,Pune,Books,Van,3,2.21,53.2,101.97,Normal,7.1,0.99,1.8,0,0.0,136.83,183.78,79,0,5.0
ORD102465,2025-03-13,West Bengal,Durgapur,Books,Van,5,3.22,153.2,101.55,Normal,6.6,2.23,1.0,1,1.23,247.8,296.34,5,1,4.2
ORD102466,2025-04-20,Karnataka,Mangaluru,Home & Kitchen,Bike,4,2.25,86.0,104.75,Normal,5.0,3.49,4.8,0,0.0,206.35,233.35,5,1,5.0
ORD102467,2025-09-06,Karnataka,Mysuru,Electronics,Van,10,2.0,88.1,104.23,Normal,2.7,3.48,5.1,0,0.0,262.12,318.65,110,0,4.2
ORD102468,2025-01-10,West Bengal,Siliguri,Home & Kitchen,Van,6,1.02,44.4,99.63,Normal,9.4,3.54,4.7,0,0.0,107.08,137.42,27,0,4.4
ORD102469,2025-03-20,Delhi,Rohini,Home & Kitchen,Bike,3,1.39,28.6,103.44,Normal,6.4,1.67,2.9,0,0.0,96.4,87.68,5,1,3.8
ORD102470,2025-11-22,Delhi,New Delhi,Grocery,Truck,3,2.92,219.2,103.83,Normal,9.4,2.43,4.0,0,0.0,295.76,340.4,5,1,4.9
ORD102471,2025-02-06,West Bengal,Kolkata,Home & Kitchen,Bike,3,0.51,148.7,102.32,Normal,7.6,1.85,2.8,0,0.0,194.97,199.17,5,1,4.2
ORD102472,2025-06-01,Karnataka,Mangaluru,Home & Kitchen,Van,8,3.63,142.8,105.11,Normal,8.2,2.37,5.0,0,0.0,303.52,347.13,5,1,3.7
ORD102473,2025-03-17,Gujarat,Surat,Electronics,Van,8,1.87,88.8,99.51,Normal,8.3,3.16,3.9,0,0.0,239.39,283.46,5,1,4.9
ORD102474,2025-02-08,Delhi,Rohini,Beauty,Van,5,2.88,133.1,98.52,Rain,5.3,4.0,5.6,0,0.0,246.87,263.53,5,1,4.4
ORD102475,2025-06-04,Karnataka,Mysuru,Grocery,Van,7,3.49,110.7,104.3,Normal,4.9,2.35,2.2,1,0.15,261.52,300.85,5,1,4.9
ORD102476,2025-07-10,Tamil Nadu,Chennai,Grocery,Van,5,22.75,33.2,100.91,Normal,7.0,1.3,1.9,0,0.0,285.05,330.56,73,0,5.0
ORD102477,2025-03-06,Maharashtra,Nagpur,Beauty,Van,5,5.0,223.4,102.3,Normal,4.9,4.4,6.1,0,0.0,355.37,393.22,5,1,5.0
ORD102478,2025-01-29,Gujarat,Vadodara,Sports,Van,6,0.92,134.6,100.31,Normal,6.7,4.06,4.6,0,0.0,260.05,285.15,5,1,4.5
ORD102479,2025-02-19,Rajasthan,Jodhpur,Fashion,Van,5,8.21,63.4,103.87,Normal,9.7,2.44,2.6,0,0.0,199.9,243.3,5,1,4.7
ORD102480,2025-08-26,Rajasthan,Jodhpur,Books,Van,5,0.35,25.9,102.94,Normal,8.5,1.98,3.0,0,0.0,107.02,132.7,96,0,5.0
ORD102481,2025-11-11,Maharashtra,Mumbai,Grocery,Bike,5,1.51,27.5,102.08,Rain,3.1,3.2,3.9,0,0.0,180.57,202.67,114,0,3.2
ORD102482,2025-03-07,Karnataka,Mangaluru,Electronics,Bike,6,2.25,89.0,100.08,Normal,9.5,1.18,1.0,1,0.18,214.27,256.27,5,1,3.1
ORD102483,2025-04-27,Maharashtra,Pune,Books,Van,4,1.63,67.0,102.01,Rain,6.9,2.26,2.6,0,0.0,131.5,157.3,5,1,4.5
ORD102484,2025-05-06,Maharashtra,Nagpur,Beauty,Truck,7,2.42,46.8,102.89,Normal,9.5,4.55,5.4,0,0.0,174.82,204.19,55,0,3.6
ORD102485,2025-05-12,Karnataka,Bengaluru,Grocery,Bike,7,1.8,86.9,101.32,Normal,9.0,1.96,1.0,1,0.96,193.07999999999998,223.19,5,1,3.4
ORD102486,2025-03-31,Delhi,Rohini,Home & Kitchen,Van,6,4.64,72.4,101.37,Normal,3.5,3.13,3.9,0,0.0,221.99,280.9,5,1,4.8
ORD102487,2025-01-21,Maharashtra,Nagpur,Fashion,Bike,4,1.47,60.9,102.27,Normal,7.1,1.27,1.2,1,0.07,193.07999999999998,170.8,5,1,4.2
ORD102488,2025-07-11,Rajasthan,Udaipur,Sports,Van,9,1.87,29.0,103.45,Normal,12.1,4.7,5.2,0,0.0,142.31,204.6,131,0,4.9
ORD102489,2025-05-11,West Bengal,Durgapur,Home & Kitchen,Van,7,6.37,72.3,102.99,Normal,5.2,3.83,3.4,1,0.43,237.35,269.72,113,0,3.3
ORD102490,2025-05-05,West Bengal,Siliguri,Electronics,Van,6,3.78,167.7,104.33,Heavy Rain,5.2,6.77,7.1,0,0.0,273.76,335.82,5,1,5.0
ORD102491,2025-04-07,Gujarat,Surat,Home & Kitchen,Van,8,1.8,26.5,102.04,Normal,3.0,2.77,5.1,0,0.0,108.4,131.13,39,0,4.1
ORD102492,2025-12-06,Telangana,Nizamabad,Fashion,Van,5,2.74,160.3,104.02,Normal,6.0,2.72,2.5,1,0.22,285.01,299.92,5,1,4.3
ORD102493,2025-08-11,Karnataka,Mangaluru,Books,Bike,7,6.8,164.8,100.08,Normal,4.6,2.92,3.0,0,0.0,280.15,334.34,5,1,4.9
ORD102494,2025-06-02,Delhi,Rohini,Grocery,Van,7,0.82,83.0,102.89,Normal,5.4,1.97,2.3,0,0.0,177.64,229.01,5,1,5.0
ORD102495,2025-03-16,Maharashtra,Nagpur,Sports,Bike,3,0.99,83.1,102.78,Normal,6.8,1.82,1.0,1,0.82,157.4,194.51,5,1,4.8
ORD102496,2025-10-20,Maharashtra,Mumbai,Fashion,Truck,6,1.39,77.1,106.39,Normal,9.3,2.89,2.0,1,0.89,191.4,238.39,5,1,4.3
ORD102497,2025-11-21,Tamil Nadu,Madurai,Fashion,Van,8,2.32,95.1,100.93,Normal,3.2,2.6,3.8,0,0.0,220.53,253.1,5,1,4.3
ORD102498,2025-01-12,Karnataka,Mangaluru,Home & Kitchen,Bike,6,3.78,54.8,99.96,Heavy Rain,6.4,5.25,5.4,0,0.0,188.98,224.71,145,0,4.6
ORD102499,2025-12-06,Delhi,Dwarka,Home & Kitchen,Bike,8,1.22,108.4,100.72,Normal,7.4,3.36,5.7,0,0.0,261.64,311.57,5,1,4.7
ORD102500,2025-09-13,Maharashtra,Pune,Grocery,Van,6,1.09,11.8,100.96,Normal,6.9,1.61,1.5,1,0.11,101.19,124.88,51,0,3.6
ORD102501,2025-02-06,Delhi,Rohini,Electronics,Truck,6,0.86,267.4,102.82,Normal,9.2,5.71,8.1,0,0.0,367.57,424.24,5,1,4.9
ORD102502,2025-10-02,Telangana,Warangal,Home & Kitchen,Bike,2,1.09,122.0,99.8,Normal,7.8,2.12,1.2,1,0.92,184.15,189.21,5,1,4.3
ORD102503,2025-02-09,Maharashtra,Pune,Sports,Van,5,1.31,87.1,102.68,Rain,9.1,4.47,5.0,0,0.0,214.86,247.75,5,1,4.9
ORD102504,2025-01-19,West Bengal,Siliguri,Beauty,Bike,5,0.49,119.3,102.11,Rain,7.4,1.63,1.5,1,0.13,216.3,253.57,5,1,3.4
ORD102505,2025-02-12,Karnataka,Mangaluru,Electronics,Van,11,1.4,77.5,103.68,Normal,8.4,3.56,4.9,0,0.0,202.18,232.83,204,0,4.5
ORD102506,2025-06-17,Telangana,Hyderabad,Grocery,Van,6,1.02,113.7,103.14,Normal,5.9,1.73,1.8,0,0.0,278.25,344.44,5,1,5.0
ORD102507,2025-08-15,Delhi,Rohini,Beauty,Bike,6,1.81,77.4,103.5,Rain,8.8,2.29,2.5,0,0.0,193.12,204.27,5,1,4.9
ORD102508,2025-05-29,Telangana,Hyderabad,Books,Van,9,6.07,56.0,102.88,Normal,6.8,3.79,4.4,0,0.0,235.79,267.75,18,1,4.4
ORD102509,2025-02-14,Karnataka,Bengaluru,Grocery,Bike,4,0.71,100.7,104.09,Normal,4.4,2.17,5.2,0,0.0,179.7,210.88,5,1,4.5
ORD102510,2025-03-14,Maharashtra,Nagpur,Electronics,Truck,6,3.89,88.2,99.29,Rain,8.8,3.98,5.9,0,0.0,218.79,266.47,31,0,4.3
ORD102511,2025-11-08,Tamil Nadu,Chennai,Home & Kitchen,Bike,8,5.95,106.9,99.34,Normal,10.4,3.54,3.8,0,0.0,275.69,307.52,5,1,4.8
ORD102512,2025-12-18,Maharashtra,Mumbai,Home & Kitchen,Van,5,3.77,49.7,101.91,Normal,7.2,3.32,3.1,1,0.22,182.03,193.19,110,0,3.0
ORD102513,2025-10-03,Telangana,Hyderabad,Grocery,Bike,6,2.52,16.0,102.08,Normal,9.0,1.64,1.5,1,0.14,131.94,155.61,5,1,3.4
ORD102514,2025-02-07,Maharashtra,Pune,Beauty,Van,5,4.73,84.3,100.08,Rain,6.6,4.21,3.9,1,0.31,141.11,170.09,5,1,3.6
ORD102515,2025-10-27,Maharashtra,Mumbai,Grocery,Bike,7,3.04,117.8,102.91,Normal,7.4,2.75,4.4,0,0.0,236.35,299.24,5,1,4.8
ORD102516,2025-09-10,Tamil Nadu,Chennai,Beauty,Van,8,4.15,222.6,99.54,Normal,9.2,3.8,3.8,0,0.0,359.62,401.47,5,1,5.0
ORD102517,2025-07-12,Tamil Nadu,Coimbatore,Home & Kitchen,Bike,3,2.18,99.0,101.4,Normal,4.4,3.99,5.8,0,0.0,159.51,183.73,5,1,4.7
ORD102518,2025-02-22,Delhi,New Delhi,Electronics,Van,5,1.01,37.1,101.83,Normal,8.7,2.15,3.9,0,0.0,108.29,129.65,90,0,3.9
ORD102519,2025-12-30,Karnataka,Bengaluru,Home & Kitchen,Truck,6,4.29,154.9,102.88,Normal,7.0,3.43,4.0,0,0.0,265.37,320.94,5,1,4.4
ORD102520,2025-06-11,Rajasthan,Udaipur,Fashion,Van,6,10.98,80.2,100.93,Normal,8.0,4.53,3.9,1,0.63,264.58,293.37,5,1,3.4
ORD102521,2025-01-17,Gujarat,Surat,Beauty,Van,5,1.61,156.1,104.01,Normal,7.2,3.49,4.9,0,0.0,259.61,313.49,5,1,4.4
ORD102522,2025-03-18,Gujarat,Ahmedabad,Sports,Van,8,2.04,48.4,104.83,Normal,10.1,1.57,1.1,1,0.47,153.94,201.17,57,0,3.4
ORD102523,2025-05-27,Delhi,New Delhi,Home & Kitchen,Van,3,2.17,68.0,104.56,Normal,1.0,1.07,1.8,0,0.0,103.28,142.38,5,1,4.3
ORD102524,2025-01-23,Delhi,Rohini,Grocery,Truck,7,0.78,123.2,105.03,Normal,4.4,3.68,5.7,0,0.0,195.74,247.68,5,1,4.0
ORD102525,2025-04-29,Delhi,New Delhi,Electronics,Van,5,1.16,133.2,103.69,Heavy Rain,9.5,4.46,3.0,1,1.46,233.53,268.62,5,1,4.9
ORD102526,2025-06-20,Karnataka,Bengaluru,Grocery,Truck,5,2.45,93.6,102.86,Rain,8.3,4.13,4.6,0,0.0,159.19,191.75,5,1,4.7
ORD102527,2025-12-13,Karnataka,Mysuru,Electronics,Truck,8,1.89,105.2,100.39,Normal,6.9,3.7,3.8,0,0.0,238.63,268.24,26,1,4.0
ORD102528,2025-02-01,Delhi,Rohini,Grocery,Van,3,2.04,130.9,100.71,Rain,6.5,3.49,3.8,0,0.0,222.31,254.96,5,1,4.5
ORD102529,2025-07-30,West Bengal,Durgapur,Electronics,Van,6,2.05,73.7,103.42,Normal,8.8,4.0,3.4,1,0.6,197.6,236.43,5,1,4.9
ORD102530,2025-12-01,West Bengal,Siliguri,Home & Kitchen,Van,4,1.87,80.8,98.49,Normal,10.5,1.95,4.5,0,0.0,160.77,194.12,5,1,5.0
ORD102531,2025-10-22,Gujarat,Surat,Beauty,Van,2,1.22,219.2,104.06,Normal,4.8,2.16,3.0,0,0.0,312.2,339.88,5,1,4.4
ORD102532,2025-12-04,West Bengal,Kolkata,Fashion,Bike,5,2.67,49.5,100.57,Rain,10.4,4.56,3.4,1,1.16,140.79,148.57,5,1,3.5
ORD102533,2025-03-04,Tamil Nadu,Madurai,Fashion,Bike,8,2.49,22.8,100.69,Normal,9.5,2.99,4.0,0,0.0,169.04,190.87,148,0,4.7
ORD102534,2025-10-20,Delhi,Rohini,Home & Kitchen,Bike,2,1.14,81.2,103.03,Normal,3.5,2.47,4.2,0,0.0,132.12,152.52,5,1,4.2
ORD102535,2025-12-24,Maharashtra,Nagpur,Sports,Van,7,2.64,79.7,102.13,Normal,6.2,5.07,5.7,0,0.0,203.59,257.04,5,1,5.0
ORD102536,2025-04-30,Gujarat,Ahmedabad,Home & Kitchen,Van,5,1.34,29.2,100.85,Normal,9.9,3.61,5.8,0,0.0,149.93,149.01,316,0,5.0
ORD102537,2025-07-02,Maharashtra,Pune,Beauty,Bike,4,3.08,76.3,99.95,Normal,10.3,2.26,1.1,1,1.16,187.88,236.58,5,1,3.9
ORD102538,2025-07-13,Gujarat,Surat,Books,Van,4,1.96,22.9,98.87,Rain,6.5,2.0,3.7,0,0.0,69.43,55.82,70,0,4.6
ORD102539,2025-06-30,Telangana,Hyderabad,Grocery,Van,5,2.6,46.6,97.67,Normal,9.8,3.67,4.1,0,0.0,127.13,179.59,208,0,3.9
ORD102540,2025-04-16,Maharashtra,Nagpur,Home & Kitchen,Truck,7,2.26,98.3,104.18,Normal,8.6,5.17,5.1,1,0.07,244.76,276.28,5,1,4.8
ORD102541,2025-12-21,West Bengal,Kolkata,Beauty,Bike,4,1.94,24.1,101.14,Normal,6.5,2.38,3.8,0,0.0,83.08,123.2,29,0,4.8
ORD102542,2025-12-16,Karnataka,Bengaluru,Electronics,Bike,5,2.49,62.1,99.91,Normal,7.5,3.85,5.2,0,0.0,141.56,161.63,5,1,3.6
ORD102543,2025-05-19,Karnataka,Mangaluru,Beauty,Bike,4,3.48,11.6,102.85,Normal,3.3,2.06,4.1,0,0.0,121.01,158.94,204,0,4.7
ORD102544,2025-10-21,Maharashtra,Pune,Fashion,Van,6,2.18,50.1,100.08,Normal,6.7,3.08,5.1,0,0.0,190.13,184.76,5,1,4.5
ORD102545,2025-05-26,Rajasthan,Udaipur,Grocery,Bike,4,2.15,154.5,100.1,Normal,5.3,3.91,4.7,0,0.0,262.0,304.68,5,1,4.6
ORD102546,2025-10-18,Maharashtra,Pune,Books,Bike,8,1.6,281.3,103.59,Normal,10.5,4.27,3.5,1,0.77,365.99,446.47,5,1,3.7
ORD102547,2025-08-02,Gujarat,Vadodara,Home & Kitchen,Van,7,0.62,67.0,102.77,Heavy Rain,8.1,5.91,5.0,1,0.91,178.5,218.53,56,0,3.9
ORD102548,2025-06-21,West Bengal,Kolkata,Electronics,Van,4,2.06,95.5,101.75,Normal,6.1,1.77,1.0,1,0.77,174.77,210.52,5,1,3.3
ORD102549,2025-02-16,Rajasthan,Udaipur,Fashion,Bike,6,0.88,30.3,100.41,Normal,10.0,3.16,3.5,0,0.0,124.84,167.61,11,1,4.6
ORD102550,2025-08-27,Maharashtra,Mumbai,Beauty,Van,6,1.39,91.8,101.81,Normal,3.5,2.77,3.7,0,0.0,161.71,199.11,5,1,5.0
ORD102551,2025-04-28,Karnataka,Bengaluru,Fashion,Bike,7,1.15,171.6,102.42,Normal,5.2,2.81,4.0,0,0.0,321.77,363.11,5,1,4.4
ORD102552,2025-03-21,Tamil Nadu,Coimbatore,Grocery,Van,5,1.26,76.4,101.82,Heavy Rain,10.1,4.63,5.8,0,0.0,170.88,179.98,5,1,4.1
ORD102553,2025-03-12,West Bengal,Durgapur,Beauty,Van,7,1.32,142.5,103.53,Rain,9.2,4.15,4.1,1,0.05,236.45,295.17,5,1,4.7
ORD102554,2025-12-25,Gujarat,Ahmedabad,Sports,Van,9,2.76,46.6,99.52,Normal,4.5,3.42,5.4,0,0.0,210.65,268.33,78,0,5.0
ORD102555,2025-02-07,Maharashtra,Nagpur,Fashion,Bike,7,2.5,16.6,100.84,Rain,8.3,2.4,4.5,0,0.0,143.5,183.58,115,0,3.9
ORD102556,2025-10-19,Tamil Nadu,Chennai,Electronics,Truck,4,2.16,57.8,102.29,Normal,3.5,2.11,1.9,1,0.21,169.98,212.15,42,0,3.7
ORD102557,2025-11-13,Tamil Nadu,Madurai,Home & Kitchen,Truck,6,4.42,45.5,100.24,Normal,6.6,3.85,4.5,0,0.0,161.48,202.48,9,1,4.5
ORD102558,2025-01-12,Delhi,New Delhi,Beauty,Bike,8,14.7,136.5,102.97,Normal,10.7,4.22,5.5,0,0.0,329.88,371.29,5,1,4.7
ORD102559,2025-08-04,West Bengal,Kolkata,Home & Kitchen,Van,5,2.8,138.0,103.66,Normal,7.0,3.59,5.6,0,0.0,241.42,294.87,5,1,4.9
ORD102560,2025-07-30,Maharashtra,Mumbai,Home & Kitchen,Bike,3,3.63,28.6,101.33,Normal,6.3,2.1,3.3,0,0.0,134.66,142.62,45,0,4.4
ORD102561,2025-05-11,Maharashtra,Pune,Home & Kitchen,Truck,7,2.42,101.5,101.9,Normal,5.7,4.05,4.2,0,0.0,203.56,253.34,5,1,4.0
ORD102562,2025-09-01,Maharashtra,Pune,Grocery,Truck,3,3.07,120.9,100.81,Rain,9.3,5.88,5.7,1,0.18,167.09,209.68,5,1,4.1
ORD102563,2025-05-30,West Bengal,Kolkata,Sports,Van,7,0.7,51.7,100.65,Normal,8.8,4.26,4.0,1,0.26,184.11,238.94,5,1,3.5
ORD102564,2025-06-10,Rajasthan,Jodhpur,Fashion,Van,7,0.35,81.1,103.47,Rain,5.5,4.16,4.6,0,0.0,204.4,198.2,5,1,4.8
ORD102565,2025-06-07,Tamil Nadu,Madurai,Home & Kitchen,Van,6,0.51,111.8,99.63,Heavy Rain,7.5,5.58,5.8,0,0.0,193.07999999999998,267.1,5,1,4.8
ORD102566,2025-10-20,Delhi,New Delhi,Fashion,Bike,3,1.34,146.7,102.61,Normal,5.4,1.71,1.3,1,0.41,219.24,242.01,5,1,4.9
ORD102567,2025-08-20,Karnataka,Bengaluru,Fashion,Van,3,4.9,82.4,100.22,Heavy Rain,5.3,6.12,7.5,0,0.0,176.43,205.77,5,1,5.0
ORD102568,2025-05-19,Maharashtra,Pune,Sports,Bike,6,2.38,97.3,99.57,Rain,7.7,2.54,2.9,0,0.0,245.72,253.02,5,1,4.9
ORD102569,2025-12-05,Tamil Nadu,Madurai,Fashion,Van,5,1.56,120.0,102.88,Rain,11.1,3.42,4.5,0,0.0,222.27,245.32,5,1,4.3
ORD102570,2025-10-20,Maharashtra,Mumbai,Grocery,Van,6,2.92,28.7,102.31,Normal,5.3,3.3,2.8,1,0.5,144.93,189.86,86,0,3.5
ORD102571,2025-12-07,Karnataka,Bengaluru,Sports,Bike,7,2.53,8.9,99.86,Normal,9.2,3.74,5.3,0,0.0,114.93,161.49,9,1,5.0
ORD102572,2025-09-24,Tamil Nadu,Chennai,Grocery,Van,5,0.83,109.6,100.71,Normal,9.0,2.96,4.4,0,0.0,193.56,223.72,5,1,4.7
ORD102573,2025-05-23,Tamil Nadu,Coimbatore,Home & Kitchen,Van,10,2.73,84.0,100.78,Rain,10.0,4.83,6.6,0,0.0,263.19,338.7,5,1,4.1
ORD102574,2025-10-10,Rajasthan,Jaipur,Beauty,Van,5,3.46,26.4,101.41,Normal,9.4,3.21,3.8,0,0.0,157.16,180.16,59,0,4.6
ORD102575,2025-05-01,Maharashtra,Pune,Fashion,Van,4,7.89,114.6,100.08,Normal,7.2,3.29,3.8,0,0.0,198.22,232.77,5,1,4.4
ORD102576,2025-04-09,Tamil Nadu,Coimbatore,Fashion,Truck,5,1.91,25.9,104.07,Normal,8.2,4.92,6.2,0,0.0,151.79,170.33,66,0,4.4
ORD102577,2025-06-14,West Bengal,Kolkata,Sports,Bike,4,6.06,79.4,98.93,Heavy Rain,7.4,5.22,7.1,0,0.0,188.26,206.78,5,1,4.6
ORD102578,2025-12-20,Karnataka,Mangaluru,Home & Kitchen,Van,3,1.55,111.0,98.18,Normal,3.0,2.83,3.5,0,0.0,243.32,274.73,5,1,4.2
ORD102579,2025-07-27,Telangana,Nizamabad,Fashion,Van,8,9.14,137.9,100.68,Normal,6.3,4.49,3.8,1,0.69,342.22,355.81,5,1,3.2
ORD102580,2025-05-21,Maharashtra,Nagpur,Electronics,Bike,6,1.37,57.9,97.3,Rain,9.9,4.16,4.4,0,0.0,164.43,196.75,106,0,5.0
ORD102581,2025-06-18,Delhi,Rohini,Home & Kitchen,Truck,5,3.06,132.0,99.46,Normal,6.0,3.15,5.1,0,0.0,207.44,257.78,5,1,4.4
ORD102582,2025-04-17,Karnataka,Bengaluru,Beauty,Van,9,2.43,63.7,99.7,Rain,7.6,4.36,5.8,0,0.0,190.45,234.05,104,0,4.8
ORD102583,2025-08-29,West Bengal,Siliguri,Grocery,Bike,6,5.3,36.9,100.85,Normal,9.6,2.55,3.5,0,0.0,157.14,207.06,12,1,3.7
ORD102584,2025-05-08,Rajasthan,Jaipur,Grocery,Bike,5,4.86,46.5,100.45,Normal,7.0,1.77,2.1,0,0.0,210.06,228.32,49,0,3.8
ORD102585,2025-07-22,Karnataka,Bengaluru,Home & Kitchen,Truck,3,1.02,52.3,101.21,Normal,7.9,2.95,5.2,0,0.0,117.76,140.37,5,1,4.0
ORD102586,2025-05-15,Telangana,Warangal,Electronics,Truck,6,1.62,3.7,99.36,Normal,7.0,3.2,3.0,1,0.2,124.0,150.31,204,0,3.4
ORD102587,2025-04-28,Karnataka,Mangaluru,Fashion,Bike,9,8.02,119.3,100.07,Rain,6.5,3.84,4.6,0,0.0,295.99,341.68,5,1,4.0
ORD102588,2025-12-21,Rajasthan,Jodhpur,Beauty,Van,7,2.15,95.1,101.77,Normal,10.2,5.24,6.4,0,0.0,215.38,252.27,5,1,4.0
ORD102589,2025-05-07,Maharashtra,Pune,Books,Bike,8,3.42,46.9,96.62,Heavy Rain,6.2,4.66,5.7,0,0.0,182.98,212.11,167,0,4.9
ORD102590,2025-01-26,Karnataka,Mysuru,Grocery,Van,11,1.0,100.1,101.45,Normal,12.1,3.89,3.9,0,0.0,303.21,375.97,66,0,4.1
ORD102591,2025-05-19,Telangana,Warangal,Sports,Van,5,1.72,25.5,96.81,Rain,8.4,4.33,5.8,0,0.0,149.35,193.23,5,1,3.3
ORD102592,2025-07-14,Karnataka,Mysuru,Books,Bike,10,1.27,103.0,100.67,Normal,7.3,3.05,4.3,0,0.0,223.2,292.64,5,1,4.6
ORD102593,2025-02-04,Karnataka,Mysuru,Fashion,Van,3,3.68,115.8,101.57,Normal,8.0,2.55,3.4,0,0.0,158.94,195.42,5,1,4.2
ORD102594,2025-04-22,Rajasthan,Jodhpur,Grocery,Truck,8,3.25,21.9,101.17,Heavy Rain,7.0,7.02,8.1,0,0.0,189.06,216.97,165,0,5.0
ORD102595,2025-03-02,Tamil Nadu,Coimbatore,Grocery,Bike,8,4.46,125.1,99.48,Normal,6.4,4.23,4.4,0,0.0,300.39,346.12,5,1,4.5
ORD102596,2025-07-02,Delhi,New Delhi,Sports,Bike,2,0.99,64.2,101.04,Rain,6.3,3.26,5.6,0,0.0,101.43,148.31,5,1,5.0
ORD102597,2025-09-21,Delhi,New Delhi,Fashion,Truck,8,2.88,64.5,98.86,Normal,10.1,3.55,5.5,0,0.0,196.47,240.88,158,0,4.4
ORD102598,2025-12-20,Gujarat,Ahmedabad,Grocery,Bike,4,2.04,22.0,103.03,Normal,7.3,1.84,2.0,0,0.0,141.76,166.17,147,0,4.2
ORD102599,2025-05-23,Gujarat,Surat,Fashion,Van,7,2.0,139.9,102.02,Rain,5.7,3.63,4.2,0,0.0,269.3,291.53,5,1,4.8
ORD102600,2025-11-12,Tamil Nadu,Chennai,Grocery,Van,5,2.72,140.6,98.79,Normal,3.7,3.27,5.0,0,0.0,242.82,287.69,5,1,3.8
ORD102601,2025-03-20,Maharashtra,Mumbai,Sports,Bike,7,4.66,186.1,102.96,Normal,7.6,2.72,4.0,0,0.0,334.98,375.07,5,1,5.0
ORD102602,2025-10-12,West Bengal,Siliguri,Sports,Bike,9,5.59,149.8,100.81,Normal,6.1,4.62,5.4,0,0.0,309.14,359.03,5,1,4.3
ORD102603,2025-07-25,Delhi,New Delhi,Electronics,Bike,3,1.97,83.5,98.41,Normal,6.0,3.3,3.1,1,0.2,150.38,130.94,5,1,3.1
ORD102604,2025-10-04,Gujarat,Vadodara,Home & Kitchen,Bike,12,3.45,90.9,102.52,Rain,9.5,3.75,3.7,1,0.05,310.36,368.38,5,1,4.2
ORD102605,2025-10-03,Tamil Nadu,Chennai,Grocery,Van,6,2.87,9.4,103.36,Normal,9.2,3.94,4.7,0,0.0,114.51,153.0,138,0,4.4
ORD102606,2025-07-14,Maharashtra,Nagpur,Grocery,Truck,9,2.0,7.5,99.92,Rain,9.9,4.69,6.9,0,0.0,144.58,203.46,216,0,3.8
ORD102607,2025-04-04,Maharashtra,Mumbai,Sports,Bike,4,1.12,67.7,101.02,Normal,9.0,1.82,3.6,0,0.0,195.35,213.48,5,1,4.7
ORD102608,2025-07-12,Tamil Nadu,Coimbatore,Home & Kitchen,Van,6,1.95,66.1,100.32,Normal,7.3,3.71,5.0,0,0.0,158.47,201.86,5,1,4.2
ORD102609,2025-10-29,Gujarat,Vadodara,Books,Van,5,1.73,35.5,101.37,Heavy Rain,6.0,5.54,6.9,0,0.0,179.33,217.93,5,1,4.9
ORD102610,2025-12-21,Maharashtra,Mumbai,Grocery,Bike,5,2.13,69.6,101.73,Heavy Rain,8.1,5.12,3.8,1,1.32,176.7,193.44,5,1,3.7
ORD102611,2025-12-05,Delhi,Dwarka,Home & Kitchen,Van,6,1.53,40.9,102.06,Rain,8.3,4.67,5.7,0,0.0,153.85,197.2,118,0,4.7
ORD102612,2025-03-08,Telangana,Nizamabad,Electronics,Bike,6,2.31,141.2,96.94,Rain,8.3,3.86,4.9,0,0.0,266.33,302.21,5,1,4.3
ORD102613,2025-08-07,Rajasthan,Jaipur,Grocery,Van,5,1.01,78.2,99.31,Normal,11.6,2.51,1.9,1,0.61,195.27,204.71,5,1,3.1
ORD102614,2025-02-08,West Bengal,Kolkata,Electronics,Bike,4,5.42,44.8,101.96,Normal,8.7,2.68,5.4,0,0.0,188.9,199.74,129,0,5.0
ORD102615,2025-09-02,Rajasthan,Udaipur,Books,Van,3,0.62,141.0,98.95,Normal,9.1,3.44,4.6,0,0.0,202.21,234.33,5,1,4.1
ORD102616,2025-12-29,Delhi,New Delhi,Beauty,Truck,3,1.91,25.2,100.81,Normal,3.6,2.38,3.6,0,0.0,116.03,116.38,5,1,3.4
ORD102617,2025-01-20,Telangana,Nizamabad,Fashion,Bike,4,1.76,235.7,98.51,Normal,4.2,3.0,3.1,0,0.0,304.89,318.21,5,1,4.3
ORD102618,2025-08-28,West Bengal,Siliguri,Home & Kitchen,Truck,3,1.84,85.6,101.36,Normal,4.3,3.11,4.1,0,0.0,148.22,184.28,5,1,4.1
ORD102619,2025-12-12,Tamil Nadu,Madurai,Sports,Bike,6,1.16,66.6,100.19,Normal,7.3,3.33,4.2,0,0.0,179.14,216.31,5,1,5.0
ORD102620,2025-11-06,Delhi,Rohini,Grocery,Bike,4,0.75,17.7,101.19,Normal,6.1,0.89,3.4,0,0.0,121.77,135.71,21,0,4.1
ORD102621,2025-05-24,Maharashtra,Nagpur,Books,Bike,6,2.35,72.9,100.79,Normal,8.0,3.07,4.7,0,0.0,165.59,199.6,82,0,4.4
ORD102622,2025-02-07,Karnataka,Mysuru,Grocery,Truck,8,1.76,62.5,97.53,Rain,12.1,4.07,5.0,0,0.0,159.57,216.79,5,1,4.8
ORD102623,2025-12-04,Tamil Nadu,Madurai,Beauty,Van,12,2.59,109.6,103.81,Normal,9.3,4.2,3.6,1,0.6,271.25,306.61,5,1,3.9
ORD102624,2025-12-03,Tamil Nadu,Coimbatore,Sports,Truck,7,0.69,66.2,97.66,Normal,8.7,3.05,2.7,1,0.35,173.13,176.63,101,0,4.5
ORD102625,2025-07-31,West Bengal,Durgapur,Beauty,Van,4,6.15,26.2,104.47,Normal,7.3,3.2,1.6,1,1.6,173.31,204.48,5,1,4.4
ORD102626,2025-12-24,Karnataka,Bengaluru,Beauty,Van,5,1.91,59.5,96.09,Normal,9.7,2.52,2.9,0,0.0,140.38,172.95,5,1,4.0
ORD102627,2025-01-02,Maharashtra,Nagpur,Home & Kitchen,Truck,9,0.28,41.1,100.08,Normal,9.8,3.38,4.6,0,0.0,195.42,252.09,292,0,4.7
ORD102628,2025-08-14,Rajasthan,Jodhpur,Home & Kitchen,Truck,11,2.28,25.1,97.4,Normal,9.0,4.77,5.6,0,0.0,231.16,273.48,213,0,5.0
ORD102629,2025-01-15,Rajasthan,Udaipur,Grocery,Van,6,1.48,155.5,102.82,Rain,9.7,3.95,5.3,0,0.0,243.03,288.35,5,1,4.0
ORD102630,2025-12-08,Maharashtra,Pune,Home & Kitchen,Van,5,0.96,14.9,98.07,Rain,8.4,2.57,5.2,0,0.0,147.85,185.33,112,0,3.9
ORD102631,2025-09-06,Maharashtra,Mumbai,Grocery,Truck,4,4.49,143.8,97.9,Normal,9.1,4.08,4.0,1,0.08,258.13,302.24,5,1,4.3
ORD102632,2025-11-30,Maharashtra,Pune,Sports,Bike,2,3.69,75.3,99.91,Normal,6.3,1.35,1.2,1,0.15,126.04,135.05,5,1,3.5
ORD102633,2025-07-25,Tamil Nadu,Madurai,Fashion,Truck,7,2.51,116.0,102.4,Rain,9.4,5.3,6.1,0,0.0,232.57,285.58,5,1,5.0
ORD102634,2025-01-31,Gujarat,Surat,Electronics,Truck,9,2.12,163.9,102.03,Normal,7.8,6.23,5.5,1,0.73,289.96,373.51,5,1,3.7
ORD102635,2025-01-10,Tamil Nadu,Madurai,Grocery,Van,10,2.8,45.3,99.39,Normal,6.3,2.72,3.4,0,0.0,206.37,253.96,245,0,4.0
ORD102636,2025-05-03,West Bengal,Kolkata,Electronics,Bike,4,0.72,78.3,99.19,Normal,5.3,3.1,3.4,0,0.0,170.65,178.84,37,0,4.2
ORD102637,2025-09-29,West Bengal,Siliguri,Books,Bike,5,2.28,48.5,100.68,Normal,8.6,2.17,1.7,1,0.47,136.67,188.02,33,0,4.7
ORD102638,2025-02-25,Maharashtra,Nagpur,Beauty,Truck,6,4.5,62.8,99.62,Normal,9.0,3.75,3.3,1,0.45,199.97,234.69,123,0,3.2
ORD102639,2025-11-08,Gujarat,Vadodara,Fashion,Truck,8,3.96,110.7,99.85,Heavy Rain,6.6,4.69,4.9,0,0.0,261.71,304.32,5,1,4.3
ORD102640,2025-03-29,Delhi,New Delhi,Beauty,Van,7,1.02,70.2,99.42,Normal,11.0,3.17,3.3,0,0.0,164.07,190.91,7,1,4.4
ORD102641,2025-07-01,Tamil Nadu,Coimbatore,Beauty,Truck,8,2.27,77.5,100.76,Rain,5.6,4.87,5.3,0,0.0,225.79,282.32,5,1,3.1
ORD102642,2025-03-16,Karnataka,Bengaluru,Home & Kitchen,Van,3,0.97,33.9,100.45,Rain,6.6,5.27,7.2,0,0.0,134.75,141.45,149,0,4.2
ORD102643,2025-06-20,Rajasthan,Jodhpur,Home & Kitchen,Truck,9,2.23,67.5,102.35,Normal,7.4,3.35,5.0,0,0.0,212.76,239.99,75,0,4.4
ORD102644,2025-06-15,Karnataka,Mangaluru,Fashion,Bike,4,1.24,51.9,98.45,Rain,7.0,2.56,3.6,0,0.0,156.89,185.58,141,0,4.0
ORD102645,2025-01-02,Gujarat,Surat,Sports,Bike,7,1.14,73.8,98.41,Normal,4.5,3.03,4.4,0,0.0,169.16,208.94,5,1,4.9
ORD102646,2025-07-27,Gujarat,Vadodara,Electronics,Van,6,2.54,31.7,99.38,Heavy Rain,3.2,5.5,5.3,1,0.2,188.96,217.93,5,1,4.4
ORD102647,2025-10-15,Tamil Nadu,Madurai,Home & Kitchen,Bike,11,1.26,45.6,99.16,Normal,7.5,3.54,4.8,0,0.0,231.79,265.56,206,0,4.6
ORD102648,2025-12-08,Gujarat,Vadodara,Home & Kitchen,Van,5,1.2,86.7,101.06,Normal,8.6,4.11,3.9,1,0.21,200.99,224.94,5,1,3.3
ORD102649,2025-05-01,Maharashtra,Nagpur,Fashion,Van,6,2.53,106.5,97.58,Normal,7.9,3.4,4.7,0,0.0,204.98,248.15,5,1,4.0
ORD102650,2025-11-18,Delhi,Dwarka,Electronics,Bike,4,0.77,81.3,101.75,Rain,3.1,3.07,5.4,0,0.0,181.56,208.58,5,1,5.0
ORD102651,2025-11-17,West Bengal,Siliguri,Grocery,Van,10,1.63,58.6,98.93,Rain,11.1,3.17,4.8,0,0.0,229.42,280.94,59,0,5.0
ORD102652,2025-12-27,Tamil Nadu,Chennai,Electronics,Bike,8,0.74,43.7,101.54,Normal,8.4,3.4,4.9,0,0.0,194.6,254.48,90,0,5.0
ORD102653,2025-05-17,Maharashtra,Nagpur,Grocery,Truck,7,0.83,13.9,103.95,Rain,9.4,5.09,4.9,1,0.19,168.74,210.08,145,0,4.2
ORD102654,2025-11-07,West Bengal,Durgapur,Home & Kitchen,Bike,7,4.31,158.6,101.22,Normal,7.1,3.2,3.9,0,0.0,280.68,334.88,5,1,4.0
ORD102655,2025-07-26,West Bengal,Siliguri,Fashion,Van,2,1.54,137.1,100.47,Rain,1.4,3.67,4.7,0,0.0,229.68,239.92,5,1,4.6
ORD102656,2025-01-22,Karnataka,Mysuru,Home & Kitchen,Van,3,1.26,173.2,101.33,Normal,9.9,2.38,4.1,0,0.0,261.04,276.51,5,1,3.8
ORD102657,2025-04-09,Delhi,New Delhi,Grocery,Van,9,3.5,170.2,98.77,Normal,8.1,3.93,4.0,0,0.0,294.16,360.49,5,1,4.8
ORD102658,2025-09-03,Tamil Nadu,Madurai,Sports,Bike,7,5.76,89.3,99.76,Normal,10.6,3.07,3.7,0,0.0,276.41,307.81,5,1,4.3
ORD102659,2025-02-28,Maharashtra,Nagpur,Home & Kitchen,Bike,6,2.37,268.4,98.05,Rain,6.4,5.46,7.7,0,0.0,361.46,391.16,5,1,3.8
ORD102660,2025-06-08,Rajasthan,Jaipur,Sports,Van,3,3.91,64.0,98.14,Normal,6.8,3.25,4.1,0,0.0,158.15,184.95,5,1,4.2
ORD102661,2025-10-10,Rajasthan,Jaipur,Home & Kitchen,Bike,4,1.41,78.4,99.77,Rain,2.5,3.9,2.6,1,1.3,171.17,211.91,5,1,4.0
ORD102662,2025-02-24,West Bengal,Durgapur,Beauty,Bike,3,2.09,44.6,99.36,Normal,4.2,2.2,1.9,1,0.3,100.79,102.07,99,0,4.0
ORD102663,2025-07-01,Karnataka,Mysuru,Grocery,Van,6,2.02,24.2,99.95,Normal,11.0,2.61,2.8,0,0.0,162.59,163.49,126,0,4.5
ORD102664,2025-03-20,Delhi,Dwarka,Home & Kitchen,Bike,9,2.49,51.3,99.39,Rain,10.6,3.81,3.7,1,0.11,194.35,257.81,150,0,4.1
ORD102665,2025-07-15,Telangana,Hyderabad,Fashion,Bike,4,3.77,49.1,98.61,Rain,9.8,3.59,4.6,0,0.0,118.38,159.67,46,0,3.9
ORD102666,2025-03-29,Karnataka,Mysuru,Electronics,Bike,7,0.77,116.3,100.76,Normal,8.8,4.09,5.9,0,0.0,213.12,270.26,5,1,3.9
ORD102667,2025-12-19,Telangana,Warangal,Grocery,Van,4,1.13,83.5,97.97,Rain,7.2,4.32,6.3,0,0.0,123.1,136.6,5,1,4.0
ORD102668,2025-01-28,West Bengal,Siliguri,Fashion,Van,5,1.47,99.1,99.51,Rain,9.3,5.55,7.6,0,0.0,163.8,191.21,5,1,3.8
ORD102669,2025-12-18,Karnataka,Mysuru,Sports,Van,9,1.07,89.4,101.1,Rain,10.6,3.6,3.8,0,0.0,258.46,311.15,5,1,4.5
ORD102670,2025-10-17,Telangana,Warangal,Home & Kitchen,Van,7,2.34,91.2,100.29,Normal,8.5,3.35,3.9,0,0.0,180.11,232.37,5,1,3.7
ORD102671,2025-11-09,Delhi,New Delhi,Sports,Van,7,2.32,45.7,98.93,Rain,8.0,4.59,5.3,0,0.0,183.66,215.13,5,1,4.6
ORD102672,2025-11-07,Gujarat,Surat,Electronics,Van,4,2.09,87.7,95.73,Normal,9.0,2.08,5.5,0,0.0,163.15,229.39,5,1,3.6
ORD102673,2025-03-10,West Bengal,Durgapur,Beauty,Bike,8,1.55,121.3,98.33,Normal,5.4,4.63,5.8,0,0.0,281.68,337.25,5,1,4.9
ORD102674,2025-12-06,Maharashtra,Mumbai,Home & Kitchen,Van,9,4.84,153.2,102.74,Normal,8.0,4.04,4.7,0,0.0,314.54,370.86,5,1,4.6
ORD102675,2025-08-05,West Bengal,Siliguri,Home & Kitchen,Bike,6,2.32,136.1,98.45,Rain,3.9,4.31,4.3,1,0.01,218.85,256.89,5,1,3.1
ORD102676,2025-12-18,Maharashtra,Nagpur,Electronics,Truck,6,1.83,108.9,98.86,Normal,4.9,3.67,5.5,0,0.0,235.04,283.59,5,1,4.8
ORD102677,2025-11-17,West Bengal,Kolkata,Grocery,Van,3,2.1,82.5,99.15,Normal,6.8,2.77,2.4,1,0.37,151.25,178.96,5,1,3.8
ORD102678,2025-07-31,Tamil Nadu,Coimbatore,Home & Kitchen,Van,7,3.27,54.4,99.59,Normal,9.8,4.88,5.9,0,0.0,205.3,223.0,5,1,5.0
ORD102679,2025-05-17,Tamil Nadu,Madurai,Beauty,Van,7,2.31,91.1,97.62,Normal,12.3,4.4,5.1,0,0.0,226.25,247.21,23,1,4.4
ORD102680,2025-02-12,Delhi,New Delhi,Sports,Truck,8,1.15,178.0,100.14,Normal,7.7,5.79,6.3,0,0.0,279.9,330.13,5,1,3.6
ORD102681,2025-02-06,Karnataka,Bengaluru,Home & Kitchen,Van,4,6.33,60.5,99.49,Normal,6.2,4.81,7.3,0,0.0,171.92,190.38,5,1,4.3
ORD102682,2025-05-23,West Bengal,Durgapur,Electronics,Van,9,2.72,203.4,95.63,Normal,8.3,4.4,5.7,0,0.0,336.79,399.7,5,1,4.4
ORD102683,2025-10-24,Delhi,New Delhi,Electronics,Truck,8,0.95,93.6,94.12,Normal,8.5,3.08,4.8,0,0.0,218.55,263.1,5,1,4.2
ORD102684,2025-07-04,West Bengal,Durgapur,Electronics,Van,5,0.62,157.9,97.71,Rain,11.3,4.77,4.5,1,0.27,244.82,283.4,5,1,4.2
ORD102685,2025-06-25,Gujarat,Ahmedabad,Fashion,Van,10,3.15,48.4,96.48,Normal,8.9,3.69,5.4,0,0.0,178.31,202.77,186,0,5.0
ORD102686,2025-03-31,West Bengal,Siliguri,Grocery,Bike,5,4.67,44.3,99.19,Normal,4.6,1.31,3.3,0,0.0,170.07,213.54,136,0,4.8
ORD102687,2025-07-26,Tamil Nadu,Coimbatore,Home & Kitchen,Van,4,2.7,26.3,97.94,Normal,7.7,3.11,4.1,0,0.0,114.41,112.84,5,1,3.9
ORD102688,2025-08-21,Gujarat,Ahmedabad,Electronics,Truck,10,3.0,176.8,99.43,Normal,9.1,3.98,4.3,0,0.0,307.39,381.21,5,1,4.7
ORD102689,2025-12-25,Delhi,Rohini,Grocery,Bike,2,3.05,93.3,99.43,Rain,6.0,2.09,2.1,0,0.0,135.16,139.04,5,1,4.5
ORD102690,2025-09-24,Delhi,New Delhi,Home & Kitchen,Bike,6,2.02,120.3,96.73,Rain,6.7,4.28,5.1,0,0.0,188.77,233.2,5,1,4.1
ORD102691,2025-08-10,Delhi,Dwarka,Beauty,Bike,4,0.68,78.4,97.86,Normal,11.7,2.31,2.9,0,0.0,209.79,258.58,5,1,5.0
ORD102692,2025-11-29,West Bengal,Siliguri,Sports,Truck,7,1.28,83.1,97.49,Normal,6.3,4.3,4.5,0,0.0,203.96,262.19,5,1,4.5
ORD102693,2025-06-05,Delhi,Rohini,Home & Kitchen,Van,7,3.38,23.0,100.15,Heavy Rain,4.0,5.24,6.4,0,0.0,168.52,185.97,5,1,4.1
ORD102694,2025-12-08,Gujarat,Ahmedabad,Beauty,Van,8,2.95,94.4,98.13,Normal,6.7,3.79,4.7,0,0.0,272.7,319.54,5,1,4.4
ORD102695,2025-05-16,Rajasthan,Jodhpur,Books,Truck,5,1.77,129.0,100.67,Rain,5.7,4.46,4.9,0,0.0,295.35,333.41,5,1,4.6
ORD102696,2025-02-16,Karnataka,Mangaluru,Grocery,Van,5,1.41,96.0,100.75,Rain,3.8,3.3,3.7,0,0.0,481.0,97.88,216,0,5.0
ORD102697,2025-06-02,Karnataka,Mangaluru,Grocery,Van,7,2.25,54.8,98.13,Rain,7.2,3.61,2.8,1,0.81,170.2,219.66,23,1,4.2
ORD102698,2025-02-16,Telangana,Hyderabad,Books,Van,6,1.61,40.7,97.28,Heavy Rain,11.3,5.07,5.7,0,0.0,129.16,193.01,48,0,4.1
ORD102699,2025-02-13,Tamil Nadu,Madurai,Beauty,Van,4,1.91,107.6,96.75,Normal,3.5,3.91,3.5,1,0.41,191.74,240.06,5,1,4.3
ORD102700,2025-11-18,Maharashtra,Mumbai,Beauty,Van,8,2.19,103.8,99.57,Normal,4.6,3.75,4.1,0,0.0,196.26,222.46,5,1,4.6
ORD102701,2025-10-18,Maharashtra,Pune,Grocery,Truck,5,1.22,119.9,98.09,Normal,8.8,4.51,5.5,0,0.0,248.12,321.65,5,1,3.6
ORD102702,2025-03-22,Maharashtra,Mumbai,Grocery,Bike,10,3.39,3.0,96.94,Normal,8.4,2.23,1.3,1,0.93,188.83,219.91,321,0,3.1
ORD102703,2025-11-02,Tamil Nadu,Chennai,Grocery,Bike,3,1.81,79.3,99.84,Rain,5.3,2.77,3.2,0,0.0,150.95,166.31,5,1,4.1
ORD102704,2025-01-26,Maharashtra,Mumbai,Fashion,Truck,6,2.76,15.3,99.85,Rain,10.1,3.01,4.1,0,0.0,100.01,122.68,168,0,4.0
ORD102705,2025-04-14,West Bengal,Kolkata,Books,Van,4,2.1,90.6,96.47,Normal,5.3,2.33,1.7,1,0.63,216.45,245.72,5,1,3.3
ORD102706,2025-09-15,West Bengal,Siliguri,Home & Kitchen,Van,9,5.49,24.1,98.8,Rain,4.9,4.54,4.7,0,0.0,184.91,193.03,288,0,4.7
ORD102707,2025-04-21,Rajasthan,Jodhpur,Electronics,Bike,6,2.87,102.5,99.19,Normal,9.4,3.8,3.3,1,0.5,263.45,285.14,5,1,4.4
ORD102708,2025-09-24,West Bengal,Durgapur,Fashion,Truck,3,2.62,24.8,101.16,Normal,6.2,2.88,4.4,0,0.0,101.36,141.9,61,0,3.8
ORD102709,2025-11-16,West Bengal,Durgapur,Home & Kitchen,Van,7,2.56,34.1,97.78,Normal,7.5,2.89,3.0,0,0.0,167.22,238.19,133,0,4.4
ORD102710,2025-01-25,Tamil Nadu,Coimbatore,Grocery,Truck,7,7.8,147.8,98.05,Rain,3.5,5.22,5.3,0,0.0,271.01,291.51,5,1,5.0
ORD102711,2025-01-09,Maharashtra,Mumbai,Home & Kitchen,Van,7,1.96,68.3,99.22,Normal,5.2,2.33,3.8,0,0.0,224.77,276.8,9,1,5.0
ORD102712,2025-12-10,Rajasthan,Jaipur,Grocery,Truck,5,2.24,70.1,100.29,Normal,6.5,2.47,3.0,0,0.0,132.01,150.31,5,1,4.3
ORD102713,2025-07-09,Rajasthan,Udaipur,Beauty,Van,9,2.16,33.3,98.7,Normal,5.7,3.17,5.5,0,0.0,205.86,238.94,82,0,4.2
ORD102714,2025-07-04,Karnataka,Bengaluru,Electronics,Van,4,0.56,138.1,98.36,Normal,8.9,3.48,4.7,0,0.0,251.73,265.32,5,1,5.0
ORD102715,2025-06-19,Karnataka,Mangaluru,Home & Kitchen,Van,5,2.14,94.1,96.92,Normal,6.8,2.67,3.8,0,0.0,154.53,200.85,5,1,5.0
ORD102716,2025-06-08,Karnataka,Mangaluru,Beauty,Van,6,3.9,89.6,97.32,Normal,7.0,3.17,4.3,0,0.0,236.82,280.17,5,1,5.0
ORD102717,2025-09-09,West Bengal,Kolkata,Grocery,Van,6,2.81,29.3,97.61,Normal,9.9,3.5,5.4,0,0.0,186.24,215.57,5,1,4.4
ORD102718,2025-07-31,Maharashtra,Mumbai,Fashion,Bike,7,5.38,78.9,99.12,Normal,6.6,3.28,1.2,1,2.08,234.34,283.46,5,1,3.6
ORD102719,2025-03-01,West Bengal,Kolkata,Home & Kitchen,Van,8,3.36,295.4,98.64,Rain,9.2,7.42,8.7,0,0.0,444.79,521.63,5,1,3.9
ORD102720,2025-08-17,West Bengal,Durgapur,Home & Kitchen,Van,8,2.79,43.8,96.56,Normal,8.1,4.04,4.0,1,0.04,197.55,217.82,94,0,4.1
ORD102721,2025-09-01,Tamil Nadu,Chennai,Electronics,Bike,11,3.59,145.1,99.31,Normal,11.4,5.11,4.7,1,0.41,326.27,392.66,5,1,3.7
ORD102722,2025-02-11,West Bengal,Siliguri,Electronics,Van,8,2.55,9.9,97.45,Normal,9.2,3.99,4.6,0,0.0,128.81,152.5,145,0,4.5
ORD102723,2025-05-18,West Bengal,Durgapur,Sports,Bike,8,1.68,117.9,97.45,Heavy Rain,9.6,5.3,5.9,0,0.0,250.88,285.65,5,1,3.2
ORD102724,2025-10-16,Tamil Nadu,Madurai,Electronics,Bike,5,1.85,96.9,99.09,Normal,5.7,2.11,1.2,1,0.91,189.65,228.92,5,1,3.6
ORD102725,2025-08-14,Karnataka,Mangaluru,Electronics,Van,3,0.43,63.6,99.29,Normal,4.7,2.74,2.4,1,0.34,180.73,220.35,5,1,4.6
ORD102726,,West Bengal,Durgapur,Sports,Bike,5,5.68,93.5,98.28,Normal,7.2,2.14,1.6,1,0.54,213.39,243.49,5,1,4.0
ORD102727,2025-01-15,West Bengal,Durgapur,Grocery,Truck,3,1.77,95.1,101.0,Rain,7.8,3.96,3.9,1,0.06,170.29,226.52,5,1,2.4
ORD102728,2025-08-01,Maharashtra,Mumbai,Fashion,Truck,7,1.02,94.6,94.23,Normal,8.5,3.79,4.9,0,0.0,219.21,261.68,5,1,4.9
ORD102729,2025-06-18,Maharashtra,Mumbai,Grocery,Van,8,1.59,55.7,99.32,Normal,9.9,3.93,4.3,0,0.0,203.94,217.26,195,0,5.0
ORD102730,2025-12-17,Gujarat,Surat,Sports,Van,5,6.31,51.0,95.75,Normal,5.4,2.36,3.3,0,0.0,158.78,164.7,5,1,3.7
ORD102731,2025-07-10,Rajasthan,Jodhpur,Electronics,Bike,5,2.11,39.8,97.5,Normal,3.7,3.26,3.2,1,0.06,168.19,169.32,29,0,4.1
ORD102732,2025-12-06,Karnataka,Mysuru,Home & Kitchen,Van,6,2.38,20.7,97.55,Normal,6.2,2.35,4.3,0,0.0,137.74,170.39,5,1,4.3
ORD102733,2025-03-20,Karnataka,Bengaluru,Books,Bike,3,7.81,69.4,97.39,Normal,5.4,2.68,3.0,0,0.0,198.25,247.54,5,1,4.8
ORD102734,2025-06-13,Telangana,Nizamabad,Books,Truck,7,3.47,133.0,95.83,Rain,5.5,6.11,7.6,0,0.0,241.87,311.41,5,1,4.9
ORD102735,2025-02-20,Delhi,Dwarka,Sports,Truck,8,1.67,49.3,95.0,Normal,7.5,2.99,3.7,0,0.0,183.62,243.26,131,0,4.4
ORD102736,2025-07-29,Maharashtra,Pune,Home & Kitchen,Bike,7,2.0,29.3,93.96,Normal,4.3,2.94,2.9,1,0.04,187.7,243.85,64,0,4.0
ORD102737,2025-03-10,West Bengal,Durgapur,Sports,Van,3,3.05,40.6,97.02,Normal,5.0,4.89,7.5,0,0.0,176.1,203.26,56,0,5.0
ORD102738,2025-06-29,Karnataka,Mysuru,Fashion,Van,6,1.3,77.4,97.61,Rain,4.8,3.31,5.1,0,0.0,204.44,254.94,5,1,5.0
ORD102739,2025-05-06,Tamil Nadu,Coimbatore,Grocery,Van,5,3.09,77.4,98.41,Normal,4.2,1.77,2.3,0,0.0,157.58,188.5,43,0,4.9
ORD102740,2025-03-09,West Bengal,Siliguri,Sports,Bike,3,1.95,37.3,99.4,Normal,3.2,2.58,4.1,0,0.0,71.14,74.43,5,1,4.7
ORD102741,2025-02-05,Maharashtra,Pune,Home & Kitchen,Van,5,2.63,70.4,98.8,Normal,4.6,2.51,3.2,0,0.0,193.07999999999998,202.96,74,0,4.2
ORD102742,2025-07-06,Maharashtra,Mumbai,Home & Kitchen,Bike,9,3.6,62.5,99.04,Normal,9.9,3.67,4.1,0,0.0,271.74,309.4,56,0,4.5
ORD102743,2025-12-12,Maharashtra,Nagpur,Beauty,Truck,7,0.65,102.1,95.44,Rain,6.8,5.29,5.4,0,0.0,209.91,232.12,5,1,4.6
ORD102744,2025-03-14,Tamil Nadu,Chennai,Books,Van,5,2.19,167.6,99.2,Normal,7.3,2.67,3.4,0,0.0,261.57,296.47,5,1,4.6
ORD102745,2025-05-28,Delhi,New Delhi,Electronics,Van,5,1.99,48.1,97.86,Rain,6.5,2.36,3.3,0,0.0,158.58,179.51,54,0,3.3
ORD102746,2025-03-23,Tamil Nadu,Chennai,Books,Truck,7,2.43,42.7,94.82,Normal,9.3,4.32,5.2,0,0.0,235.9,290.32,5,1,4.2
ORD102747,2025-10-23,Maharashtra,Nagpur,Fashion,Van,6,2.8,76.7,99.06,Normal,8.7,4.5,5.7,0,0.0,200.09,231.08,5,1,4.4
ORD102748,2025-06-01,West Bengal,Durgapur,Fashion,Van,6,2.22,87.3,95.52,Normal,8.7,3.31,4.0,0,0.0,207.4,261.0,5,1,4.3
ORD102749,2025-12-22,Gujarat,Ahmedabad,Home & Kitchen,Van,5,1.32,105.7,95.22,Rain,6.4,5.11,4.6,1,0.51,193.46,219.34,5,1,4.1
ORD102750,2025-03-31,Tamil Nadu,Madurai,Sports,Van,6,0.97,17.8,99.83,Normal,7.1,4.35,5.4,0,0.0,132.09,143.16,63,0,5.0
ORD102751,2025-01-30,West Bengal,Kolkata,Electronics,Bike,8,0.72,227.9,97.46,Normal,4.9,4.72,4.8,0,0.0,379.93,466.37,5,1,4.8
ORD102752,2025-08-01,Maharashtra,Nagpur,Beauty,Truck,5,2.18,57.9,95.13,Normal,5.3,3.43,2.6,1,0.83,146.03,198.52,5,1,4.1
ORD102753,2025-08-26,Gujarat,Vadodara,Electronics,Bike,4,2.84,44.6,96.01,Normal,8.6,2.63,3.1,0,0.0,165.12,188.64,30,0,4.9
ORD102754,2025-12-28,Telangana,Hyderabad,Sports,Van,6,1.61,29.3,98.86,Normal,5.9,3.86,4.1,0,0.0,168.9,187.61,35,0,5.0
ORD102755,2025-11-15,Gujarat,Vadodara,Books,Van,2,3.46,49.9,94.77,Normal,5.5,0.7,1.0,0,0.0,105.87,154.25,5,1,5.0
ORD102756,2025-11-19,Delhi,Dwarka,Home & Kitchen,Van,9,1.87,20.2,96.65,Normal,9.9,3.22,2.7,1,0.52,192.67,231.74,57,0,4.1
ORD102757,2025-08-20,Karnataka,Bengaluru,Home & Kitchen,Truck,5,1.9,144.2,96.62,Rain,7.6,3.92,4.8,0,0.0,294.09,352.71,5,1,4.7
ORD102758,2025-05-12,Karnataka,Mysuru,Fashion,Bike,5,0.79,63.5,101.75,Normal,6.9,1.65,1.7,0,0.0,129.38,179.75,10,1,4.7
ORD102759,2025-06-06,Maharashtra,Pune,Fashion,Bike,4,1.51,43.0,94.2,Normal,6.0,2.42,2.2,1,0.22,128.69,156.74,5,1,4.2
ORD102760,2025-02-18,Delhi,New Delhi,Books,Van,9,3.66,127.1,94.25,Normal,10.6,3.38,4.4,0,0.0,290.55,324.62,5,1,4.1
ORD102761,2025-06-07,Delhi,Rohini,Beauty,Van,7,4.99,60.6,95.75,Rain,6.4,3.74,4.2,0,0.0,213.91,246.63,65,0,4.6
ORD102762,2025-05-14,West Bengal,Kolkata,Fashion,Truck,4,1.78,42.8,95.59,Normal,7.4,3.38,4.4,0,0.0,109.92,131.61,5,1,4.1
ORD102763,2025-01-14,Gujarat,Vadodara,Grocery,Van,10,3.54,187.1,96.78,Normal,8.2,3.79,4.3,0,0.0,321.11,383.38,5,1,5.0
ORD102764,2025-03-16,Karnataka,Mangaluru,Fashion,Bike,8,5.05,51.3,95.84,Normal,9.7,2.8,3.8,0,0.0,189.24,232.48,138,0,5.0
ORD102765,2025-07-15,West Bengal,Durgapur,Electronics,Bike,8,1.09,12.2,98.19,Normal,9.5,4.17,3.5,1,0.67,151.26,179.03,153,0,4.1
ORD102766,2025-05-15,Karnataka,Bengaluru,Electronics,Van,2,2.48,70.2,96.8,Normal,6.3,3.04,5.0,0,0.0,127.78,138.9,5,1,5.0
ORD102767,2025-12-29,Gujarat,Ahmedabad,Home & Kitchen,Van,11,2.28,64.2,94.88,Normal,11.7,3.26,2.4,1,0.86,262.44,316.58,5,1,4.6
ORD102768,2025-06-24,Rajasthan,Jaipur,Beauty,Bike,7,4.05,43.8,96.16,Normal,9.7,2.76,4.2,0,0.0,213.28,224.04,225,0,4.0
ORD102769,2025-12-16,Tamil Nadu,Coimbatore,Electronics,Van,7,1.17,38.9,96.08,Rain,6.9,4.61,5.2,0,0.0,141.06,168.85,120,0,5.0
ORD102770,2025-08-30,Rajasthan,Udaipur,Beauty,Truck,8,2.47,74.3,98.6,Rain,8.6,4.97,7.6,0,0.0,223.64,276.86,5,1,4.8
ORD102771,2025-01-15,Gujarat,Ahmedabad,Home & Kitchen,Van,8,1.7,52.0,98.07,Normal,8.6,3.82,4.5,0,0.0,192.38,233.42,27,1,3.7
ORD102772,2025-03-16,Gujarat,Vadodara,Grocery,Van,10,2.65,57.8,97.77,Normal,11.2,3.17,4.4,0,0.0,288.25,323.93,194,0,4.4
ORD102773,2025-09-15,Gujarat,Ahmedabad,Electronics,Bike,6,4.45,84.8,95.15,Normal,4.0,2.84,1.6,1,1.24,201.6,228.26,5,1,2.4
ORD102774,2025-07-18,Karnataka,Bengaluru,Fashion,Truck,11,5.26,55.6,97.0,Normal,12.1,5.25,7.0,0,0.0,259.16,295.26,75,0,3.6
ORD102775,2025-04-21,Telangana,Warangal,Electronics,Bike,4,4.48,45.9,94.34,Normal,3.0,2.87,3.9,0,0.0,201.27,211.13,5,1,3.8
ORD102776,2025-07-10,Delhi,Rohini,Home & Kitchen,Van,4,1.06,106.8,97.56,Rain,7.6,5.27,4.3,1,0.97,140.65,141.42,5,1,3.1
ORD102777,2025-11-26,Telangana,Nizamabad,Electronics,Bike,8,1.48,51.9,98.55,Normal,9.1,2.63,2.7,0,0.0,225.54,260.14,111,0,5.0
ORD102778,2025-05-22,Maharashtra,Pune,Fashion,Bike,9,3.87,43.8,92.57,Normal,8.1,2.3,2.7,0,0.0,190.62,238.72,146,0,3.9
ORD102779,2025-01-17,Telangana,Hyderabad,Grocery,Bike,7,2.98,24.5,96.15,Normal,9.3,2.76,4.4,0,0.0,122.5,142.45,46,0,4.7
ORD102780,2025-04-24,Rajasthan,Jaipur,Electronics,Bike,6,1.7,36.2,96.12,Normal,4.3,2.88,3.3,0,0.0,158.74,153.09,74,0,4.4
ORD102781,2025-12-08,Maharashtra,Nagpur,Grocery,Truck,6,1.11,28.0,97.89,Normal,5.2,3.18,2.7,1,0.48,144.95,193.22,145,0,3.8
ORD102782,2025-10-06,Rajasthan,Jaipur,Beauty,Bike,8,0.2,23.0,95.17,Normal,5.2,3.3,3.6,0,0.0,169.57,207.47,265,0,4.2
ORD102783,2025-11-02,Karnataka,Mangaluru,Beauty,Truck,3,0.71,39.3,95.12,Heavy Rain,4.5,3.82,5.0,0,0.0,131.27,142.87,5,1,4.1
ORD102784,2025-11-29,Maharashtra,Nagpur,Beauty,Van,4,1.65,86.5,96.48,Normal,9.2,1.19,1.8,0,0.0,171.79,184.38,32,0,4.9
ORD102785,2025-02-12,West Bengal,Siliguri,Home & Kitchen,Bike,7,1.67,68.4,97.26,Normal,10.7,3.91,5.2,0,0.0,237.33,286.98,37,0,3.1
ORD102786,2025-04-14,Telangana,Hyderabad,Grocery,Van,5,2.63,54.8,96.51,Normal,6.8,1.74,1.0,1,0.74,196.58,229.69,5,1,4.4
ORD102787,2025-01-22,Tamil Nadu,Chennai,Books,Bike,6,2.98,93.2,97.7,Rain,7.9,3.11,5.4,0,0.0,223.45,269.19,5,1,4.3
ORD102788,2025-01-02,Maharashtra,Mumbai,Books,Truck,7,8.74,46.5,97.32,Normal,13.3,3.5,4.1,0,0.0,220.47,239.32,5,1,4.6
ORD102789,2025-11-01,Delhi,Dwarka,Home & Kitchen,Bike,14,1.22,82.5,95.13,Normal,9.0,3.83,4.8,0,0.0,317.97,392.02,5,1,4.9
ORD102790,2025-12-08,Karnataka,Mysuru,Grocery,Truck,7,0.57,104.2,96.07,Normal,5.8,4.13,5.6,0,0.0,222.53,255.25,10,1,5.0
ORD102791,2025-02-26,Karnataka,Bengaluru,Electronics,Bike,7,1.1,12.5,97.0,Normal,9.9,2.95,4.8,0,0.0,106.53,114.77,129,0,4.1
ORD102792,2025-09-21,Gujarat,Surat,Fashion,Bike,8,5.99,67.8,94.55,Normal,7.2,3.01,4.7,0,0.0,226.06,265.72,5,1,4.3
ORD102793,2025-07-15,Delhi,New Delhi,Electronics,Bike,6,2.03,90.0,94.73,Normal,4.9,2.98,2.9,1,0.08,195.57,237.61,5,1,3.1
ORD102794,2025-01-26,Telangana,Warangal,Home & Kitchen,Van,6,3.89,86.1,93.3,Normal,9.7,3.0,2.2,1,0.8,214.02,248.86,5,1,4.1
ORD102795,2025-12-01,Delhi,New Delhi,Grocery,Van,4,1.4,70.4,98.03,Normal,10.0,1.66,2.8,0,0.0,128.41,154.04,5,1,5.0
ORD102796,2025-11-15,Rajasthan,Udaipur,Sports,Truck,3,1.45,48.3,99.78,Normal,5.0,6.35,8.1,0,0.0,98.97,107.25,16,0,4.2
ORD102797,2025-07-27,Maharashtra,Mumbai,Electronics,Van,3,0.66,59.5,94.63,Normal,6.0,2.81,3.9,0,0.0,160.35,149.88,5,1,4.4
ORD102798,2025-09-16,Maharashtra,Nagpur,Beauty,Bike,4,1.62,16.9,96.86,Normal,8.8,2.59,1.4,1,1.19,110.27,135.03,50,0,4.1
ORD102799,2025-05-25,West Bengal,Kolkata,Grocery,Van,8,2.03,150.1,98.05,Rain,6.1,3.82,6.4,0,0.0,278.21,331.82,5,1,4.5
ORD102800,2025-10-17,Tamil Nadu,Chennai,Sports,Van,3,3.54,15.5,93.67,Normal,8.8,3.18,3.4,0,0.0,95.02,101.48,5,1,4.9
ORD102801,2025-06-12,Delhi,New Delhi,Grocery,Truck,6,2.9,40.9,96.37,Normal,11.1,2.71,4.2,0,0.0,158.49,188.6,76,0,4.5
ORD102802,2025-12-28,Telangana,Warangal,Electronics,Van,4,7.33,68.2,98.11,Rain,4.2,3.66,2.6,1,1.06,192.93,218.51,5,1,4.4
ORD102803,2025-01-24,Karnataka,Mangaluru,Electronics,Van,6,1.82,23.4,95.22,Rain,4.0,4.99,6.9,0,0.0,98.52,119.01,99,0,4.2
ORD102804,2025-03-04,West Bengal,Kolkata,Grocery,Bike,3,2.36,56.8,95.53,Normal,2.3,3.28,4.9,0,0.0,128.61,157.97,5,1,4.6
ORD102805,2025-12-20,Delhi,Rohini,Home & Kitchen,Truck,1,1.99,107.8,98.14,Normal,4.3,3.08,3.4,0,0.0,165.96,202.09,5,0,4.0
ORD102806,2025-04-16,Rajasthan,Udaipur,Sports,Bike,3,1.28,96.9,94.87,Normal,3.1,3.11,5.0,0,0.0,167.07,189.35,5,1,4.1
ORD102807,2025-04-24,Maharashtra,Pune,Sports,Truck,8,2.63,67.4,94.57,Normal,10.8,3.76,4.6,0,0.0,166.62,211.28,73,0,4.6
ORD102808,2025-10-16,Maharashtra,Pune,Sports,Bike,7,1.68,76.0,95.25,Rain,5.2,2.86,4.3,0,0.0,201.74,242.83,5,1,4.5
ORD102809,2025-03-11,Maharashtra,Nagpur,Home & Kitchen,Van,6,5.94,7.0,98.83,Normal,6.8,3.26,3.8,0,0.0,146.12,127.72,298,0,5.0
ORD102810,2025-07-07,Karnataka,Mangaluru,Grocery,Truck,5,1.21,29.6,96.97,Normal,7.8,3.03,3.1,0,0.0,113.13,143.69,5,1,4.7
ORD102811,2025-04-15,Maharashtra,Mumbai,Grocery,Truck,9,1.61,44.1,96.48,Normal,6.3,4.42,6.7,0,0.0,171.34,196.49,204,0,4.4
ORD102812,2025-03-14,Karnataka,Mangaluru,Electronics,Van,6,0.9,53.7,96.43,Normal,7.2,3.47,4.6,0,0.0,168.68,205.43,57,0,4.2
ORD102813,2025-12-18,Delhi,Dwarka,Home & Kitchen,Van,9,2.51,110.9,93.45,Normal,10.1,3.09,2.5,1,0.59,265.63,328.48,5,1,4.0
ORD102814,2025-03-14,Karnataka,Bengaluru,Home & Kitchen,Truck,8,0.85,193.3,96.45,Normal,15.6,3.27,4.1,0,0.0,331.66,356.65,5,1,5.0
ORD102815,2025-02-04,Karnataka,Mangaluru,Fashion,Van,6,2.0,58.8,94.65,Rain,8.3,3.54,4.9,0,0.0,226.64,267.81,9,1,4.1
ORD102816,2025-09-03,West Bengal,Siliguri,Sports,Van,2,0.94,57.2,95.05,Normal,1.9,1.88,3.6,0,0.0,133.65,146.93,5,1,5.0
ORD102817,2025-11-13,Rajasthan,Jodhpur,Books,Bike,7,1.06,67.0,94.93,Normal,9.3,2.98,5.6,0,0.0,171.13,214.62,8,1,3.8
ORD102818,2025-02-16,Karnataka,Mangaluru,Home & Kitchen,Van,6,1.22,38.5,97.05,Normal,8.0,3.49,4.7,0,0.0,182.49,226.04,138,0,4.1
ORD102819,2025-09-16,Karnataka,Bengaluru,Beauty,Van,7,3.24,161.8,98.63,Rain,9.1,4.68,4.7,0,0.0,285.0,335.73,5,1,4.2
ORD102820,2025-07-17,West Bengal,Siliguri,Home & Kitchen,Van,8,1.89,35.1,93.67,Normal,7.8,3.52,4.0,0,0.0,169.31,207.61,116,0,5.0
ORD102821,2025-10-30,Delhi,Dwarka,Home & Kitchen,Van,4,1.86,36.2,97.22,Rain,8.8,3.27,5.1,0,0.0,105.85,108.77,13,1,5.0
ORD102822,2025-02-16,Gujarat,Ahmedabad,Electronics,Van,3,2.9,45.9,95.0,Rain,5.8,4.34,4.4,0,0.0,145.69,150.11,5,1,4.3
ORD102823,2025-12-23,West Bengal,Durgapur,Grocery,Truck,10,1.31,176.3,96.67,Normal,9.4,5.13,6.0,0,0.0,323.0,422.21,5,1,4.0
ORD102824,2025-08-14,West Bengal,Kolkata,Grocery,Van,5,0.56,89.5,95.82,Normal,7.3,3.35,3.6,0,0.0,206.05,251.72,5,1,4.0
ORD102825,2025-11-04,West Bengal,Durgapur,Books,Truck,5,0.99,66.5,94.15,Normal,7.1,3.15,3.6,0,0.0,179.29,222.22,5,1,5.0
ORD102826,2025-05-13,Delhi,Rohini,Sports,Bike,6,1.67,54.8,94.09,Normal,6.5,2.49,3.0,0,0.0,148.21,164.42,11,1,3.8
ORD102827,2025-12-11,Rajasthan,Jodhpur,Electronics,Van,6,1.95,63.5,94.82,Normal,10.1,4.86,5.8,0,0.0,155.3,192.25,5,1,4.7
ORD102828,2025-08-17,Karnataka,Mangaluru,Grocery,Van,4,2.9,30.1,95.83,Normal,10.2,2.21,2.8,0,0.0,134.78,147.88,123,0,4.7
ORD102829,2025-02-16,Karnataka,Mysuru,Electronics,Van,5,1.83,11.1,96.05,Normal,11.8,2.44,1.7,1,0.74,147.79,202.53,132,0,4.1
ORD102830,2025-12-03,Telangana,Nizamabad,Fashion,Van,7,3.9,117.5,100.48,Rain,8.2,5.54,7.3,0,0.0,279.68,342.55,5,1,4.1
ORD102831,2025-10-18,Telangana,Hyderabad,Beauty,Bike,3,2.55,25.6,96.09,Normal,6.9,1.96,3.7,0,0.0,148.55,151.12,136,0,3.8
ORD102832,2025-04-20,Maharashtra,Nagpur,Electronics,Van,6,0.81,157.5,92.75,Normal,7.9,4.17,5.1,0,0.0,266.41,298.31,5,1,4.5
ORD102833,2025-07-19,Maharashtra,Pune,Electronics,Bike,6,0.38,91.4,97.32,Normal,5.2,3.01,4.8,0,0.0,219.89,251.47,5,1,4.8
ORD102834,2025-05-22,Karnataka,Mangaluru,Home & Kitchen,Van,2,1.05,58.8,96.1,Normal,8.0,3.07,4.4,0,0.0,150.4,184.81,5,1,4.3
ORD102835,2025-07-18,Telangana,Hyderabad,Electronics,Truck,6,2.2,86.2,94.71,Normal,6.7,4.7,6.1,0,0.0,252.61,311.47,5,1,4.9
ORD102836,2025-12-19,Telangana,Hyderabad,Sports,Bike,1,2.56,72.5,92.99,Rain,7.1,4.01,5.0,0,0.0,141.68,121.69,5,0,4.4
ORD102837,2025-11-25,Delhi,Rohini,Home & Kitchen,Van,15,1.88,64.2,94.45,Normal,7.6,5.28,6.7,0,0.0,278.43,352.44,86,0,4.8
ORD102838,2025-03-20,Gujarat,Vadodara,Beauty,Van,8,2.18,67.9,97.04,Rain,9.5,5.06,4.8,1,0.26,238.12,295.72,91,0,3.3
ORD102839,2025-12-21,Maharashtra,Nagpur,Sports,Van,9,4.75,118.5,95.8,Normal,11.9,3.88,4.3,0,0.0,250.38,297.41,5,1,4.4
ORD102840,2025-06-09,Karnataka,Mysuru,Beauty,Bike,5,2.03,87.7,97.32,Normal,5.4,1.52,1.0,1,0.52,218.34,257.15,5,1,4.8
ORD102841,2025-09-15,West Bengal,Durgapur,Fashion,Van,3,2.53,61.2,97.2,Normal,5.3,2.87,2.5,1,0.37,178.47,226.28,5,1,3.6
ORD102842,2025-10-06,Gujarat,Surat,Sports,Van,9,5.68,105.8,95.19,Normal,7.7,5.97,7.8,0,0.0,302.06,371.68,5,1,4.7
ORD102843,2025-06-26,Delhi,Rohini,Home & Kitchen,Van,6,0.62,169.3,89.13,Normal,6.0,3.62,4.7,0,0.0,249.68,301.34,5,1,4.5
ORD102844,2025-06-16,Maharashtra,Mumbai,Home & Kitchen,Van,7,6.12,60.5,93.14,Normal,11.6,2.28,2.5,0,0.0,217.66,258.02,11,1,4.2
ORD102845,2025-06-16,West Bengal,Kolkata,Beauty,Van,8,0.38,41.0,91.97,Normal,8.2,5.47,5.3,1,0.17,201.26,237.65,223,0,4.4
ORD102846,2025-11-11,Telangana,Hyderabad,Fashion,Truck,8,1.18,110.7,97.27,Normal,5.6,4.54,4.0,1,0.54,257.81,319.5,5,1,3.5
ORD102847,2025-05-22,Telangana,Warangal,Books,Bike,4,1.4,61.1,95.61,Normal,4.6,1.69,1.3,1,0.39,151.69,172.09,5,1,4.5
ORD102848,2025-04-13,Delhi,Rohini,Electronics,Bike,2,0.7,132.5,94.27,Rain,1.0,2.12,2.3,0,0.0,196.11,235.82,5,1,4.9
ORD102849,2025-05-12,Maharashtra,Pune,Beauty,Van,1,1.81,29.9,93.69,Normal,3.8,2.22,1.0,1,1.22,164.39,156.59,133,0,3.1
ORD102850,2025-03-13,Rajasthan,Jodhpur,Grocery,Van,12,1.95,49.0,96.56,Rain,6.4,5.54,7.1,0,0.0,213.5,258.18,51,0,4.9
ORD102851,2025-05-23,Telangana,Warangal,Sports,Van,8,3.26,202.6,92.96,Normal,5.3,5.07,6.1,0,0.0,311.67,361.98,5,1,4.6
ORD102852,2025-02-11,Delhi,New Delhi,Electronics,Bike,5,3.19,47.5,92.23,Normal,6.2,2.92,4.0,0,0.0,136.09,180.27,87,0,3.9
ORD102853,2025-02-02,Delhi,Rohini,Home & Kitchen,Bike,9,2.25,135.1,92.05,Rain,5.8,3.19,4.5,0,0.0,338.94,403.18,5,1,4.2
ORD102854,2025-09-22,Rajasthan,Udaipur,Sports,Van,4,4.17,39.9,94.69,Normal,6.6,2.5,3.2,0,0.0,163.85,189.23,5,1,4.0
ORD102855,2025-01-29,Rajasthan,Udaipur,Grocery,Bike,5,3.06,105.6,93.0,Rain,8.1,3.76,4.7,0,0.0,200.18,238.17,5,1,4.7
ORD102856,2025-07-27,Delhi,Rohini,Electronics,Van,9,1.63,34.4,96.24,Normal,9.2,4.08,4.7,0,0.0,242.35,252.6,185,0,5.0
ORD102857,2025-10-12,Karnataka,Mysuru,Electronics,Van,7,2.18,112.5,94.38,Normal,8.3,3.26,5.3,0,0.0,211.39,262.69,5,1,4.5
ORD102858,2025-09-22,Karnataka,Mangaluru,Books,Bike,5,1.33,55.8,91.85,Normal,1.0,0.7,1.0,0,0.0,142.46,152.57,220,0,4.2
ORD102859,2025-06-12,Gujarat,Surat,Beauty,Van,9,0.91,48.7,93.89,Normal,7.1,3.83,5.3,0,0.0,166.7,198.32,240,0,4.5
ORD102860,2025-03-12,Delhi,Rohini,Beauty,Truck,6,2.66,56.8,92.54,Rain,10.6,1.95,1.7,1,0.25,179.29,264.68,102,0,3.9
ORD102861,2025-12-06,West Bengal,Durgapur,Sports,Truck,7,0.76,68.5,94.03,Heavy Rain,12.9,5.82,5.5,1,0.32,201.88,253.27,49,0,4.2
ORD102862,2025-11-01,West Bengal,Siliguri,Home & Kitchen,Bike,9,1.78,77.0,96.19,Normal,10.4,4.36,3.7,1,0.66,231.48,278.55,66,0,3.6
ORD102863,2025-08-12,Rajasthan,Jaipur,Electronics,Van,4,0.45,27.5,93.92,Normal,6.6,3.78,2.7,1,1.08,143.37,158.98,150,0,2.2
ORD102864,2025-02-01,Gujarat,Ahmedabad,Beauty,Truck,6,2.11,82.6,92.96,Normal,5.3,2.22,3.1,0,0.0,188.92,249.19,75,0,4.6
ORD102865,2025-01-13,Rajasthan,Jaipur,Sports,Van,2,1.26,22.5,94.93,Rain,9.0,4.38,4.1,1,0.28,81.99,75.98,5,1,3.8
ORD102866,2025-04-26,Karnataka,Mysuru,Home & Kitchen,Bike,3,2.91,123.0,93.33,Normal,6.0,3.79,4.8,0,0.0,213.24,231.19,5,1,3.9
ORD102867,2025-02-27,Telangana,Nizamabad,Grocery,Bike,6,1.74,86.5,95.04,Rain,6.7,3.97,6.1,0,0.0,246.48,297.8,5,1,4.4
ORD102868,2025-11-11,Gujarat,Surat,Electronics,Van,5,1.85,86.4,94.63,Normal,9.8,2.84,3.1,0,0.0,200.63,230.62,5,1,5.0
ORD102869,2025-03-17,Karnataka,Mangaluru,Home & Kitchen,Van,4,2.08,111.7,92.12,Normal,1.0,3.67,4.7,0,0.0,195.14,230.04,5,1,4.0
ORD102870,2025-04-14,West Bengal,Durgapur,Sports,Truck,5,1.35,88.5,91.63,Normal,6.7,3.47,5.1,0,0.0,208.34,237.5,5,1,4.4
ORD102871,2025-12-23,Rajasthan,Udaipur,Electronics,Truck,3,1.39,173.9,93.29,Rain,2.5,6.01,7.0,0,0.0,240.29,289.55,5,1,4.3
ORD102872,2025-10-26,West Bengal,Siliguri,Electronics,Bike,8,1.39,34.8,94.67,Normal,9.3,4.32,5.1,0,0.0,179.87,207.65,126,0,3.7
ORD102873,2025-03-21,Delhi,New Delhi,Books,Van,14,1.86,26.6,97.02,Rain,14.2,4.13,3.3,1,0.83,235.83,270.46,291,0,4.0
ORD102874,2025-05-20,Delhi,Rohini,Fashion,Bike,3,1.4,177.6,91.84,Normal,7.5,3.11,3.9,0,0.0,218.56,266.32,5,1,4.5
ORD102875,2025-07-08,Delhi,New Delhi,Fashion,Bike,6,2.7,88.7,92.03,Normal,12.3,3.27,4.5,0,0.0,191.57,212.27,5,1,5.0
ORD102876,2025-08-31,Maharashtra,Pune,Books,Bike,9,0.64,95.0,95.56,Normal,8.7,2.87,5.2,0,0.0,276.69,304.64,8,1,4.9
ORD102877,2025-12-08,Telangana,Warangal,Home & Kitchen,Truck,8,0.76,32.4,94.12,Normal,11.5,2.53,2.9,0,0.0,175.16,203.74,115,0,4.9
ORD102878,2025-11-14,Maharashtra,Mumbai,Grocery,Bike,6,6.87,91.8,93.42,Normal,3.9,2.74,4.5,0,0.0,237.4,272.82,5,1,4.0
ORD102879,2025-12-23,Gujarat,Vadodara,Home & Kitchen,Van,4,1.52,63.5,94.93,Normal,7.1,0.7,1.0,0,0.0,154.12,166.09,5,1,4.9
ORD102880,2025-01-15,Maharashtra,Pune,Electronics,Van,3,1.04,104.5,95.92,Normal,2.9,4.22,5.8,0,0.0,170.31,222.2,5,1,4.8
ORD102881,2025-03-28,Telangana,Hyderabad,Grocery,Bike,5,1.98,71.0,95.53,Rain,7.9,3.7,3.7,0,0.0,176.02,220.77,7,1,3.2
ORD102882,2025-07-25,Telangana,Hyderabad,Home & Kitchen,Van,9,3.32,63.3,92.37,Normal,7.7,3.94,4.8,0,0.0,213.53,258.46,139,0,5.0
ORD102883,2025-01-18,Maharashtra,Mumbai,Books,Bike,9,3.05,71.5,94.4,Normal,8.0,3.68,3.8,0,0.0,235.56,265.83,5,1,4.4
ORD102884,2025-05-10,Maharashtra,Mumbai,Sports,Van,6,1.24,44.4,95.62,Heavy Rain,6.7,4.24,4.9,0,0.0,131.14,174.5,5,1,4.0
ORD102885,2025-02-26,Telangana,Hyderabad,Books,Van,8,1.44,51.6,93.04,Normal,10.6,4.23,4.9,0,0.0,206.69,249.25,111,0,4.4
ORD102886,2025-12-07,West Bengal,Kolkata,Home & Kitchen,Truck,7,1.62,139.2,94.2,Normal,8.1,4.98,5.8,0,0.0,259.72,301.61,5,1,4.2
ORD102887,2025-01-24,Maharashtra,Nagpur,Home & Kitchen,Van,9,2.47,93.2,92.45,Normal,8.9,4.26,4.2,1,0.06,214.48,264.95,5,1,4.1
ORD102888,2025-02-24,Tamil Nadu,Madurai,Sports,Truck,8,2.07,60.6,91.76,Normal,8.1,3.81,4.5,0,0.0,194.06,244.24,56,0,4.3
ORD102889,2025-03-13,Rajasthan,Udaipur,Fashion,Van,4,1.11,92.7,94.2,Rain,8.3,4.05,5.1,0,0.0,168.71,184.15,5,1,5.0
ORD102890,2025-02-24,Tamil Nadu,Coimbatore,Grocery,Bike,6,1.45,84.0,95.09,Normal,6.7,2.95,3.4,0,0.0,221.22,234.09,5,1,5.0
ORD102891,2025-07-27,Karnataka,Mangaluru,Books,Van,9,1.69,52.6,94.78,Normal,5.6,2.52,2.4,1,0.12,199.34,259.46,91,0,4.1
ORD102892,2025-05-13,Rajasthan,Udaipur,Home & Kitchen,Truck,9,5.28,44.4,90.97,Normal,11.2,3.91,3.9,1,0.01,195.79,255.74,27,1,4.3
ORD102893,2025-11-30,Tamil Nadu,Chennai,Electronics,Bike,4,1.79,51.4,95.72,Rain,5.5,4.05,5.6,0,0.0,93.07,112.96,5,1,5.0
ORD102894,2025-04-06,Karnataka,Mangaluru,Grocery,Bike,5,17.3,126.3,94.38,Rain,9.5,3.99,4.7,0,0.0,296.78,339.63,5,1,4.3
ORD102895,2025-07-16,Karnataka,Mangaluru,Beauty,Truck,4,1.69,60.4,95.34,Normal,8.5,2.36,4.3,0,0.0,180.32,224.75,70,0,4.4
ORD102896,2025-08-29,Karnataka,Mysuru,Home & Kitchen,Truck,5,0.67,137.0,91.61,Normal,4.2,4.11,4.6,0,0.0,241.6,279.66,5,1,4.8
ORD102897,2025-08-17,Karnataka,Mysuru,Beauty,Van,3,2.53,48.4,94.78,Normal,4.3,1.92,2.5,0,0.0,110.38,123.13,5,1,4.5
ORD102898,2025-10-18,Delhi,Dwarka,Books,Van,10,3.98,40.8,94.39,Rain,5.4,3.39,4.6,0,0.0,212.44,283.37,188,0,4.6
ORD102899,2025-03-15,West Bengal,Kolkata,Fashion,Van,4,2.74,62.6,90.94,Rain,5.9,4.08,5.3,0,0.0,160.77,174.33,66,0,4.3
ORD102900,2025-07-05,Delhi,New Delhi,Home & Kitchen,Van,6,2.29,80.5,93.99,Rain,10.0,3.98,5.9,0,0.0,236.53,298.26,5,1,4.0
ORD102901,2025-10-20,Maharashtra,Mumbai,Grocery,Van,4,1.57,71.6,91.32,Heavy Rain,6.5,5.22,4.0,1,1.22,161.03,235.8,5,1,3.3
ORD102902,2025-11-12,Karnataka,Bengaluru,Books,Truck,6,1.67,87.1,93.17,Normal,10.8,3.74,4.9,0,0.0,186.89,233.29,5,1,5.0
ORD102903,2025-08-14,West Bengal,Durgapur,Sports,Bike,6,0.44,88.9,97.29,Normal,8.0,2.7,2.4,1,0.3,203.81,212.68,5,1,4.1
ORD102904,2025-08-26,Tamil Nadu,Coimbatore,Electronics,Van,10,3.52,101.7,93.62,Normal,7.5,3.73,4.3,0,0.0,288.02,338.72,5,1,5.0
ORD102905,2025-11-12,Telangana,Hyderabad,Sports,Bike,6,1.57,33.2,92.87,Normal,5.6,3.05,2.7,1,0.35,167.39,196.51,195,0,3.4
ORD102906,2025-08-17,Karnataka,Bengaluru,Grocery,Van,7,4.24,45.5,90.37,Normal,11.9,1.46,2.4,0,0.0,205.28,237.5,161,0,4.8
ORD102907,2025-12-13,Maharashtra,Nagpur,Grocery,Van,7,1.42,74.4,93.54,Heavy Rain,9.6,4.15,3.9,1,0.25,252.16,308.64,146,0,4.3
ORD102908,2025-02-16,Maharashtra,Nagpur,Home & Kitchen,Van,5,1.94,52.7,92.72,Rain,6.5,3.85,2.8,1,1.05,126.65,145.71,5,1,3.5
ORD102909,2025-05-07,Gujarat,Surat,Electronics,Truck,5,4.54,63.1,89.35,Normal,7.6,3.32,3.0,1,0.32,177.77,220.11,5,1,3.7
ORD102910,2025-02-10,Maharashtra,Nagpur,Beauty,Van,5,4.8,68.3,90.98,Normal,6.2,3.69,5.4,0,0.0,187.08,221.25,5,1,5.0
ORD102911,2025-02-03,Telangana,Warangal,Home & Kitchen,Van,4,3.48,58.4,94.52,Rain,1.0,3.05,4.3,0,0.0,126.61,156.09,82,0,4.4
ORD102912,2025-06-22,Karnataka,Bengaluru,Home & Kitchen,Bike,2,0.6,52.1,95.22,Rain,6.0,2.57,4.4,0,0.0,84.99,85.14,5,1,4.9
ORD102913,2025-03-24,Maharashtra,Nagpur,Sports,Truck,6,0.88,38.4,93.0,Normal,4.1,3.53,2.5,1,1.03,142.96,193.51,5,1,3.4
ORD102914,2025-05-29,Telangana,Nizamabad,Electronics,Van,10,3.18,59.7,94.66,Normal,8.0,3.77,6.1,0,0.0,221.17,253.22,5,1,5.0
ORD102915,2025-06-09,Tamil Nadu,Coimbatore,Sports,Van,6,1.28,50.6,92.88,Normal,4.1,2.65,5.5,0,0.0,150.31,186.29,137,0,4.3
ORD102916,2025-08-15,West Bengal,Durgapur,Beauty,Van,5,2.11,108.2,91.43,Normal,6.5,2.93,2.7,1,0.23,165.61,206.17,5,1,3.8
ORD102917,2025-12-12,Rajasthan,Jaipur,Books,Van,9,2.3,95.1,96.73,Normal,5.9,4.23,5.3,0,0.0,219.04,251.47,5,1,4.8
ORD102918,2025-11-07,West Bengal,Durgapur,Home & Kitchen,Van,4,2.38,32.7,90.2,Normal,6.9,3.04,3.2,0,0.0,113.92,117.68,177,0,5.0
ORD102919,2025-05-19,Karnataka,Mysuru,Grocery,Bike,7,1.01,161.1,93.48,Normal,9.3,2.59,4.0,0,0.0,272.42,314.44,5,1,4.2
ORD102920,2025-04-29,Karnataka,Mysuru,Beauty,Bike,4,2.0,51.7,91.52,Normal,7.7,1.2,3.4,0,0.0,161.79,200.72,5,1,4.5
ORD102921,2025-10-09,Tamil Nadu,Chennai,Sports,Truck,6,1.43,26.1,92.29,Normal,3.6,5.3,5.1,1,0.2,133.91,175.42,10,1,4.6
ORD102922,2025-02-15,Telangana,Nizamabad,Home & Kitchen,Truck,5,2.95,47.6,95.5,Rain,2.9,4.8,4.3,1,0.5,140.51,189.9,76,0,4.0
ORD102923,2025-07-17,West Bengal,Durgapur,Home & Kitchen,Van,7,1.76,23.1,92.7,Normal,4.5,4.81,5.3,0,0.0,160.27,207.9,194,0,4.6
ORD102924,2025-06-04,Rajasthan,Jaipur,Sports,Truck,2,7.02,25.6,92.01,Normal,9.1,3.31,7.3,0,0.0,129.07,159.36,218,0,5.0
ORD102925,2025-03-08,Delhi,Rohini,Electronics,Van,3,5.16,270.9,91.58,Normal,12.1,3.78,5.2,0,0.0,334.22,378.19,5,1,5.0
ORD102926,2025-08-14,Rajasthan,Jodhpur,Grocery,Van,4,8.05,105.2,93.55,Normal,5.7,3.77,4.9,0,0.0,276.98,256.85,5,1,5.0
ORD102927,2025-04-28,Gujarat,Surat,Electronics,Truck,3,5.9,30.6,90.81,Normal,4.2,2.88,4.5,0,0.0,76.2,110.13,5,1,4.2
ORD102928,2025-03-09,Rajasthan,Jodhpur,Electronics,Van,6,1.85,18.9,92.66,Normal,10.8,3.54,5.3,0,0.0,152.41,213.85,76,0,5.0
ORD102929,2025-08-27,Delhi,Dwarka,Beauty,Van,6,1.42,62.8,92.22,Normal,6.2,2.86,3.9,0,0.0,197.87,218.28,5,1,4.6
ORD102930,2025-03-05,Karnataka,Bengaluru,Beauty,Van,10,0.96,16.8,91.03,Normal,8.4,3.06,3.7,0,0.0,202.88,244.32,231,0,4.5
ORD102931,2025-09-03,Karnataka,Bengaluru,Beauty,Van,8,2.39,61.0,89.84,Normal,8.5,3.12,3.3,0,0.0,210.94,276.93,142,0,4.5
ORD102932,2025-03-01,Delhi,Rohini,Fashion,Bike,11,2.05,84.2,92.45,Heavy Rain,7.4,5.94,6.8,0,0.0,224.74,286.81,16,1,4.9
ORD102933,2025-06-08,Karnataka,Mysuru,Grocery,Truck,5,1.96,88.2,91.69,Rain,5.0,3.26,5.0,0,0.0,239.09,284.75,5,1,4.6
ORD102934,2025-10-22,Telangana,Warangal,Sports,Bike,1,1.17,30.3,92.74,Normal,5.3,3.26,4.9,0,0.0,48.84,50.22,63,0,4.1
ORD102935,2025-03-25,West Bengal,Kolkata,Home & Kitchen,Van,5,2.55,76.9,88.41,Heavy Rain,6.0,6.08,6.3,0,0.0,155.93,189.41,5,1,4.1
ORD102936,2025-10-08,Gujarat,Vadodara,Home & Kitchen,Bike,5,1.57,123.4,91.46,Rain,2.5,3.46,4.1,0,0.0,208.02,245.82,5,1,3.9
ORD102937,2025-09-21,Maharashtra,Nagpur,Home & Kitchen,Van,8,1.47,53.0,93.8,Normal,5.7,4.31,3.9,1,0.41,158.38,202.92,63,0,4.0
ORD102938,2025-11-26,Rajasthan,Udaipur,Grocery,Van,2,2.24,29.2,89.27,Heavy Rain,5.6,5.15,6.8,0,0.0,68.21,62.5,26,0,4.9
ORD102939,2025-03-03,West Bengal,Durgapur,Fashion,Van,6,1.91,51.3,95.59,Normal,5.9,3.58,4.7,0,0.0,144.61,210.97,202,0,5.0
ORD102940,2025-09-19,West Bengal,Durgapur,Grocery,Van,4,0.8,33.1,92.84,Normal,7.7,2.53,3.0,0,0.0,70.7,90.93,5,1,4.8
ORD102941,2025-12-08,Gujarat,Vadodara,Fashion,Bike,9,1.21,318.5,91.91,Normal,6.3,3.04,3.4,0,0.0,455.54,514.72,5,1,4.7
ORD102942,2025-10-06,Gujarat,Vadodara,Beauty,Bike,6,2.85,110.9,92.33,Normal,12.0,2.07,1.9,1,0.17,217.44,244.19,5,1,4.6
ORD102943,2025-03-10,Telangana,Warangal,Books,Bike,6,1.95,96.8,90.58,Normal,7.5,2.85,3.6,0,0.0,203.85,222.86,5,1,3.8
ORD102944,2025-10-28,Rajasthan,Udaipur,Beauty,Van,3,2.0,19.1,94.64,Normal,6.3,3.15,5.2,0,0.0,99.69,110.17,5,1,4.8
ORD102945,2025-02-09,Maharashtra,Nagpur,Fashion,Truck,6,3.17,23.9,92.38,Normal,6.2,3.48,3.5,0,0.0,144.3,174.34,153,0,4.8
ORD102946,2025-08-03,Gujarat,Vadodara,Home & Kitchen,Bike,6,1.95,55.2,92.16,Normal,6.7,2.98,2.4,1,0.58,154.2,199.59,5,1,3.3
ORD102947,2025-07-01,Karnataka,Bengaluru,Beauty,Van,13,1.01,49.3,93.82,Normal,4.9,3.68,4.5,0,0.0,255.1,293.86,165,0,3.5
ORD102948,2025-07-13,Tamil Nadu,Chennai,Home & Kitchen,Bike,11,1.3,42.6,92.69,Normal,9.0,4.11,5.9,0,0.0,208.08,236.4,120,0,4.5
ORD102949,2025-07-09,Karnataka,Bengaluru,Books,Truck,6,2.24,133.3,90.74,Normal,12.3,5.34,6.9,0,0.0,225.98,243.75,5,1,4.9
ORD102950,2025-01-12,West Bengal,Siliguri,Fashion,Truck,5,0.48,235.3,91.88,Heavy Rain,9.0,6.81,8.6,0,0.0,317.82,379.49,5,1,3.8
ORD102951,2025-07-05,Delhi,New Delhi,Electronics,Van,7,2.65,42.7,92.94,Normal,3.7,2.87,3.1,0,0.0,206.14,249.44,163,0,4.2
ORD102952,2025-12-08,Telangana,Hyderabad,Home & Kitchen,Bike,8,3.82,12.3,92.0,Rain,9.0,3.97,5.5,0,0.0,149.67,132.02,80,0,4.5
ORD102953,2025-06-09,Maharashtra,Mumbai,Beauty,Van,5,3.59,44.1,89.44,Rain,8.3,4.21,5.2,0,0.0,173.19,204.75,20,0,5.0
ORD102954,2025-04-12,Rajasthan,Jaipur,Sports,Truck,8,4.26,129.4,94.36,Normal,12.1,4.91,5.4,0,0.0,252.88,297.7,5,1,4.8
ORD102955,2025-12-30,Tamil Nadu,Madurai,Home & Kitchen,Bike,5,1.21,110.9,92.1,Normal,4.9,3.71,4.4,0,0.0,207.81,256.67,5,1,4.8
ORD102956,2025-02-06,Maharashtra,Nagpur,Home & Kitchen,Van,8,3.94,67.9,91.08,Rain,14.0,5.28,6.7,0,0.0,224.23,293.2,5,1,4.4
ORD102957,2025-06-27,Delhi,Rohini,Fashion,Truck,5,2.4,96.2,92.94,Normal,7.3,4.7,5.9,0,0.0,178.09,191.93,5,1,5.0
ORD102958,2025-07-07,Maharashtra,Mumbai,Sports,Van,6,1.17,52.5,90.85,Normal,5.2,3.48,4.7,0,0.0,154.66,176.28,5,1,4.7
ORD102959,2025-06-24,West Bengal,Durgapur,Books,Van,5,2.0,41.4,88.96,Rain,3.0,3.85,5.2,0,0.0,125.88,166.3,5,1,4.2
ORD102960,2025-12-03,Delhi,Rohini,Electronics,Van,9,2.67,35.6,91.68,Normal,8.2,3.5,3.8,0,0.0,170.34,226.16,5,1,4.3
ORD102961,2025-06-03,West Bengal,Durgapur,Beauty,Truck,6,5.48,65.6,92.87,Normal,8.3,3.92,3.4,1,0.52,199.23,236.87,13,1,3.8
ORD102962,2025-12-22,West Bengal,Siliguri,Books,Van,3,4.38,45.0,91.15,Normal,3.7,2.87,2.9,0,0.0,178.15,209.43,5,1,4.4
ORD102963,2025-01-25,Telangana,Warangal,Grocery,Truck,5,1.29,31.1,91.2,Rain,8.5,5.01,6.5,0,0.0,142.17,180.99,96,0,3.6
ORD102964,2025-09-25,West Bengal,Kolkata,Fashion,Van,4,2.51,74.0,91.26,Normal,8.0,2.84,2.3,1,0.54,168.07,207.69,5,1,3.6
ORD102965,2025-08-05,Gujarat,Surat,Grocery,Van,12,2.0,390.4,91.38,Rain,9.5,3.27,4.0,0,0.0,1373.75,344.38,59,0,4.8
ORD102966,2025-03-29,Gujarat,Vadodara,Beauty,Truck,6,2.37,132.3,91.81,Normal,5.2,3.82,4.7,0,0.0,213.2,259.21,5,1,4.1
ORD102967,2025-03-25,West Bengal,Siliguri,Home & Kitchen,Van,6,1.65,83.4,92.95,Rain,7.3,4.77,6.1,0,0.0,229.24,275.79,5,1,4.6
ORD102968,2025-09-20,Tamil Nadu,Coimbatore,Electronics,Bike,7,6.3,193.6,92.82,Normal,12.8,4.55,4.1,1,0.45,328.59,378.15,5,1,3.3
ORD102969,2025-08-21,West Bengal,Durgapur,Fashion,Bike,6,1.34,89.2,95.13,Heavy Rain,4.9,4.94,3.6,1,1.34,206.55,254.37,5,1,2.6
ORD102970,2025-08-12,Delhi,Rohini,Electronics,Truck,5,5.95,62.1,94.59,Rain,3.1,3.83,4.0,0,0.0,204.12,228.43,5,1,4.3
ORD102971,2025-01-19,West Bengal,Siliguri,Fashion,Van,5,0.8,119.3,89.87,Normal,5.9,3.09,4.3,0,0.0,225.3,266.31,5,1,4.6
ORD102972,2025-08-07,Rajasthan,Jodhpur,Books,Bike,6,1.57,179.6,90.99,Normal,5.3,3.09,5.0,0,0.0,277.76,329.68,5,1,4.2
ORD102973,2025-12-25,Maharashtra,Mumbai,Books,Truck,5,3.31,16.4,92.67,Rain,2.5,3.21,3.3,0,0.0,150.15,194.35,24,0,4.0
ORD102974,2025-01-07,Delhi,Rohini,Electronics,Truck,5,1.02,120.2,88.12,Normal,7.9,2.66,2.6,1,0.06,205.2,245.94,5,1,4.3
ORD102975,2025-06-21,West Bengal,Siliguri,Electronics,Truck,4,1.25,65.5,91.89,Normal,3.3,2.07,3.0,0,0.0,142.38,160.12,5,1,4.5
ORD102976,2025-06-30,Maharashtra,Mumbai,Grocery,Van,5,2.85,90.2,89.76,Normal,3.5,3.45,6.0,0,0.0,195.74,225.43,5,1,4.9
ORD102977,2025-11-24,Tamil Nadu,Chennai,Fashion,Truck,6,0.65,188.7,91.18,Normal,9.2,4.53,5.6,0,0.0,303.07,335.98,5,1,5.0
ORD102978,2025-04-14,Delhi,New Delhi,Electronics,Truck,4,4.13,69.2,91.28,Normal,10.4,4.78,6.0,0,0.0,147.18,173.18,5,1,4.8
ORD102979,2025-06-23,Rajasthan,Jodhpur,Books,Bike,6,5.26,29.5,88.04,Normal,14.2,1.7,4.2,0,0.0,142.47,146.42,43,0,4.8
ORD102980,,West Bengal,Kolkata,Home & Kitchen,Truck,7,5.41,21.3,95.56,Normal,4.2,5.68,7.2,0,0.0,126.45,166.17,184,0,4.1
ORD102981,,West Bengal,Siliguri,Electronics,Van,3,2.49,185.0,90.21,Rain,7.3,4.43,5.3,0,0.0,254.1,304.76,5,1,4.5
ORD102982,2025-10-20,Karnataka,Mangaluru,Grocery,Truck,5,1.52,83.0,93.75,Normal,3.4,1.97,1.7,1,0.27,209.28,261.39,5,1,3.2
ORD102983,2025-10-28,Karnataka,Bengaluru,Beauty,Van,11,1.59,69.3,88.19,Normal,9.2,2.17,2.9,0,0.0,322.64,349.52,24,1,4.0
ORD102984,2025-09-20,Gujarat,Vadodara,Fashion,Van,4,2.43,171.9,89.93,Normal,6.3,2.82,4.2,0,0.0,266.5,306.88,5,1,4.7
ORD102985,2025-08-25,Rajasthan,Jaipur,Grocery,Bike,4,2.19,39.6,92.5,Normal,1.3,3.06,2.8,1,0.26,174.47,232.86,66,0,3.8
ORD102986,2025-09-30,Gujarat,Vadodara,Sports,Bike,2,1.57,39.7,90.6,Normal,7.2,1.97,3.5,0,0.0,106.94,111.33,5,1,4.2
ORD102987,2025-10-13,West Bengal,Durgapur,Electronics,Bike,5,5.64,208.1,92.45,Normal,7.4,3.48,4.1,0,0.0,327.12,379.15,5,1,4.6
ORD102988,2025-11-26,Karnataka,Bengaluru,Grocery,Van,6,1.72,35.1,92.13,Normal,8.8,3.39,3.9,0,0.0,147.43,193.85,113,0,4.2
ORD102989,,Telangana,Warangal,Home & Kitchen,Truck,5,5.13,25.4,89.47,Normal,4.2,3.91,3.8,1,0.11,146.99,155.63,67,0,3.8
ORD102990,2025-06-16,Karnataka,Mangaluru,Fashion,Bike,11,2.15,206.1,93.15,Rain,14.4,3.67,4.7,0,0.0,374.41,448.69,5,1,4.7
ORD102991,2025-08-21,Delhi,Rohini,Fashion,Bike,11,2.06,117.1,91.95,Normal,9.8,4.32,5.6,0,0.0,282.17,354.57,5,1,4.2
ORD102992,2025-03-12,Maharashtra,Mumbai,Fashion,Van,4,2.82,65.4,88.29,Normal,7.6,2.06,1.8,1,0.26,205.7,224.6,5,1,3.4
ORD102993,2025-11-09,Karnataka,Mangaluru,Home & Kitchen,Bike,9,2.8,269.9,91.06,Normal,11.9,3.62,4.8,0,0.0,429.34,475.76,5,1,5.0
ORD102994,2025-10-09,Gujarat,Ahmedabad,Books,Bike,3,1.83,47.5,92.02,Normal,6.2,1.5,3.0,0,0.0,109.14,145.78,13,0,5.0
ORD102995,2025-08-19,Maharashtra,Pune,Fashion,Bike,12,2.91,101.6,90.64,Normal,7.3,3.99,5.4,0,0.0,308.29,341.9,5,1,4.5
ORD102996,2025-04-21,Rajasthan,Jaipur,Sports,Van,6,3.15,94.0,90.89,Normal,10.2,3.42,4.3,0,0.0,239.34,240.67,5,1,4.4
ORD102997,2025-05-07,Maharashtra,Nagpur,Fashion,Van,6,5.9,174.6,91.65,Rain,7.4,3.3,3.7,0,0.0,275.29,298.81,5,1,4.5
ORD102998,2025-06-08,West Bengal,Siliguri,Books,Truck,4,2.11,39.0,87.81,Normal,9.1,2.82,3.3,0,0.0,158.36,180.77,31,0,4.1
ORD102999,2025-08-30,Maharashtra,Pune,Beauty,Bike,8,1.21,206.0,90.37,Normal,7.7,4.32,3.8,1,0.52,356.71,389.76,5,1,4.5
ORD103000,2025-10-11,Maharashtra,Nagpur,Fashion,Bike,8,1.3,252.2,90.03,Normal,13.4,3.93,4.1,0,0.0,387.89,432.06,5,1,5.0
ORD103001,2025-09-03,Tamil Nadu,Madurai,Grocery,Van,8,9.39,155.2,92.05,Normal,8.8,4.74,5.2,0,0.0,370.46,410.47,5,1,4.2
ORD103002,2025-12-06,West Bengal,Kolkata,Books,Truck,9,0.59,42.6,89.65,Normal,6.6,4.39,4.4,0,0.0,212.7,281.73,5,1,4.3
ORD103003,2025-12-17,Delhi,New Delhi,Fashion,Van,6,0.93,81.0,94.15,Normal,8.0,2.46,3.3,0,0.0,179.74,220.34,5,1,4.7
ORD103004,2025-09-15,Gujarat,Ahmedabad,Fashion,Truck,5,2.05,93.7,89.56,Normal,5.8,2.88,4.9,0,0.0,199.77,242.46,5,1,5.0
ORD103005,2025-05-16,Karnataka,Mysuru,Beauty,Van,6,1.35,91.5,88.57,Normal,5.1,3.19,5.4,0,0.0,237.73,297.57,5,1,4.7
ORD103006,2025-08-07,Maharashtra,Pune,Beauty,Truck,8,3.43,20.6,92.78,Normal,11.5,3.75,3.9,0,0.0,158.87,227.07,300,0,4.8
ORD103007,2025-06-05,Karnataka,Bengaluru,Fashion,Van,6,3.24,110.4,91.62,Rain,4.3,4.18,6.5,0,0.0,221.05,244.05,5,1,4.7
ORD103008,2025-08-18,Telangana,Warangal,Grocery,Bike,12,1.42,85.3,91.21,Normal,11.9,3.66,5.4,0,0.0,276.28,319.33,83,0,4.6
ORD103009,2025-10-24,Delhi,New Delhi,Fashion,Bike,4,5.35,63.1,90.06,Normal,11.0,1.98,2.1,0,0.0,168.22,182.08,5,1,4.7
ORD103010,2025-05-15,West Bengal,Siliguri,Fashion,Van,7,0.98,67.2,89.84,Normal,6.7,3.46,4.6,0,0.0,251.51,291.44,81,0,4.9
ORD103011,2025-07-04,Tamil Nadu,Madurai,Beauty,Truck,5,1.25,276.2,91.27,Normal,7.5,4.0,4.7,0,0.0,399.82,482.16,5,1,4.7
ORD103012,2025-01-17,Tamil Nadu,Madurai,Sports,Van,2,5.6,156.6,89.4,Normal,4.2,2.52,1.4,1,1.12,294.73,305.27,5,1,3.7
ORD103013,2025-09-26,Karnataka,Bengaluru,Home & Kitchen,Bike,10,0.86,18.0,93.61,Normal,11.4,3.68,3.2,1,0.48,208.93,249.87,149,0,5.0
ORD103014,2025-06-28,West Bengal,Siliguri,Home & Kitchen,Bike,9,2.52,63.6,90.81,Normal,5.2,2.92,4.3,0,0.0,224.05,265.65,140,0,3.6
ORD103015,2025-06-17,Rajasthan,Jodhpur,Home & Kitchen,Van,5,5.58,138.9,89.87,Normal,9.9,2.85,2.2,1,0.65,209.33,268.06,5,1,4.4
ORD103016,2025-07-14,Maharashtra,Nagpur,Grocery,Truck,7,0.37,159.0,89.59,Normal,7.5,3.68,6.0,0,0.0,282.26,350.97,5,1,4.2
ORD103017,2025-03-20,Maharashtra,Nagpur,Fashion,Van,4,1.62,89.9,88.12,Normal,4.4,3.15,4.8,0,0.0,150.57,161.39,5,1,3.6
ORD103018,2025-08-07,West Bengal,Durgapur,Fashion,Van,5,3.73,31.1,91.57,Normal,5.4,2.99,4.3,0,0.0,107.15,143.42,107,0,3.4
ORD103019,2025-09-29,Delhi,New Delhi,Home & Kitchen,Van,3,1.69,28.6,88.85,Normal,7.4,1.55,1.0,1,0.55,138.1,149.09,109,0,3.8
ORD103020,2025-05-08,Karnataka,Mangaluru,Sports,Truck,4,2.09,109.0,89.98,Normal,3.6,4.39,6.0,0,0.0,171.59,212.86,5,1,5.0
ORD103021,2025-02-17,Maharashtra,Pune,Fashion,Truck,10,2.28,54.3,94.77,Normal,10.1,4.33,5.9,0,0.0,202.25,237.34,54,0,5.0
ORD103022,2025-05-22,Karnataka,Mangaluru,Beauty,Bike,5,2.47,35.4,86.92,Rain,7.4,3.78,5.3,0,0.0,131.23,124.62,180,0,4.2
ORD103023,2025-03-14,Delhi,Rohini,Electronics,Van,3,1.19,7.8,89.97,Normal,5.1,2.09,3.6,0,0.0,89.51,97.86,204,0,4.2
ORD103024,2025-05-17,Maharashtra,Mumbai,Electronics,Truck,4,3.31,22.7,87.66,Rain,8.0,4.38,6.7,0,0.0,122.13,133.76,105,0,4.3
ORD103025,2025-08-17,Rajasthan,Udaipur,Electronics,Truck,4,2.38,83.7,89.14,Normal,4.6,3.17,3.2,0,0.0,195.21,226.29,5,1,4.6
ORD103026,2025-02-11,Maharashtra,Mumbai,Fashion,Van,10,0.96,60.1,89.83,Normal,7.9,1.36,1.9,0,0.0,232.72,269.7,5,1,5.0
ORD103027,2025-09-30,Maharashtra,Mumbai,Fashion,Bike,6,1.49,169.4,87.72,Heavy Rain,6.2,5.2,5.1,1,0.1,237.69,282.74,5,1,4.5
ORD103028,2025-03-23,Rajasthan,Jaipur,Home & Kitchen,Van,7,0.8,26.4,90.78,Normal,4.3,2.81,4.2,0,0.0,187.72,222.63,102,0,4.9
ORD103029,2025-11-23,Gujarat,Vadodara,Fashion,Van,4,2.31,42.6,92.66,Rain,5.8,3.95,4.4,0,0.0,108.35,140.57,100,0,4.6
ORD103030,2025-09-25,Karnataka,Bengaluru,Electronics,Bike,4,2.77,48.7,90.6,Normal,2.7,2.93,2.4,1,0.53,119.99,152.79,88,0,2.9
ORD103031,2025-04-10,Gujarat,Vadodara,Fashion,Truck,7,2.31,78.2,91.49,Rain,6.3,4.68,5.4,0,0.0,250.69,316.11,5,1,3.4
ORD103032,2025-07-25,Tamil Nadu,Chennai,Electronics,Bike,7,2.88,48.9,92.88,Rain,3.4,3.06,2.0,1,1.06,179.94,215.31,60,0,3.4
ORD103033,2025-02-10,Karnataka,Mysuru,Electronics,Truck,4,2.2,38.8,91.03,Normal,4.0,3.16,3.9,0,0.0,160.77,170.5,33,0,3.8
ORD103034,2025-02-06,Gujarat,Ahmedabad,Electronics,Van,10,3.3,91.3,85.68,Normal,6.5,4.2,5.0,0,0.0,193.07999999999998,344.46,102,0,3.6
ORD103035,2025-12-15,Telangana,Warangal,Grocery,Bike,4,1.85,75.5,90.22,Rain,7.6,3.37,3.7,0,0.0,176.6,205.91,5,1,5.0
ORD103036,2025-10-20,Maharashtra,Pune,Sports,Van,5,3.18,119.6,85.37,Normal,4.7,2.71,4.3,0,0.0,208.78,255.07,5,1,4.4
ORD103037,2025-02-26,Delhi,Rohini,Grocery,Van,8,0.87,59.2,88.55,Normal,4.7,1.33,1.0,1,0.33,187.25,238.94,52,0,3.5
ORD103038,2025-04-14,Karnataka,Mangaluru,Electronics,Truck,8,0.81,149.2,87.14,Normal,6.9,4.63,5.4,0,0.0,319.34,373.1,5,1,3.8
ORD103039,2025-03-14,West Bengal,Siliguri,Sports,Van,4,2.13,35.8,90.31,Normal,11.3,3.04,3.9,0,0.0,111.64,127.58,5,1,4.9
ORD103040,2025-05-25,Rajasthan,Jodhpur,Sports,Bike,6,3.14,108.6,88.18,Normal,3.3,3.91,4.6,0,0.0,229.3,297.04,5,1,4.5
ORD103041,2025-04-17,Tamil Nadu,Chennai,Fashion,Truck,4,1.68,127.2,90.31,Normal,8.3,3.73,5.5,0,0.0,226.11,245.43,5,1,3.7
ORD103042,2025-04-30,Delhi,New Delhi,Electronics,Van,5,3.05,9.3,91.16,Normal,7.9,2.36,2.5,0,0.0,110.83,124.92,155,0,4.3
ORD103043,2025-07-13,Delhi,Rohini,Grocery,Bike,2,2.46,110.2,88.01,Normal,11.2,1.54,2.2,0,0.0,159.98,194.41,5,1,5.0
ORD103044,2025-03-11,Tamil Nadu,Coimbatore,Sports,Truck,4,0.53,65.1,90.17,Rain,7.1,4.04,4.8,0,0.0,143.34,172.19,5,1,5.0
ORD103045,2025-11-19,Maharashtra,Nagpur,Books,Bike,3,9.12,79.4,84.98,Normal,7.2,4.02,4.4,0,0.0,191.64,204.49,5,1,4.5
ORD103046,2025-09-23,Rajasthan,Jodhpur,Grocery,Bike,11,0.89,167.1,86.99,Normal,9.0,3.92,3.2,1,0.72,293.16,369.52,5,1,4.1
ORD103047,2025-10-05,Delhi,Dwarka,Beauty,Van,10,1.09,556.0,91.94,Normal,8.5,3.07,5.1,0,0.0,1169.8,303.19,5,1,4.3
ORD103048,2025-03-03,Delhi,Rohini,Sports,Van,7,4.25,34.0,88.05,Rain,9.7,4.29,4.3,0,0.0,207.92,242.7,86,0,4.4
ORD103049,2025-09-16,Tamil Nadu,Madurai,Electronics,Van,6,2.04,104.7,88.67,Rain,6.0,4.67,4.7,0,0.0,134.01,146.9,5,1,3.9
ORD103050,2025-11-02,Maharashtra,Mumbai,Electronics,Truck,6,1.22,61.7,88.12,Normal,14.8,3.74,2.4,1,1.34,176.93,218.18,8,1,3.4
ORD103051,2025-03-05,West Bengal,Durgapur,Books,Bike,8,1.48,70.6,86.46,Rain,10.1,3.19,3.9,0,0.0,131.16,177.93,5,1,4.8
ORD103052,2025-10-02,Karnataka,Bengaluru,Electronics,Truck,7,1.14,65.8,87.69,Normal,7.1,2.76,3.6,0,0.0,224.71,253.01,5,1,5.0
ORD103053,2025-05-11,Maharashtra,Nagpur,Fashion,Bike,6,1.2,116.7,89.53,Normal,6.6,2.84,4.7,0,0.0,209.69,270.97,5,1,4.7
ORD103054,2025-10-15,Delhi,New Delhi,Home & Kitchen,Bike,3,3.36,90.8,88.82,Normal,6.4,2.19,2.6,0,0.0,176.01,207.27,5,1,5.0
ORD103055,2025-06-24,Gujarat,Vadodara,Home & Kitchen,Bike,7,1.46,71.2,91.43,Normal,7.5,2.51,3.4,0,0.0,169.38,191.02,5,1,3.4
ORD103056,2025-10-20,Maharashtra,Nagpur,Electronics,Bike,6,1.01,86.8,88.36,Normal,8.8,3.41,5.0,0,0.0,244.42,287.5,85,0,4.8
ORD103057,2025-02-23,Karnataka,Bengaluru,Beauty,Van,7,1.23,35.1,89.44,Normal,8.3,3.57,5.5,0,0.0,211.2,251.78,91,0,4.7
ORD103058,2025-05-23,Delhi,Dwarka,Fashion,Truck,5,1.82,110.6,88.46,Normal,10.6,4.27,5.3,0,0.0,182.29,214.17,5,1,4.1
ORD103059,2025-04-10,West Bengal,Kolkata,Beauty,Truck,6,1.24,92.4,91.1,Rain,4.8,3.98,4.4,0,0.0,170.91,194.73,5,1,4.5
ORD103060,2025-04-01,Rajasthan,Jodhpur,Home & Kitchen,Van,8,1.65,180.9,86.82,Normal,7.9,5.63,7.4,0,0.0,332.88,382.23,5,1,5.0
ORD103061,2025-04-23,Karnataka,Mysuru,Sports,Bike,6,2.53,46.3,90.24,Heavy Rain,4.9,3.1,4.9,0,0.0,186.44,206.35,99,0,4.7
ORD103062,2025-05-20,West Bengal,Durgapur,Beauty,Truck,3,1.47,47.2,90.09,Normal,5.0,3.21,2.4,1,0.81,114.22,143.93,5,1,3.7
ORD103063,2025-02-16,Maharashtra,Nagpur,Sports,Van,6,1.15,82.2,87.87,Normal,5.9,3.93,4.9,0,0.0,193.07999999999998,194.61,5,1,5.0
ORD103064,2025-09-16,Rajasthan,Jodhpur,Fashion,Van,6,1.28,69.3,89.15,Rain,9.2,3.65,5.2,0,0.0,217.42,257.34,5,1,4.5
ORD103065,2025-07-20,Maharashtra,Pune,Electronics,Van,5,4.98,34.0,90.0,Rain,5.7,2.76,4.1,0,0.0,147.93,175.61,117,0,5.0
ORD103066,2025-10-30,Delhi,New Delhi,Books,Bike,7,8.28,28.9,88.04,Normal,11.9,2.18,2.6,0,0.0,183.78,226.88,112,0,4.3
ORD103067,2025-09-15,West Bengal,Siliguri,Books,Van,9,2.08,144.5,87.99,Normal,12.0,5.34,5.6,0,0.0,294.68,357.12,5,1,4.5
ORD103068,2025-02-24,Maharashtra,Mumbai,Electronics,Truck,7,3.23,42.7,87.04,Normal,9.6,5.05,7.0,0,0.0,140.27,196.82,17,1,5.0
ORD103069,2025-01-26,Gujarat,Surat,Grocery,Bike,3,1.09,59.4,92.87,Normal,3.3,2.49,3.4,0,0.0,117.58,123.39,5,1,4.0
ORD103070,2025-06-04,West Bengal,Kolkata,Grocery,Van,5,1.37,27.1,88.37,Normal,10.5,1.99,2.5,0,0.0,102.94,142.43,5,1,5.0
ORD103071,2025-06-25,West Bengal,Kolkata,Electronics,Truck,7,2.7,253.4,86.99,Normal,6.7,5.23,5.8,0,0.0,324.81,421.07,5,1,4.1
ORD103072,2025-03-29,Tamil Nadu,Coimbatore,Beauty,Van,6,0.43,44.8,85.99,Rain,6.3,5.44,6.1,0,0.0,130.24,178.42,75,0,4.9
ORD103073,2025-10-13,Gujarat,Vadodara,Home & Kitchen,Van,5,3.33,64.5,87.71,Normal,8.4,3.77,4.3,0,0.0,172.99,178.0,5,1,4.8
ORD103074,2025-08-01,Karnataka,Bengaluru,Electronics,Van,8,1.4,20.2,89.62,Normal,5.8,1.99,3.7,0,0.0,137.68,197.39,213,0,3.9
ORD103075,2025-10-01,West Bengal,Durgapur,Books,Truck,6,1.0,79.2,88.66,Normal,10.3,4.37,5.5,0,0.0,183.89,237.26,84,0,3.7
ORD103076,2025-02-09,Rajasthan,Udaipur,Fashion,Van,4,2.59,212.3,89.74,Normal,8.7,3.59,4.6,0,0.0,271.91,329.04,5,1,3.8
ORD103077,2025-10-25,Delhi,Dwarka,Books,Van,4,5.14,29.7,90.37,Normal,14.4,1.98,2.5,0,0.0,154.4,161.67,111,0,4.4
ORD103078,2025-03-17,Gujarat,Ahmedabad,Grocery,Bike,3,1.64,81.6,88.8,Normal,7.0,2.3,3.5,0,0.0,181.85,181.47,5,1,4.9
ORD103079,2025-06-13,Telangana,Hyderabad,Sports,Truck,13,2.43,52.2,88.82,Normal,9.5,4.63,4.5,1,0.13,270.14,358.98,198,0,3.8
ORD103080,2025-06-10,Telangana,Nizamabad,Fashion,Truck,7,2.7,71.7,91.85,Normal,12.8,3.63,4.5,0,0.0,205.57,242.87,5,1,4.2
ORD103081,2025-10-27,Karnataka,Bengaluru,Fashion,Van,9,2.35,55.4,90.34,Normal,3.8,4.23,3.5,1,0.73,228.69,258.59,164,0,3.5
ORD103082,2025-04-12,Karnataka,Bengaluru,Home & Kitchen,Truck,5,1.05,25.8,89.69,Normal,7.4,3.99,4.5,0,0.0,109.55,116.69,5,1,4.4
ORD103083,2025-03-29,Telangana,Hyderabad,Grocery,Van,9,2.33,86.4,88.36,Rain,8.1,4.64,4.9,0,0.0,217.73,237.61,47,0,4.3
ORD103084,2025-05-04,Telangana,Nizamabad,Fashion,Truck,5,2.27,121.9,90.18,Normal,10.1,5.57,6.2,0,0.0,221.18,263.82,5,1,4.2
ORD103085,2025-05-12,Rajasthan,Jodhpur,Grocery,Bike,10,0.34,53.7,89.58,Normal,16.3,3.47,3.8,0,0.0,193.96,254.31,13,1,3.9
ORD103086,2025-03-08,Tamil Nadu,Madurai,Fashion,Bike,4,3.52,143.6,89.49,Rain,5.1,3.93,5.1,0,0.0,272.78,310.57,5,1,4.0
ORD103087,2025-03-06,Maharashtra,Pune,Electronics,Truck,6,0.76,144.9,90.2,Normal,10.1,3.89,4.0,0,0.0,299.15,346.39,5,1,5.0
ORD103088,2025-03-26,Tamil Nadu,Chennai,Books,Van,6,2.19,122.0,89.48,Normal,10.8,2.61,4.1,0,0.0,300.57,359.69,5,1,4.1
ORD103089,2025-06-20,Delhi,New Delhi,Books,Van,10,5.4,32.8,86.14,Normal,12.4,2.06,4.2,0,0.0,238.83,305.36,113,0,4.9
ORD103090,2025-05-06,Karnataka,Bengaluru,Fashion,Van,1,1.72,103.1,88.96,Normal,6.2,3.11,2.8,1,0.31,163.37,165.69,5,0,4.0
ORD103091,2025-05-24,Gujarat,Ahmedabad,Grocery,Van,6,1.02,96.3,86.83,Normal,9.0,2.43,3.7,0,0.0,154.94,193.39,5,1,5.0
ORD103092,2025-09-20,Delhi,Dwarka,Fashion,Bike,6,2.9,37.7,89.96,Normal,5.1,4.12,4.6,0,0.0,148.26,178.7,50,0,4.6
ORD103093,2025-03-29,West Bengal,Kolkata,Grocery,Van,3,5.01,50.1,85.98,Normal,11.1,1.99,3.5,0,0.0,127.61,140.93,5,1,4.8
ORD103094,2025-11-29,Tamil Nadu,Chennai,Fashion,Van,6,0.98,72.3,88.73,Normal,4.5,2.66,2.4,1,0.26,164.37,204.06,5,1,3.3
ORD103095,2025-10-02,Delhi,Dwarka,Beauty,Bike,5,0.43,48.6,88.88,Normal,4.4,2.18,4.0,0,0.0,177.33,225.53,5,1,3.7
ORD103096,2025-03-05,Rajasthan,Jodhpur,Electronics,Bike,6,4.34,65.0,86.69,Normal,6.9,2.5,2.9,0,0.0,228.87,230.37,5,1,5.0
ORD103097,2025-04-25,Karnataka,Mangaluru,Home & Kitchen,Van,7,3.51,185.5,88.59,Normal,6.4,3.05,3.6,0,0.0,303.95,357.73,5,1,5.0
ORD103098,2025-03-08,Delhi,Dwarka,Books,Van,5,2.59,39.7,90.11,Normal,8.1,2.85,3.4,0,0.0,131.59,158.59,107,0,3.8
ORD103099,2025-04-10,Tamil Nadu,Coimbatore,Fashion,Van,8,0.63,39.0,87.71,Normal,7.1,1.69,1.4,1,0.29,165.99,199.0,188,0,4.3
ORD103100,2025-05-14,Tamil Nadu,Coimbatore,Electronics,Van,8,2.97,137.8,89.21,Rain,6.0,4.99,6.4,0,0.0,232.48,292.54,5,1,4.9
ORD103101,2025-02-17,West Bengal,Kolkata,Electronics,Van,7,3.94,74.9,89.59,Normal,5.1,3.93,4.1,0,0.0,244.02,277.0,5,1,5.0
ORD103102,2025-01-06,Gujarat,Surat,Fashion,Bike,4,8.18,81.0,86.74,Normal,10.4,3.06,4.2,0,0.0,225.62,240.42,5,1,4.0
ORD103103,2025-06-10,Rajasthan,Jodhpur,Grocery,Van,2,1.68,59.8,88.72,Rain,7.2,3.84,4.3,0,0.0,94.13,121.26,5,1,4.4
ORD103104,2025-09-13,Tamil Nadu,Chennai,Fashion,Bike,6,2.23,60.4,88.25,Normal,4.1,4.78,5.3,0,0.0,146.2,158.45,18,1,4.2
ORD103105,2025-04-21,Tamil Nadu,Madurai,Grocery,Van,7,0.5,67.0,88.58,Rain,9.1,3.56,5.2,0,0.0,226.97,252.51,26,1,4.6
ORD103106,2025-11-11,West Bengal,Durgapur,Books,Bike,3,3.78,81.2,85.71,Normal,5.7,1.4,1.0,1,0.4,190.1,199.19,5,1,3.7
ORD103107,2025-05-15,Delhi,Rohini,Fashion,Van,9,3.72,121.1,86.04,Normal,4.7,5.68,4.3,1,1.38,324.91,400.91,5,1,4.2
ORD103108,2025-11-25,Karnataka,Bengaluru,Books,Van,6,2.62,35.1,90.76,Normal,4.3,2.74,2.8,0,0.0,136.02,166.44,88,0,3.7
ORD103109,2025-03-28,Telangana,Nizamabad,Electronics,Truck,6,4.36,41.7,89.91,Normal,10.2,3.19,3.8,0,0.0,216.27,232.52,5,1,4.6
ORD103110,2025-07-16,West Bengal,Durgapur,Fashion,Van,3,1.21,139.5,88.93,Normal,9.6,2.17,2.6,0,0.0,187.32,219.87,5,1,3.7
ORD103111,2025-10-06,Telangana,Nizamabad,Electronics,Truck,5,1.75,77.4,90.14,Normal,8.7,3.59,3.6,0,0.0,183.0,203.38,72,0,5.0
ORD103112,2025-01-22,Maharashtra,Pune,Electronics,Van,4,1.79,55.4,86.11,Normal,4.8,2.27,4.5,0,0.0,103.05,129.97,9,1,4.4
ORD103113,2025-12-06,Delhi,Dwarka,Electronics,Bike,7,4.11,88.5,88.08,Rain,9.2,2.97,4.8,0,0.0,214.04,232.57,5,1,4.4
ORD103114,2025-05-14,Delhi,New Delhi,Electronics,Bike,8,4.17,49.4,87.89,Heavy Rain,9.5,3.12,1.4,1,1.72,206.69,221.64,55,0,4.2
ORD103115,2025-07-01,Maharashtra,Nagpur,Books,Bike,7,2.48,134.5,87.07,Normal,1.5,2.68,2.8,0,0.0,251.31,306.15,5,1,4.6
ORD103116,2025-08-18,Karnataka,Bengaluru,Beauty,Bike,4,2.39,44.0,86.4,Normal,8.1,2.33,3.4,0,0.0,155.0,166.85,178,0,4.5
ORD103117,2025-08-23,Gujarat,Ahmedabad,Sports,Bike,6,2.88,48.2,90.79,Normal,7.9,1.69,2.7,0,0.0,149.57,198.23,5,1,4.2
ORD103118,2025-01-09,Delhi,Dwarka,Beauty,Van,11,1.62,54.2,87.27,Normal,14.9,3.07,3.0,1,0.07,228.7,246.1,126,0,3.8
ORD103119,2025-11-13,West Bengal,Siliguri,Grocery,Van,6,4.88,96.5,89.2,Normal,12.7,2.99,4.9,0,0.0,218.47,262.72,5,1,4.0
ORD103120,2025-08-16,Karnataka,Mangaluru,Home & Kitchen,Van,9,1.5,144.2,88.98,Normal,8.1,4.26,4.1,1,0.16,280.89,326.81,5,1,3.4
ORD103121,2025-12-31,Karnataka,Mangaluru,Beauty,Bike,6,2.66,103.4,90.24,Normal,8.5,3.9,4.6,0,0.0,241.25,288.67,5,1,4.7
ORD103122,2025-06-22,Delhi,Dwarka,Fashion,Van,8,1.37,121.4,89.67,Normal,8.3,3.57,4.2,0,0.0,237.64,277.89,5,1,3.8
ORD103123,2025-08-12,Delhi,Rohini,Sports,Bike,9,3.73,21.1,87.78,Rain,7.4,2.59,3.5,0,0.0,180.17,227.87,271,0,4.4
ORD103124,2025-06-10,West Bengal,Durgapur,Sports,Van,4,1.89,20.3,86.04,Rain,3.2,3.67,3.9,0,0.0,101.75,116.02,11,1,4.6
ORD103125,2025-11-21,Delhi,Dwarka,Home & Kitchen,Van,10,7.72,25.7,89.91,Heavy Rain,7.8,5.9,7.0,0,0.0,262.99,307.54,99,0,4.7
ORD103126,2025-10-31,Telangana,Hyderabad,Grocery,Bike,7,1.85,68.4,90.49,Normal,6.5,1.76,1.7,1,0.06,194.12,250.0,44,0,2.7
ORD103127,2025-11-28,Telangana,Nizamabad,Grocery,Bike,9,3.7,51.5,92.71,Normal,11.6,2.24,3.2,0,0.0,212.45,255.5,130,0,4.1
ORD103128,2025-07-04,West Bengal,Kolkata,Beauty,Truck,5,1.34,27.0,90.02,Normal,7.4,2.73,2.9,0,0.0,121.8,143.65,41,0,5.0
ORD103129,2025-10-16,Maharashtra,Mumbai,Electronics,Van,5,1.65,4.2,87.1,Normal,5.5,2.57,4.5,0,0.0,119.46,125.63,177,0,4.8
ORD103130,2025-05-11,Karnataka,Mysuru,Grocery,Van,6,1.96,100.9,87.32,Normal,5.5,2.63,3.1,0,0.0,203.69,247.12,5,1,4.5
ORD103131,2025-06-18,Maharashtra,Pune,Books,Bike,6,2.53,159.8,84.48,Rain,8.5,2.49,3.3,0,0.0,261.65,321.68,5,1,4.2
ORD103132,2025-10-05,Karnataka,Bengaluru,Fashion,Bike,6,1.24,123.9,86.74,Rain,6.5,3.18,4.9,0,0.0,220.47,269.37,5,1,4.4
ORD103133,2025-01-30,West Bengal,Durgapur,Beauty,Van,4,1.39,65.8,85.91,Heavy Rain,3.9,4.97,5.9,0,0.0,155.04,205.07,5,1,4.7
ORD103134,2025-09-17,West Bengal,Kolkata,Electronics,Truck,4,2.13,82.8,89.23,Normal,4.3,4.62,6.0,0,0.0,200.68,239.04,5,1,4.3
ORD103135,2025-01-06,Delhi,Dwarka,Sports,Bike,8,2.61,44.2,89.88,Normal,12.5,1.62,1.2,1,0.42,179.56,208.44,63,0,4.2
ORD103136,2025-07-31,Maharashtra,Nagpur,Electronics,Bike,7,1.97,70.9,92.21,Rain,7.4,3.0,4.2,0,0.0,164.61,221.58,41,0,5.0
ORD103137,2025-06-24,Telangana,Nizamabad,Home & Kitchen,Truck,8,1.79,67.4,93.69,Normal,10.8,3.57,4.1,0,0.0,167.82,195.71,5,1,4.3
ORD103138,2025-06-21,West Bengal,Kolkata,Home & Kitchen,Van,6,0.85,92.9,88.57,Normal,2.8,2.61,4.1,0,0.0,272.64,295.7,5,1,4.8
ORD103139,2025-06-30,Tamil Nadu,Coimbatore,Books,Bike,5,2.79,42.1,87.06,Normal,10.0,0.7,1.8,0,0.0,129.89,156.11,45,0,4.2
ORD103140,2025-06-29,Karnataka,Mysuru,Grocery,Van,7,3.48,249.8,87.39,Normal,9.8,4.26,5.4,0,0.0,423.04,465.66,5,1,4.3
ORD103141,2025-05-29,Gujarat,Ahmedabad,Electronics,Van,5,3.76,29.1,86.83,Normal,9.4,2.79,4.1,0,0.0,137.42,169.01,5,1,4.8
ORD103142,2025-06-14,Telangana,Hyderabad,Home & Kitchen,Truck,5,2.22,82.2,92.29,Normal,3.0,4.37,6.0,0,0.0,161.37,192.76,5,1,5.0
ORD103143,2025-07-27,Karnataka,Bengaluru,Grocery,Bike,7,1.36,110.5,83.07,Rain,7.7,3.59,2.4,1,1.19,229.51,286.64,5,1,3.7
ORD103144,2025-10-06,Delhi,Rohini,Fashion,Van,5,1.63,30.9,90.96,Normal,4.9,2.13,2.1,1,0.03,149.02,180.06,91,0,5.0
ORD103145,2025-07-21,Maharashtra,Pune,Electronics,Bike,9,2.23,18.4,86.35,Normal,5.5,2.42,3.1,0,0.0,167.15,233.78,212,0,4.2
ORD103146,2025-08-23,Delhi,New Delhi,Sports,Truck,4,1.99,111.6,87.31,Normal,1.9,4.16,3.8,1,0.36,184.94,195.86,5,1,4.5
ORD103147,2025-11-02,West Bengal,Siliguri,Electronics,Truck,10,1.16,252.7,83.36,Normal,5.9,6.11,6.6,0,0.0,362.47,447.88,5,1,5.0
ORD103148,2025-12-28,Karnataka,Bengaluru,Beauty,Truck,7,0.67,14.1,89.89,Normal,4.7,3.15,4.0,0,0.0,120.43,160.11,295,0,5.0
ORD103149,2025-02-09,Maharashtra,Nagpur,Home & Kitchen,Truck,4,1.4,251.4,89.4,Normal,8.5,3.88,6.0,0,0.0,339.63,395.63,5,1,4.3
ORD103150,2025-09-18,Gujarat,Surat,Grocery,Van,7,1.68,114.6,85.99,Normal,6.1,3.1,4.5,0,0.0,198.5,233.99,5,1,4.8
ORD103151,2025-03-24,Karnataka,Bengaluru,Books,Bike,8,2.46,69.6,89.94,Normal,7.7,2.79,4.1,0,0.0,193.07999999999998,244.98,20,1,4.6
ORD103152,2025-03-13,Delhi,Dwarka,Fashion,Van,6,1.54,124.3,89.58,Normal,10.3,2.16,2.9,0,0.0,240.21,249.56,5,1,4.4
ORD103153,2025-10-17,Karnataka,Mangaluru,Grocery,Bike,7,1.71,147.8,86.97,Rain,7.8,3.79,2.9,1,0.89,298.71,314.38,5,1,3.8
ORD103154,2025-01-26,Maharashtra,Pune,Sports,Van,2,2.17,62.4,84.22,Rain,4.2,3.83,3.9,0,0.0,102.47,105.49,5,1,3.7
ORD103155,2025-11-06,Maharashtra,Nagpur,Books,Bike,3,5.58,297.6,87.51,Rain,7.2,4.47,3.7,1,0.77,435.37,452.91,5,1,3.8
ORD103156,2025-10-09,Rajasthan,Udaipur,Fashion,Van,10,1.81,246.7,89.76,Rain,6.8,6.73,7.9,0,0.0,410.8,486.15,5,1,4.3
ORD103157,2025-12-30,Gujarat,Ahmedabad,Fashion,Van,5,0.74,46.5,86.23,Normal,2.4,3.27,4.1,0,0.0,114.05,124.61,54,0,4.4
ORD103158,2025-09-01,West Bengal,Siliguri,Sports,Truck,6,1.29,88.0,89.81,Normal,8.2,4.9,5.8,0,0.0,201.39,242.74,5,1,3.8
ORD103159,2025-11-15,Telangana,Warangal,Electronics,Van,5,6.52,30.0,86.3,Rain,9.2,3.58,4.7,0,0.0,141.28,169.06,209,0,4.3
ORD103160,2025-02-13,Karnataka,Mangaluru,Electronics,Van,9,5.12,23.8,87.68,Rain,8.3,4.8,5.1,0,0.0,154.62,190.85,237,0,4.7
ORD103161,2025-11-21,West Bengal,Durgapur,Home & Kitchen,Van,4,3.71,57.4,86.5,Rain,6.5,4.57,4.1,1,0.47,153.91,186.44,5,1,3.4
ORD103162,2025-02-28,Tamil Nadu,Coimbatore,Books,Truck,2,3.18,85.7,88.1,Normal,5.0,3.66,4.0,0,0.0,154.55,173.41,5,1,4.7
ORD103163,2025-04-25,West Bengal,Durgapur,Electronics,Van,5,3.2,37.3,89.28,Normal,11.0,3.33,4.4,0,0.0,155.02,178.19,111,0,4.6
ORD103164,2025-02-16,Maharashtra,Nagpur,Home & Kitchen,Bike,6,1.72,121.9,90.73,Normal,8.1,3.58,2.7,1,0.88,208.55,239.16,5,1,3.7
ORD103165,2025-05-27,Telangana,Hyderabad,Grocery,Bike,4,3.54,90.7,88.16,Normal,6.5,1.63,2.5,0,0.0,166.69,207.22,5,1,4.8
ORD103166,2025-10-01,Maharashtra,Nagpur,Home & Kitchen,Truck,7,3.63,74.4,84.96,Normal,10.3,4.51,4.1,1,0.41,233.17,257.64,5,1,4.4
ORD103167,2025-04-08,Gujarat,Ahmedabad,Home & Kitchen,Van,3,3.49,41.1,88.9,Heavy Rain,9.1,5.58,6.8,0,0.0,148.28,170.44,155,0,4.3
ORD103168,2025-10-28,Delhi,Rohini,Fashion,Truck,5,1.36,44.4,87.21,Rain,8.0,5.07,4.6,1,0.47,113.53,169.49,177,0,3.5
ORD103169,2025-08-10,Gujarat,Ahmedabad,Home & Kitchen,Van,7,1.63,59.6,87.16,Normal,10.1,3.23,4.6,0,0.0,142.81,184.67,171,0,4.8
ORD103170,2025-08-18,Delhi,New Delhi,Sports,Van,10,1.33,47.0,87.92,Rain,10.1,5.53,5.0,1,0.53,178.95,215.21,5,1,3.6
ORD103171,2025-12-09,Gujarat,Ahmedabad,Electronics,Van,8,3.85,54.8,88.72,Normal,8.4,3.18,3.0,1,0.18,232.2,275.4,63,0,3.3
ORD103172,2025-06-07,Karnataka,Mysuru,Books,Van,7,2.45,41.5,86.96,Normal,10.2,3.86,5.2,0,0.0,99.66,130.41,111,0,4.9
ORD103173,2025-05-06,Tamil Nadu,Chennai,Fashion,Truck,7,2.6,96.6,88.74,Normal,5.4,4.1,4.6,0,0.0,210.44,273.95,5,1,4.2
ORD103174,2025-12-30,Tamil Nadu,Coimbatore,Electronics,Van,4,2.93,27.7,88.41,Normal,4.4,3.78,2.7,1,1.08,148.52,174.27,70,0,4.1
ORD103175,2025-07-23,Rajasthan,Udaipur,Electronics,Bike,6,0.8,132.8,88.72,Normal,8.4,3.71,5.0,0,0.0,242.39,284.39,5,1,3.8
ORD103176,2025-08-13,Maharashtra,Mumbai,Beauty,Bike,9,3.57,49.0,89.24,Normal,6.9,2.46,1.3,1,1.16,205.39,268.02,203,0,4.0
ORD103177,2025-04-19,Delhi,Dwarka,Fashion,Van,8,1.42,99.4,83.68,Heavy Rain,10.0,6.07,6.6,0,0.0,256.28,300.87,23,1,4.5
ORD103178,2025-03-20,Telangana,Nizamabad,Home & Kitchen,Van,13,1.5,72.9,86.93,Normal,10.4,4.82,7.4,0,0.0,262.93,309.37,123,0,4.9
ORD103179,2025-03-03,Karnataka,Mysuru,Sports,Truck,2,1.17,24.4,87.35,Rain,11.0,3.8,4.6,0,0.0,74.97,94.41,78,0,3.5
ORD103180,2025-03-23,Gujarat,Vadodara,Fashion,Van,4,2.12,127.5,87.17,Normal,4.2,1.69,2.1,0,0.0,234.56,261.27,5,1,3.8
ORD103181,2025-03-13,Karnataka,Mysuru,Sports,Bike,7,1.93,197.0,86.05,Normal,10.0,4.11,4.7,0,0.0,364.64,415.45,5,1,5.0
ORD103182,2025-09-30,Maharashtra,Mumbai,Electronics,Van,7,0.82,63.9,86.42,Rain,6.3,2.72,2.4,1,0.32,127.28,169.98,45,0,3.9
ORD103183,2025-01-22,Delhi,Dwarka,Home & Kitchen,Truck,7,0.63,16.1,88.53,Normal,8.3,3.08,3.9,0,0.0,118.14,166.13,298,0,3.9
ORD103184,2025-08-18,Karnataka,Mysuru,Beauty,Van,6,1.77,92.5,88.41,Normal,9.1,2.03,4.7,0,0.0,196.93,215.34,5,1,4.7
ORD103185,2025-12-13,West Bengal,Kolkata,Home & Kitchen,Bike,5,3.42,75.8,87.63,Rain,8.2,3.12,3.4,0,0.0,171.72,200.68,5,1,4.2
ORD103186,2025-10-07,West Bengal,Siliguri,Home & Kitchen,Van,7,3.21,38.2,85.75,Normal,9.1,3.72,3.7,1,0.02,174.46,203.66,5,1,3.6
ORD103187,2025-05-28,Maharashtra,Mumbai,Electronics,Van,7,2.0,76.3,89.1,Normal,9.0,2.97,4.1,0,0.0,212.17,252.09,76,0,5.0
ORD103188,2025-01-22,Telangana,Hyderabad,Electronics,Van,9,1.77,162.7,88.96,Normal,7.8,4.95,6.3,0,0.0,276.76,338.13,5,1,4.2
ORD103189,2025-11-01,Gujarat,Ahmedabad,Grocery,Truck,6,1.6,143.4,89.53,Normal,9.4,3.35,4.1,0,0.0,266.33,314.1,5,1,3.4
ORD103190,2025-01-02,Tamil Nadu,Madurai,Home & Kitchen,Truck,2,1.87,56.9,86.11,Normal,8.2,3.49,3.9,0,0.0,120.3,124.43,5,1,4.3
ORD103191,2025-09-06,West Bengal,Durgapur,Sports,Bike,6,3.4,56.1,94.04,Normal,6.7,2.38,3.6,0,0.0,210.25,239.18,99,0,4.1
ORD103192,2025-09-02,Tamil Nadu,Madurai,Home & Kitchen,Bike,5,5.74,35.9,87.9,Rain,5.5,4.15,3.5,1,0.65,187.36,228.74,30,0,2.6
ORD103193,2025-03-12,Gujarat,Surat,Fashion,Van,8,1.49,57.8,86.13,Normal,8.7,3.3,3.6,0,0.0,188.79,210.6,104,0,4.9
ORD103194,2025-09-28,Telangana,Hyderabad,Fashion,Bike,11,1.69,83.2,91.76,Normal,9.6,4.05,2.7,1,1.35,268.6,342.59,5,1,4.5
ORD103195,2025-03-06,Maharashtra,Pune,Beauty,Van,5,2.05,81.0,88.82,Rain,3.0,4.32,4.9,0,0.0,125.84,129.8,5,1,4.7
ORD103196,2025-03-24,West Bengal,Kolkata,Sports,Bike,3,1.69,88.9,87.83,Normal,6.8,3.33,3.8,0,0.0,111.55,136.78,5,1,4.4
ORD103197,2025-10-24,Rajasthan,Jodhpur,Books,Bike,4,1.38,88.3,88.04,Rain,4.6,3.84,5.5,0,0.0,201.76,218.69,5,1,4.2
ORD103198,2025-12-24,Gujarat,Ahmedabad,Electronics,Truck,6,1.86,41.9,89.75,Heavy Rain,2.5,5.51,5.4,1,0.11,153.59,189.85,19,1,3.8
ORD103199,2025-04-07,West Bengal,Siliguri,Fashion,Bike,7,1.2,126.3,87.89,Normal,8.6,4.21,5.8,0,0.0,277.32,330.94,5,1,5.0
ORD103200,2025-12-03,Gujarat,Surat,Books,Truck,11,3.23,140.8,84.32,Rain,6.2,5.34,5.9,0,0.0,345.95,428.45,5,1,3.3
ORD103201,2025-11-30,West Bengal,Kolkata,Electronics,Bike,4,5.25,75.3,87.39,Normal,10.3,2.54,3.8,0,0.0,145.04,188.8,5,1,4.5
ORD103202,2025-10-08,West Bengal,Siliguri,Beauty,Bike,4,1.67,302.8,89.03,Normal,8.6,4.51,5.9,0,0.0,396.17,424.77,5,1,5.0
ORD103203,2025-02-21,Telangana,Warangal,Home & Kitchen,Bike,4,5.94,95.6,87.32,Rain,7.7,4.66,5.4,0,0.0,186.88,200.67,5,1,3.8
ORD103204,2025-04-20,Tamil Nadu,Chennai,Fashion,Bike,6,1.88,28.0,85.62,Normal,10.8,2.46,3.4,0,0.0,136.34,154.58,187,0,5.0
ORD103205,2025-09-05,Karnataka,Mysuru,Fashion,Van,5,1.28,59.9,87.32,Normal,9.3,3.28,3.5,0,0.0,127.06,142.42,5,1,5.0
ORD103206,2025-12-31,Rajasthan,Jaipur,Fashion,Truck,9,3.15,57.2,88.93,Normal,6.3,4.89,6.7,0,0.0,239.51,296.21,19,1,4.2
ORD103207,2025-10-25,Gujarat,Vadodara,Sports,Truck,1,1.1,15.9,89.67,Normal,8.0,2.53,5.7,0,0.0,80.36,105.65,50,0,3.7
ORD103208,2025-06-03,West Bengal,Durgapur,Beauty,Bike,8,3.02,61.9,85.37,Normal,6.5,2.02,1.4,1,0.62,191.36,202.38,5,1,3.5
ORD103209,2025-03-27,Delhi,Rohini,Sports,Bike,4,2.38,123.0,85.24,Normal,9.0,1.62,2.4,0,0.0,193.47,207.29,5,1,4.7
ORD103210,2025-12-17,Telangana,Nizamabad,Grocery,Bike,5,1.55,136.9,87.24,Normal,5.9,2.47,2.9,0,0.0,252.91,286.26,5,1,5.0
ORD103211,2025-04-11,Tamil Nadu,Madurai,Fashion,Van,8,1.45,206.2,86.09,Normal,4.8,4.31,5.4,0,0.0,315.18,371.2,5,1,4.1
ORD103212,2025-05-05,Rajasthan,Jodhpur,Fashion,Bike,7,1.14,99.9,86.29,Normal,8.7,2.55,1.8,1,0.75,204.96,268.07,76,0,3.5
ORD103213,2025-12-19,Delhi,New Delhi,Fashion,Bike,5,3.94,116.3,86.84,Normal,6.0,0.92,1.0,0,0.0,208.82,223.69,5,1,4.4
ORD103214,2025-07-25,West Bengal,Durgapur,Books,Truck,3,2.0,47.4,88.7,Normal,9.0,3.08,5.3,0,0.0,107.01,123.9,33,0,4.6
ORD103215,2025-04-07,Maharashtra,Pune,Home & Kitchen,Truck,4,2.47,107.4,85.79,Rain,10.0,4.66,6.7,0,0.0,215.59,271.4,5,1,4.5
ORD103216,2025-01-02,Gujarat,Ahmedabad,Sports,Van,7,2.0,94.0,85.2,Rain,3.4,4.77,4.0,1,0.77,224.98,255.88,5,1,3.0
ORD103217,2025-06-06,Rajasthan,Udaipur,Beauty,Bike,5,1.75,57.6,85.96,Normal,7.0,4.26,6.7,0,0.0,145.27,182.41,54,0,3.8
ORD103218,2025-12-26,West Bengal,Siliguri,Beauty,Van,8,2.49,211.2,84.56,Normal,9.7,3.42,3.5,0,0.0,319.0,368.61,5,1,4.9
ORD103219,2025-06-07,West Bengal,Durgapur,Beauty,Bike,7,2.81,27.8,87.38,Normal,8.1,3.03,4.5,0,0.0,160.4,187.08,52,0,5.0
ORD103220,2025-09-13,Telangana,Nizamabad,Beauty,Van,4,2.2,76.8,87.47,Normal,7.0,4.77,5.4,0,0.0,161.32,194.36,5,1,3.8
ORD103221,2025-04-03,West Bengal,Siliguri,Grocery,Van,5,1.78,162.7,89.08,Rain,7.6,3.31,4.2,0,0.0,278.8,313.49,5,1,5.0
ORD103222,2025-10-11,West Bengal,Kolkata,Grocery,Bike,10,0.99,38.2,85.35,Normal,4.6,2.3,3.1,0,0.0,178.58,211.29,178,0,3.2
ORD103223,2025-10-11,Gujarat,Surat,Home & Kitchen,Truck,5,1.36,51.1,87.47,Heavy Rain,10.9,6.2,7.8,0,0.0,161.77,205.69,5,1,4.6
ORD103224,2025-08-11,Gujarat,Vadodara,Beauty,Van,2,1.65,119.8,87.85,Normal,7.6,2.65,2.9,0,0.0,175.48,183.58,5,1,4.3
ORD103225,2025-10-09,Gujarat,Surat,Fashion,Van,5,2.03,119.8,84.45,Normal,5.4,3.27,5.7,0,0.0,227.19,272.14,5,1,4.7
ORD103226,2025-07-31,Delhi,Rohini,Grocery,Bike,2,0.65,67.0,87.63,Normal,3.9,1.85,3.6,0,0.0,166.83,176.84,5,1,3.7
ORD103227,2025-05-19,Karnataka,Mysuru,Beauty,Van,6,3.01,88.9,87.69,Normal,9.6,3.62,4.0,0,0.0,201.44,221.63,5,1,4.9
ORD103228,2025-09-27,Rajasthan,Jaipur,Home & Kitchen,Bike,10,2.48,76.3,86.99,Normal,9.5,4.4,5.2,0,0.0,295.46,356.52,5,1,4.3
ORD103229,2025-11-01,Maharashtra,Pune,Grocery,Van,3,1.38,128.5,84.91,Normal,7.1,3.11,4.0,0,0.0,195.28,215.33,5,1,4.1
ORD103230,2025-11-03,Maharashtra,Pune,Fashion,Bike,3,1.11,132.0,87.07,Normal,7.6,1.61,2.0,0,0.0,176.45,200.58,5,1,4.2
ORD103231,2025-03-19,Gujarat,Vadodara,Beauty,Bike,3,1.29,172.8,83.68,Rain,6.8,3.98,4.4,0,0.0,281.42,283.66,5,1,4.9
ORD103232,2025-09-04,Delhi,New Delhi,Grocery,Van,5,0.85,172.0,87.78,Rain,2.2,4.9,6.4,0,0.0,308.43,330.71,5,1,4.5
ORD103233,2025-01-02,Gujarat,Ahmedabad,Grocery,Van,6,1.62,91.2,88.53,Normal,6.3,3.58,4.8,0,0.0,179.13,230.66,5,1,4.7
ORD103234,2025-07-28,West Bengal,Kolkata,Grocery,Van,11,1.79,32.5,86.79,Heavy Rain,10.5,6.05,6.3,0,0.0,187.99,237.97,173,0,4.9
ORD103235,2025-07-28,Rajasthan,Jodhpur,Home & Kitchen,Van,9,3.66,43.7,89.48,Normal,10.2,5.7,6.5,0,0.0,225.11,282.82,76,0,4.1
ORD103236,2025-05-13,Delhi,Rohini,Electronics,Van,2,2.74,48.7,85.92,Rain,4.8,3.18,3.0,1,0.18,134.64,146.3,5,1,3.6
ORD103237,2025-12-29,Delhi,Dwarka,Grocery,Van,1,4.53,68.5,85.86,Normal,5.8,2.59,4.9,0,0.0,116.75,129.39,30,0,5.0
ORD103238,2025-11-19,Rajasthan,Udaipur,Home & Kitchen,Bike,7,2.0,80.2,86.66,Rain,10.6,5.72,7.1,0,0.0,184.75,246.61,34,0,3.8
ORD103239,2025-01-15,Karnataka,Mangaluru,Electronics,Bike,8,1.11,37.0,91.23,Normal,11.4,2.46,3.1,0,0.0,179.38,221.49,5,1,3.3
ORD103240,2025-03-18,Telangana,Warangal,Electronics,Van,5,6.24,14.5,86.64,Rain,8.3,4.87,5.7,0,0.0,139.7,185.41,247,0,4.1
ORD103241,2025-03-17,Delhi,Dwarka,Home & Kitchen,Bike,10,1.64,824.0,91.01,Heavy Rain,10.9,4.56,6.0,0,0.0,1381.55,321.13,5,1,4.3
ORD103242,2025-11-24,Telangana,Hyderabad,Sports,Van,10,0.74,72.9,87.07,Rain,9.5,4.18,4.4,0,0.0,242.67,286.98,35,1,4.9
ORD103243,2025-07-09,Gujarat,Vadodara,Electronics,Van,3,2.32,219.6,85.68,Normal,8.1,2.69,3.4,0,0.0,315.23,341.37,5,1,4.1
ORD103244,2025-09-24,Delhi,Rohini,Home & Kitchen,Bike,4,0.72,47.3,90.65,Rain,6.5,1.37,2.7,0,0.0,80.81,110.11,5,1,4.9
ORD103245,2025-10-23,West Bengal,Siliguri,Sports,Van,5,1.91,197.3,87.46,Normal,5.5,3.56,3.2,1,0.36,339.55,369.05,5,1,3.6
ORD103246,2025-10-08,Maharashtra,Nagpur,Sports,Van,8,1.48,39.3,86.59,Normal,12.6,3.42,4.6,0,0.0,189.43,250.82,112,0,4.8
ORD103247,2025-02-02,Rajasthan,Jodhpur,Home & Kitchen,Van,3,2.83,70.6,88.67,Normal,10.9,3.28,6.2,0,0.0,142.81,138.21,61,0,5.0
ORD103248,2025-02-21,Rajasthan,Jaipur,Sports,Truck,4,3.74,75.8,89.36,Normal,6.9,3.06,2.3,1,0.76,172.93,205.34,5,1,3.5
ORD103249,2025-05-25,Rajasthan,Udaipur,Electronics,Bike,8,1.63,22.3,86.06,Normal,9.0,1.42,2.9,0,0.0,177.37,202.71,146,0,5.0
ORD103250,2025-05-04,West Bengal,Durgapur,Grocery,Bike,4,1.56,86.5,88.73,Rain,7.0,2.66,2.3,1,0.36,179.63,209.29,5,1,3.3
ORD103251,2025-09-30,Karnataka,Mangaluru,Electronics,Bike,5,3.3,43.4,86.69,Rain,7.3,2.54,2.0,1,0.54,160.61,173.83,5,1,3.9
ORD103252,2025-02-27,Telangana,Nizamabad,Fashion,Van,9,1.22,148.8,85.33,Normal,8.5,5.63,6.0,0,0.0,288.76,345.36,5,1,4.6
ORD103253,2025-05-16,Telangana,Hyderabad,Home & Kitchen,Bike,8,2.1,118.0,85.82,Normal,11.0,3.69,4.9,0,0.0,296.36,348.01,5,1,4.6
ORD103254,2025-03-28,West Bengal,Durgapur,Grocery,Van,7,2.86,95.3,84.98,Normal,5.1,5.27,6.5,0,0.0,233.76,288.86,48,0,4.6
ORD103255,2025-03-10,Delhi,Dwarka,Electronics,Bike,3,1.2,50.9,87.24,Normal,4.7,1.32,1.9,0,0.0,154.41,198.44,5,1,4.6
ORD103256,2025-03-05,West Bengal,Durgapur,Fashion,Van,5,1.66,30.1,87.24,Heavy Rain,9.3,5.85,5.6,1,0.25,187.29,209.61,55,0,2.3
ORD103257,2025-03-13,Tamil Nadu,Chennai,Grocery,Van,5,2.15,191.1,89.13,Normal,7.5,3.65,4.2,0,0.0,312.45,350.67,5,1,4.6
ORD103258,2025-07-25,Maharashtra,Mumbai,Electronics,Bike,11,4.78,181.5,88.64,Normal,12.7,3.57,2.6,1,0.97,373.24,435.65,5,1,2.9
ORD103259,2025-05-30,West Bengal,Durgapur,Sports,Van,6,0.92,49.8,86.34,Normal,7.5,3.59,5.0,0,0.0,113.37,121.05,133,0,4.2
ORD103260,2025-06-08,West Bengal,Kolkata,Fashion,Van,5,1.83,131.0,86.72,Normal,8.0,3.47,3.8,0,0.0,219.28,268.91,5,1,4.9
ORD103261,2025-06-24,Rajasthan,Jaipur,Electronics,Van,10,4.85,37.8,85.89,Normal,8.7,4.0,5.7,0,0.0,270.61,299.99,106,0,4.8
ORD103262,2025-09-28,Telangana,Hyderabad,Home & Kitchen,Van,8,3.79,43.8,87.26,Normal,11.7,2.59,2.4,1,0.19,201.72,254.35,67,0,4.7
ORD103263,2025-11-11,Rajasthan,Udaipur,Home & Kitchen,Van,6,1.68,73.0,86.66,Normal,9.6,5.43,6.6,0,0.0,152.25,171.31,5,1,4.7
ORD103264,2025-07-12,Tamil Nadu,Chennai,Home & Kitchen,Van,7,1.92,98.1,87.14,Normal,5.0,4.25,3.4,1,0.85,217.42,231.75,5,1,3.4
ORD103265,2025-08-23,Karnataka,Mysuru,Beauty,Van,10,2.71,28.5,89.68,Normal,10.5,2.49,4.4,0,0.0,167.49,174.33,193,0,3.8
ORD103266,2025-09-27,Karnataka,Bengaluru,Grocery,Van,10,2.75,14.9,89.77,Rain,11.5,4.14,5.2,0,0.0,172.84,227.38,275,0,5.0
ORD103267,2025-09-09,Delhi,Dwarka,Fashion,Van,4,4.93,42.1,85.92,Normal,7.0,2.2,2.6,0,0.0,140.04,179.98,210,0,3.9
ORD103268,2025-02-19,Karnataka,Bengaluru,Fashion,Bike,9,4.2,68.0,88.44,Normal,10.5,4.08,4.4,0,0.0,216.05,265.42,39,0,3.8
ORD103269,2025-12-25,Telangana,Hyderabad,Books,Van,5,0.82,27.1,88.22,Normal,10.2,2.5,2.9,0,0.0,127.19,134.57,144,0,4.5
ORD103270,2025-03-02,Gujarat,Surat,Home & Kitchen,Bike,8,0.71,53.7,86.05,Rain,7.7,3.68,4.4,0,0.0,134.85,155.25,5,1,5.0
ORD103271,2025-05-31,Gujarat,Vadodara,Grocery,Truck,6,1.41,54.9,89.58,Heavy Rain,8.2,4.57,3.8,1,0.77,183.45,214.75,32,0,3.9
ORD103272,2025-08-27,Maharashtra,Mumbai,Sports,Bike,10,0.6,246.4,84.37,Normal,7.5,4.64,5.0,0,0.0,428.21,511.05,5,1,4.3
ORD103273,2025-05-28,Tamil Nadu,Coimbatore,Home & Kitchen,Van,8,4.73,99.9,88.97,Normal,9.8,4.06,4.5,0,0.0,205.91,245.35,5,1,4.1
ORD103274,2025-03-30,Maharashtra,Nagpur,Beauty,Bike,3,0.76,83.9,86.82,Heavy Rain,3.9,5.07,6.7,0,0.0,181.46,181.02,5,1,4.7
ORD103275,2025-12-04,West Bengal,Durgapur,Sports,Bike,8,1.66,60.0,85.1,Normal,9.8,3.51,3.7,0,0.0,213.51,238.95,99,0,3.5
ORD103276,2025-01-27,Telangana,Nizamabad,Beauty,Bike,6,1.14,172.1,86.69,Normal,11.2,5.12,4.9,1,0.22,285.89,333.08,5,1,3.1
ORD103277,2025-03-31,Tamil Nadu,Chennai,Sports,Van,8,0.72,29.9,90.4,Heavy Rain,5.8,5.28,5.9,0,0.0,164.57,217.91,107,0,4.0
ORD103278,2025-12-29,Telangana,Nizamabad,Home & Kitchen,Bike,6,4.34,111.2,91.54,Normal,11.1,2.83,4.1,0,0.0,242.14,288.62,5,1,4.1
ORD103279,2025-09-24,West Bengal,Kolkata,Beauty,Bike,5,1.38,178.6,85.62,Normal,7.0,2.73,3.5,0,0.0,293.92,322.27,5,1,4.2
ORD103280,2025-02-01,Rajasthan,Jodhpur,Home & Kitchen,Bike,8,6.96,124.9,86.95,Normal,7.2,3.63,4.4,0,0.0,293.4,339.58,5,1,5.0
ORD103281,2025-10-03,Rajasthan,Jodhpur,Electronics,Bike,6,5.02,45.4,86.68,Rain,7.4,3.37,4.1,0,0.0,245.03,289.37,161,0,5.0
ORD103282,2025-12-20,Tamil Nadu,Chennai,Sports,Van,7,2.01,27.5,86.98,Normal,8.0,4.89,5.4,0,0.0,140.33,178.53,110,0,4.0
ORD103283,2025-02-05,Gujarat,Vadodara,Home & Kitchen,Van,4,0.52,129.0,89.94,Normal,5.7,3.04,3.2,0,0.0,249.54,256.54,5,1,4.3
ORD103284,2025-06-01,Maharashtra,Nagpur,Sports,Van,8,1.61,112.9,86.31,Normal,11.0,3.99,4.0,0,0.0,243.91,278.85,5,1,4.1
ORD103285,2025-06-20,Telangana,Hyderabad,Grocery,Van,4,8.9,144.3,85.6,Normal,7.0,2.37,3.1,0,0.0,259.15,243.56,5,1,4.2
ORD103286,2025-02-17,Gujarat,Ahmedabad,Sports,Van,5,2.66,119.2,86.21,Rain,8.1,3.98,5.0,0,0.0,248.07,286.66,5,1,4.8
ORD103287,2025-03-15,Gujarat,Vadodara,Sports,Truck,5,1.81,151.5,86.67,Normal,12.5,2.08,2.8,0,0.0,241.21,306.81,5,1,5.0
ORD103288,2025-03-05,Gujarat,Surat,Beauty,Bike,5,1.35,59.8,88.39,Normal,6.7,2.39,1.5,1,0.89,202.75,251.81,5,1,4.5
ORD103289,2025-03-09,Tamil Nadu,Chennai,Sports,Truck,7,3.58,77.4,87.23,Normal,6.9,3.68,5.2,0,0.0,193.55,237.6,5,1,4.5
ORD103290,2025-05-28,Gujarat,Vadodara,Grocery,Van,7,2.56,31.9,88.2,Normal,7.0,3.8,3.3,1,0.5,195.13,213.41,5,1,2.9
ORD103291,2025-06-19,Telangana,Nizamabad,Beauty,Van,4,2.42,26.7,88.91,Normal,9.7,3.33,2.8,1,0.53,136.73,152.44,118,0,3.1
ORD103292,2025-03-28,West Bengal,Durgapur,Grocery,Truck,4,4.21,94.3,86.5,Normal,6.9,4.14,3.9,1,0.24,191.64,228.9,5,1,3.0
ORD103293,2025-04-16,West Bengal,Kolkata,Home & Kitchen,Bike,3,4.07,49.2,86.88,Rain,7.4,2.87,3.2,0,0.0,115.57,151.89,5,1,5.0
ORD103294,2025-03-12,Telangana,Hyderabad,Electronics,Truck,8,2.68,182.4,87.88,Normal,6.5,5.16,5.8,0,0.0,294.37,361.51,5,1,4.1
ORD103295,2025-10-18,Delhi,Dwarka,Home & Kitchen,Truck,7,0.72,111.9,85.89,Normal,7.0,5.46,7.0,0,0.0,208.03,232.07,5,1,4.6
ORD103296,2025-03-19,Tamil Nadu,Chennai,Fashion,Bike,5,1.06,81.8,87.08,Rain,9.5,2.87,4.5,0,0.0,206.23,247.9,5,1,5.0
ORD103297,2025-11-28,Rajasthan,Jodhpur,Home & Kitchen,Bike,9,1.35,21.7,88.91,Normal,4.8,2.98,2.1,1,0.88,172.18,181.92,224,0,3.2
ORD103298,2025-07-16,Delhi,New Delhi,Beauty,Truck,5,1.97,36.2,87.22,Heavy Rain,2.7,4.95,4.0,1,0.95,159.98,195.01,102,0,3.7
ORD103299,2025-10-20,Karnataka,Bengaluru,Grocery,Bike,5,5.34,44.2,89.3,Normal,6.3,2.22,3.9,0,0.0,170.18,220.5,5,1,4.5
ORD103300,2025-08-21,Karnataka,Bengaluru,Grocery,Van,9,7.65,57.1,85.36,Normal,8.2,3.77,4.3,0,0.0,211.87,230.12,53,0,3.7
ORD103301,2025-04-08,Delhi,Dwarka,Sports,Bike,6,2.6,134.6,87.61,Normal,6.9,3.23,3.0,1,0.23,258.06,296.19,5,1,4.4
ORD103302,2025-08-08,Telangana,Warangal,Sports,Bike,5,2.88,25.5,88.04,Normal,6.6,2.74,4.0,0,0.0,150.41,172.3,126,0,5.0
ORD103303,2025-04-11,Tamil Nadu,Coimbatore,Sports,Van,14,0.75,244.0,87.57,Rain,10.2,5.75,7.5,0,0.0,395.22,480.4,5,1,4.9
ORD103304,2025-02-13,Tamil Nadu,Madurai,Grocery,Van,4,1.53,122.2,86.48,Normal,5.7,4.42,5.5,0,0.0,192.62,235.46,5,1,4.9
ORD103305,2025-04-03,Telangana,Warangal,Home & Kitchen,Van,6,1.41,32.7,84.38,Normal,10.8,4.56,4.6,0,0.0,125.48,143.1,5,1,4.5
ORD103306,2025-04-11,Telangana,Hyderabad,Sports,Van,5,1.33,174.4,89.02,Rain,9.1,5.02,3.8,1,1.22,236.63,287.52,5,1,4.0
ORD103307,2025-02-19,Gujarat,Vadodara,Home & Kitchen,Bike,5,2.94,110.7,84.46,Normal,6.9,3.79,5.0,0,0.0,219.96,249.08,5,1,5.0
ORD103308,2025-01-09,West Bengal,Siliguri,Electronics,Van,8,1.5,48.0,84.6,Normal,10.4,3.69,4.3,0,0.0,191.73,231.27,43,0,5.0
ORD103309,2025-12-11,Telangana,Warangal,Home & Kitchen,Bike,6,0.59,123.5,88.05,Normal,1.0,2.52,2.5,1,0.02,260.4,278.07,5,1,4.2
ORD103310,2025-07-07,Tamil Nadu,Chennai,Beauty,Bike,4,3.48,34.3,86.34,Rain,7.8,3.68,3.0,1,0.68,154.9,190.98,23,0,3.4
ORD103311,2025-05-27,West Bengal,Siliguri,Grocery,Bike,7,4.4,77.9,87.27,Normal,10.3,1.97,2.9,0,0.0,209.58,249.25,5,1,3.1
ORD103312,2025-12-06,Delhi,Rohini,Electronics,Van,4,2.43,104.7,84.7,Rain,5.4,5.23,5.4,0,0.0,188.25,225.59,5,1,5.0
ORD103313,2025-03-24,Telangana,Warangal,Books,Bike,10,1.81,35.5,87.53,Normal,10.2,2.23,3.1,0,0.0,242.99,304.03,93,0,5.0
ORD103314,2025-05-28,Tamil Nadu,Chennai,Home & Kitchen,Bike,7,1.12,84.4,88.52,Heavy Rain,6.1,6.34,7.9,0,0.0,218.0,251.8,5,1,4.2
ORD103315,2025-11-06,Gujarat,Ahmedabad,Home & Kitchen,Van,7,1.17,97.7,84.2,Rain,8.6,5.77,5.9,0,0.0,246.99,282.9,5,1,5.0
ORD103316,2025-08-19,Maharashtra,Mumbai,Home & Kitchen,Bike,2,4.04,56.3,87.47,Normal,3.1,1.34,3.9,0,0.0,99.4,87.32,5,1,3.3
ORD103317,2025-05-26,Maharashtra,Mumbai,Home & Kitchen,Truck,7,1.24,44.8,88.64,Normal,10.0,2.88,3.5,0,0.0,128.77,172.73,17,1,4.9
ORD103318,2025-04-04,Karnataka,Bengaluru,Grocery,Van,7,7.45,79.9,84.62,Normal,8.5,3.5,4.9,0,0.0,225.53,283.63,5,1,4.7
ORD103319,2025-01-13,Karnataka,Mysuru,Electronics,Bike,6,3.73,62.6,87.28,Normal,8.3,3.84,4.1,0,0.0,211.42,242.05,5,1,4.1
ORD103320,2025-02-01,Telangana,Hyderabad,Home & Kitchen,Truck,5,2.51,191.8,87.11,Normal,7.0,5.25,6.5,0,0.0,330.81,369.34,5,1,5.0
ORD103321,2025-03-01,Gujarat,Ahmedabad,Electronics,Van,7,11.76,105.8,87.66,Normal,11.7,3.06,2.9,1,0.16,265.11,319.07,5,1,3.8
ORD103322,2025-10-15,Telangana,Nizamabad,Books,Truck,5,4.61,63.9,86.53,Heavy Rain,8.1,6.73,8.0,0,0.0,194.25,208.36,5,1,5.0
ORD103323,2025-08-22,Maharashtra,Nagpur,Sports,Van,4,1.52,73.4,84.4,Normal,9.1,4.68,7.6,0,0.0,171.43,187.07,5,1,5.0
ORD103324,2025-06-08,Karnataka,Bengaluru,Grocery,Van,6,1.04,46.9,86.31,Normal,6.0,1.93,1.7,1,0.23,128.19,147.72,9,1,3.9
ORD103325,2025-10-13,West Bengal,Siliguri,Beauty,Van,8,1.53,148.4,86.03,Normal,9.5,4.4,3.0,1,1.4,259.11,322.25,5,1,4.3
ORD103326,2025-02-28,Delhi,Rohini,Sports,Van,1,1.88,111.9,86.91,Normal,9.6,2.95,3.1,0,0.0,160.9,181.74,5,0,4.5
ORD103327,2025-03-18,Maharashtra,Pune,Home & Kitchen,Van,8,1.23,200.2,89.2,Rain,12.1,5.09,6.1,0,0.0,296.03,343.21,5,1,4.7
ORD103328,2025-05-24,Tamil Nadu,Coimbatore,Electronics,Bike,2,0.97,84.2,84.36,Normal,1.0,1.68,2.5,0,0.0,207.68,218.11,50,0,4.0
ORD103329,2025-12-01,Gujarat,Surat,Beauty,Bike,7,2.35,65.8,88.77,Normal,8.3,1.73,2.1,0,0.0,167.92,206.38,5,1,4.6
ORD103330,2025-08-13,Delhi,New Delhi,Home & Kitchen,Bike,4,2.0,86.2,90.23,Normal,3.3,1.19,2.9,0,0.0,173.21,202.56,5,1,4.6
ORD103331,2025-11-07,Maharashtra,Pune,Fashion,Van,5,6.74,195.3,90.12,Rain,6.7,5.31,5.6,0,0.0,326.76,372.43,5,1,4.6
ORD103332,2025-04-01,Karnataka,Mangaluru,Fashion,Bike,5,2.12,55.5,90.27,Rain,5.8,2.78,4.3,0,0.0,165.44,182.07,54,0,5.0
ORD103333,2025-11-06,Delhi,Dwarka,Home & Kitchen,Truck,8,2.98,51.0,87.4,Rain,9.8,5.96,6.3,0,0.0,211.26,273.52,72,0,4.7
ORD103334,2025-01-27,Tamil Nadu,Coimbatore,Fashion,Bike,5,0.6,60.4,87.19,Normal,6.6,2.96,2.9,1,0.06,130.36,181.56,191,0,3.4
ORD103335,2025-03-25,West Bengal,Kolkata,Fashion,Van,3,3.52,46.3,83.8,Normal,4.7,2.89,3.7,0,0.0,100.45,139.24,5,1,4.8
ORD103336,2025-07-10,Gujarat,Vadodara,Electronics,Bike,10,1.05,90.2,86.67,Normal,10.1,4.37,5.2,0,0.0,248.96,318.12,28,1,4.2
ORD103337,2025-01-19,Tamil Nadu,Chennai,Books,Van,5,2.45,56.4,89.1,Rain,4.6,3.62,6.0,0,0.0,139.37,201.81,59,0,4.6
ORD103338,2025-11-10,Tamil Nadu,Madurai,Grocery,Truck,8,1.96,168.1,84.51,Heavy Rain,6.2,5.91,7.0,0,0.0,283.24,332.93,5,1,4.6
ORD103339,2025-11-13,Maharashtra,Mumbai,Electronics,Van,7,1.72,32.2,85.52,Normal,6.8,3.77,4.7,0,0.0,139.0,161.32,5,1,4.9
ORD103340,2025-07-17,Karnataka,Bengaluru,Electronics,Van,3,0.77,113.6,87.27,Normal,5.8,2.53,3.3,0,0.0,163.07,167.85,5,1,4.6
ORD103341,2025-04-22,Karnataka,Bengaluru,Electronics,Van,5,1.23,154.7,84.1,Normal,7.5,3.61,3.8,0,0.0,212.42,247.44,5,1,4.8
ORD103342,2025-02-06,Maharashtra,Pune,Electronics,Bike,6,1.08,31.4,90.37,Normal,7.8,2.81,3.3,0,0.0,116.04,125.23,5,1,4.6
ORD103343,2025-08-14,Tamil Nadu,Madurai,Electronics,Van,7,1.37,102.5,88.14,Normal,6.2,3.73,4.0,0,0.0,214.74,274.91,5,1,5.0
ORD103344,2025-07-16,Tamil Nadu,Coimbatore,Electronics,Van,9,4.34,136.8,87.71,Normal,9.4,4.54,5.4,0,0.0,325.15,380.92,5,1,4.3
ORD103345,2025-10-05,Gujarat,Ahmedabad,Books,Bike,5,1.6,21.1,88.55,Rain,7.3,2.93,2.2,1,0.73,174.61,192.26,182,0,3.6
ORD103346,2025-08-08,Rajasthan,Jaipur,Books,Van,6,1.3,40.7,86.49,Normal,7.4,3.43,2.6,1,0.83,175.94,188.54,202,0,4.2
ORD103347,2025-02-16,Maharashtra,Mumbai,Books,Van,7,3.07,148.3,87.61,Normal,4.1,3.18,3.2,0,0.0,282.8,309.48,5,1,4.3
ORD103348,2025-02-14,West Bengal,Durgapur,Beauty,Bike,5,2.49,148.7,85.35,Normal,8.3,2.39,2.3,1,0.09,275.51,305.59,5,1,4.4
ORD103349,2025-10-13,Telangana,Nizamabad,Grocery,Bike,5,7.55,71.4,82.94,Normal,9.2,2.01,3.0,0,0.0,200.45,253.41,5,1,3.8
ORD103350,2025-02-28,Rajasthan,Udaipur,Grocery,Van,4,3.89,86.3,87.06,Normal,8.8,2.69,2.9,0,0.0,192.79,236.41,5,1,4.6
ORD103351,2025-12-09,Gujarat,Vadodara,Sports,Van,4,0.55,110.3,89.97,Normal,6.9,3.44,4.6,0,0.0,208.77,249.44,5,1,4.8
ORD103352,2025-02-08,West Bengal,Kolkata,Grocery,Van,7,3.4,133.9,90.14,Normal,10.6,5.0,5.1,0,0.0,278.45,289.96,5,1,3.9
ORD103353,2025-09-23,Maharashtra,Pune,Grocery,Van,8,3.15,81.2,86.79,Normal,9.4,3.25,5.9,0,0.0,249.39,289.74,5,1,4.7
ORD103354,2025-12-22,West Bengal,Kolkata,Books,Bike,4,5.92,133.9,86.64,Rain,6.1,4.64,5.1,0,0.0,259.73,288.15,5,1,3.4
ORD103355,2025-06-11,Gujarat,Surat,Beauty,Bike,5,1.77,14.3,84.34,Rain,6.8,2.17,3.2,0,0.0,99.97,111.28,251,0,4.5
ORD103356,2025-01-21,Delhi,Dwarka,Home & Kitchen,Bike,13,4.11,65.2,89.06,Normal,8.6,3.63,3.7,0,0.0,291.62,352.32,102,0,5.0
ORD103357,2025-11-16,Tamil Nadu,Madurai,Electronics,Bike,4,1.6,108.7,87.91,Normal,4.2,2.64,2.9,0,0.0,176.35,191.91,5,1,4.0
ORD103358,2025-03-10,Tamil Nadu,Coimbatore,Fashion,Bike,6,2.43,93.9,86.82,Rain,9.2,4.15,5.2,0,0.0,227.87,255.11,5,1,4.5
ORD103359,2025-07-12,Maharashtra,Mumbai,Electronics,Bike,10,1.01,177.5,83.61,Normal,8.0,3.47,4.2,0,0.0,318.94,367.27,5,1,4.0
ORD103360,2025-12-26,Delhi,Dwarka,Electronics,Van,8,0.82,40.4,83.92,Rain,9.7,4.42,5.8,0,0.0,141.6,168.92,105,0,4.9
ORD103361,2025-09-29,West Bengal,Durgapur,Electronics,Van,7,3.54,37.9,87.41,Normal,12.6,3.83,5.4,0,0.0,139.47,122.57,155,0,5.0
ORD103362,2025-01-17,Delhi,Dwarka,Home & Kitchen,Bike,8,2.02,190.9,84.4,Normal,10.7,3.75,6.3,0,0.0,377.43,433.5,5,1,4.8
ORD103363,2025-10-27,Telangana,Hyderabad,Sports,Van,6,0.88,23.3,88.15,Normal,4.8,2.74,4.1,0,0.0,107.72,143.94,221,0,4.9
ORD103364,2025-02-28,Delhi,Dwarka,Fashion,Bike,5,3.42,121.4,88.25,Rain,5.8,2.08,2.8,0,0.0,252.83,275.38,5,1,4.1
ORD103365,2025-10-01,Karnataka,Mysuru,Home & Kitchen,Van,5,0.34,113.7,84.83,Normal,8.2,3.07,3.4,0,0.0,221.77,272.23,5,1,4.5
ORD103366,2025-08-15,Gujarat,Vadodara,Fashion,Truck,5,1.19,53.5,87.29,Normal,8.0,3.76,3.8,0,0.0,175.41,196.82,5,1,3.9
ORD103367,2025-04-16,Telangana,Nizamabad,Home & Kitchen,Van,5,0.68,187.4,85.52,Normal,10.2,2.8,3.1,0,0.0,251.58,275.78,5,1,4.0
ORD103368,2025-06-04,West Bengal,Kolkata,Grocery,Bike,7,4.39,74.2,88.91,Rain,7.1,2.51,3.4,0,0.0,203.15,255.84,5,1,4.4
ORD103369,2025-02-13,Maharashtra,Nagpur,Grocery,Bike,4,1.52,79.1,93.14,Rain,3.5,2.67,4.4,0,0.0,142.17,159.76,5,1,5.0
ORD103370,2025-12-27,Delhi,New Delhi,Electronics,Van,6,2.12,41.1,87.01,Normal,5.1,2.16,3.2,0,0.0,182.31,214.77,191,0,4.0
ORD103371,2025-03-28,Maharashtra,Nagpur,Beauty,Bike,6,2.45,45.4,89.89,Normal,10.4,4.83,5.3,0,0.0,200.62,208.14,5,1,4.7
ORD103372,2025-04-23,West Bengal,Durgapur,Electronics,Truck,10,3.41,36.3,89.09,Normal,9.3,4.68,4.3,1,0.38,207.05,257.04,199,0,3.4
ORD103373,2025-07-03,West Bengal,Siliguri,Grocery,Van,4,3.16,830.4,87.1,Normal,8.9,2.76,2.8,0,0.0,1262.7,276.18,5,1,3.8
ORD103374,2025-09-03,Maharashtra,Nagpur,Sports,Bike,7,3.39,101.1,88.21,Normal,7.0,3.96,4.9,0,0.0,240.16,274.61,104,0,5.0
ORD103375,2025-07-04,Tamil Nadu,Coimbatore,Sports,Van,3,1.69,13.7,84.98,Normal,4.5,2.53,3.7,0,0.0,88.08,96.32,212,0,5.0
ORD103376,2025-07-04,Delhi,Dwarka,Home & Kitchen,Van,6,3.51,143.4,87.51,Normal,9.2,3.53,5.1,0,0.0,264.93,308.93,5,1,4.1
ORD103377,2025-08-01,Maharashtra,Nagpur,Grocery,Van,5,1.32,68.6,86.73,Rain,3.6,4.84,6.4,0,0.0,179.46,209.45,5,1,4.3
ORD103378,2025-11-10,Telangana,Warangal,Books,Truck,9,1.55,22.6,89.73,Normal,9.6,2.26,2.1,1,0.16,135.98,190.45,179,0,4.0
ORD103379,2025-05-25,Maharashtra,Pune,Books,Truck,4,2.0,179.7,86.16,Normal,10.6,3.0,3.1,0,0.0,264.26,280.06,5,1,4.0
ORD103380,2025-10-31,Karnataka,Mysuru,Home & Kitchen,Bike,6,5.99,59.6,85.39,Heavy Rain,2.2,5.28,6.7,0,0.0,192.48,246.13,5,1,4.8
ORD103381,2025-10-15,Maharashtra,Pune,Fashion,Bike,5,1.06,59.4,85.47,Normal,4.6,1.7,3.3,0,0.0,150.58,174.42,5,1,3.6
ORD103382,2025-12-17,Telangana,Hyderabad,Home & Kitchen,Bike,4,5.04,72.0,88.85,Normal,7.0,2.21,2.9,0,0.0,175.73,192.56,5,1,4.2
ORD103383,2025-11-30,Rajasthan,Jaipur,Electronics,Van,6,2.86,135.7,86.98,Normal,6.3,4.75,6.9,0,0.0,275.99,321.43,5,1,4.3
ORD103384,2025-10-19,Tamil Nadu,Madurai,Grocery,Van,3,2.29,52.9,84.29,Normal,6.0,1.9,3.6,0,0.0,133.85,149.47,111,0,4.8
ORD103385,2025-04-01,West Bengal,Durgapur,Fashion,Bike,8,2.56,160.0,89.16,Rain,13.7,4.83,6.1,0,0.0,268.57,321.52,5,1,5.0
ORD103386,2025-10-10,Maharashtra,Pune,Home & Kitchen,Truck,8,1.01,36.3,84.62,Normal,6.3,3.84,4.9,0,0.0,172.74,211.47,230,0,3.9
ORD103387,2025-09-26,West Bengal,Kolkata,Books,Bike,4,5.72,56.9,86.36,Rain,6.6,3.53,2.7,1,0.83,162.25,193.66,5,1,3.8
ORD103388,2025-04-16,Gujarat,Vadodara,Fashion,Truck,9,1.59,10.5,86.97,Normal,5.9,3.48,3.3,1,0.18,161.68,182.81,165,0,4.2
ORD103389,2025-09-05,West Bengal,Durgapur,Sports,Truck,7,3.89,60.5,85.39,Normal,4.4,4.82,5.4,0,0.0,195.74,242.59,40,0,4.4
ORD103390,2025-04-03,Rajasthan,Jaipur,Books,Bike,6,1.41,26.9,84.31,Rain,8.4,4.2,6.4,0,0.0,148.94,168.52,148,0,4.4
ORD103391,2025-07-10,Delhi,New Delhi,Books,Bike,6,0.79,30.8,88.84,Normal,3.2,1.37,3.3,0,0.0,105.64,106.07,27,0,4.9
ORD103392,2025-10-18,Tamil Nadu,Coimbatore,Books,Bike,4,7.31,27.8,88.56,Normal,4.0,0.93,1.0,0,0.0,115.54,151.44,95,0,3.5
ORD103393,2025-03-10,Gujarat,Surat,Electronics,Truck,6,1.36,73.8,87.49,Normal,7.4,3.44,5.0,0,0.0,182.11,217.32,5,1,4.4
ORD103394,2025-05-03,West Bengal,Kolkata,Electronics,Van,7,2.72,72.3,88.06,Normal,9.2,3.29,3.2,1,0.09,195.88,247.76,5,1,4.0
ORD103395,2025-10-18,Telangana,Hyderabad,Sports,Truck,5,0.28,119.3,84.35,Normal,4.6,3.49,1.8,1,1.69,185.71,238.93,5,1,3.8
ORD103396,2025-06-15,West Bengal,Kolkata,Electronics,Van,5,2.0,58.3,88.36,Normal,5.1,2.02,4.5,0,0.0,109.65,125.55,5,1,4.1
ORD103397,2025-12-17,Gujarat,Ahmedabad,Fashion,Van,7,2.98,105.3,88.17,Normal,3.7,3.0,1.7,1,1.3,241.43,299.55,5,1,4.3
ORD103398,2025-01-03,Tamil Nadu,Madurai,Beauty,Truck,5,2.21,79.7,88.23,Normal,8.3,3.58,1.7,1,1.88,171.35,205.4,5,1,3.9
ORD103399,2025-09-21,West Bengal,Durgapur,Home & Kitchen,Van,5,1.89,49.3,88.23,Normal,7.1,3.03,4.0,0,0.0,160.3,176.14,60,0,2.7
ORD103400,2025-10-25,Gujarat,Surat,Home & Kitchen,Van,9,1.76,139.1,89.24,Normal,8.4,4.03,4.4,0,0.0,291.34,329.15,5,1,4.8
ORD103401,2025-12-02,West Bengal,Kolkata,Fashion,Van,5,3.55,43.4,87.25,Normal,3.9,3.67,4.7,0,0.0,173.36,186.55,126,0,4.4
ORD103402,2025-02-27,West Bengal,Durgapur,Fashion,Bike,4,0.87,19.7,87.58,Normal,8.5,3.39,5.8,0,0.0,79.68,103.6,82,0,5.0
ORD103403,2025-12-26,Gujarat,Vadodara,Grocery,Bike,12,1.73,11.5,85.08,Heavy Rain,8.2,5.86,7.4,0,0.0,199.83,238.16,360,0,5.0
ORD103404,2025-05-24,Tamil Nadu,Madurai,Electronics,Bike,6,5.12,51.5,88.72,Normal,9.9,2.33,3.5,0,0.0,236.08,272.69,5,1,4.5
ORD103405,2025-05-09,Gujarat,Surat,Fashion,Van,10,0.77,65.1,86.29,Heavy Rain,7.0,4.92,4.8,1,0.12,227.04,267.16,142,0,3.5
ORD103406,2025-05-10,Delhi,New Delhi,Home & Kitchen,Van,4,1.88,65.8,86.43,Rain,7.4,2.58,2.8,0,0.0,193.01,231.17,5,1,5.0
ORD103407,2025-08-21,Delhi,Dwarka,Beauty,Van,8,0.98,10.4,86.78,Normal,6.0,3.29,4.5,0,0.0,163.65,191.13,50,0,5.0
ORD103408,2025-08-29,Maharashtra,Mumbai,Electronics,Bike,2,2.45,93.1,85.6,Normal,8.4,2.42,2.7,0,0.0,138.57,154.93,5,1,4.7
ORD103409,2025-06-22,West Bengal,Kolkata,Home & Kitchen,Van,7,2.06,57.8,87.34,Normal,4.7,4.89,6.3,0,0.0,245.29,278.16,235,0,4.5
ORD103410,2025-01-26,Rajasthan,Udaipur,Books,Truck,6,1.09,114.8,89.03,Normal,8.0,4.3,5.2,0,0.0,256.67,305.2,5,1,5.0
ORD103411,2025-12-27,West Bengal,Siliguri,Home & Kitchen,Van,9,2.05,73.5,85.55,Rain,5.3,4.59,5.1,0,0.0,191.81,237.18,5,1,4.0
ORD103412,2025-03-23,Tamil Nadu,Madurai,Grocery,Truck,9,2.1,102.9,87.53,Normal,7.3,4.04,5.8,0,0.0,248.31,290.3,5,1,4.6
ORD103413,2025-02-04,Maharashtra,Pune,Home & Kitchen,Bike,8,1.36,24.6,88.77,Rain,9.6,3.61,4.1,0,0.0,206.36,269.87,216,0,4.3
ORD103414,2025-08-07,Maharashtra,Nagpur,Home & Kitchen,Bike,4,1.54,115.0,83.12,Normal,3.7,2.34,1.8,1,0.54,216.67,256.28,5,1,4.2
ORD103415,2025-05-31,Delhi,Dwarka,Home & Kitchen,Van,5,1.32,88.6,90.93,Normal,8.1,3.14,5.0,0,0.0,140.33,184.85,5,1,4.4
ORD103416,2025-08-13,Gujarat,Ahmedabad,Sports,Bike,10,0.46,44.5,86.77,Normal,10.4,2.3,3.0,0,0.0,193.07999999999998,245.31,5,1,4.4
ORD103417,2025-11-16,Telangana,Hyderabad,Fashion,Van,5,3.68,176.9,85.93,Normal,2.2,4.87,5.4,0,0.0,263.51,301.55,5,1,4.8
ORD103418,2025-02-05,Gujarat,Ahmedabad,Home & Kitchen,Van,6,4.38,255.5,87.77,Normal,8.8,3.04,3.6,0,0.0,410.84,477.89,5,1,5.0
ORD103419,2025-04-14,Maharashtra,Nagpur,Beauty,Bike,5,0.65,45.4,86.42,Normal,9.6,3.12,3.3,0,0.0,154.59,200.29,119,0,4.9
ORD103420,2025-07-08,Tamil Nadu,Chennai,Fashion,Truck,12,4.42,120.8,87.52,Normal,7.9,4.6,7.7,0,0.0,310.38,402.27,5,1,5.0
ORD103421,2025-10-15,West Bengal,Siliguri,Books,Bike,7,2.61,70.2,86.31,Normal,5.6,0.73,1.0,0,0.0,180.58,231.05,5,1,5.0
ORD103422,2025-08-08,Telangana,Nizamabad,Sports,Van,5,0.98,100.1,89.69,Normal,2.8,2.08,3.1,0,0.0,212.22,240.93,5,1,4.3
ORD103423,2025-05-20,Maharashtra,Pune,Beauty,Van,6,1.76,83.5,92.51,Normal,4.9,3.06,3.9,0,0.0,192.91,247.16,5,1,4.6
ORD103424,2025-08-11,Tamil Nadu,Madurai,Fashion,Van,6,1.27,118.3,88.99,Normal,9.8,3.17,4.6,0,0.0,230.88,249.91,5,1,4.4
ORD103425,2025-12-24,Maharashtra,Mumbai,Fashion,Bike,9,3.67,13.7,88.06,Rain,7.5,3.92,4.3,0,0.0,191.37,219.41,129,0,4.5
ORD103426,2025-06-25,Gujarat,Surat,Sports,Truck,7,1.11,98.1,86.72,Normal,8.8,3.5,5.3,0,0.0,222.65,235.8,5,1,4.3
ORD103427,2025-11-19,Gujarat,Ahmedabad,Fashion,Truck,5,8.0,86.5,89.63,Normal,6.1,3.96,4.4,0,0.0,187.28,221.96,5,1,4.4
ORD103428,2025-10-12,Gujarat,Ahmedabad,Home & Kitchen,Van,8,4.28,75.8,86.35,Rain,8.0,4.44,4.7,0,0.0,247.91,282.77,5,1,4.3
ORD103429,2025-04-20,West Bengal,Kolkata,Sports,Van,9,0.91,150.2,88.32,Heavy Rain,11.4,6.9,7.7,0,0.0,316.59,363.53,5,1,4.1
ORD103430,2025-04-02,Rajasthan,Udaipur,Sports,Van,8,5.84,31.5,86.82,Normal,11.9,4.57,5.6,0,0.0,245.72,278.22,110,0,3.1
ORD103431,2025-10-09,Maharashtra,Nagpur,Fashion,Van,6,3.24,114.5,85.5,Normal,7.9,3.8,5.5,0,0.0,217.99,239.27,5,1,4.5
ORD103432,2025-03-17,Maharashtra,Nagpur,Fashion,Van,7,1.83,41.7,87.39,Normal,7.2,2.9,2.4,1,0.5,200.74,243.12,51,0,4.8
ORD103433,2025-05-03,Maharashtra,Nagpur,Grocery,Van,7,3.12,50.8,86.02,Rain,5.8,4.78,6.3,0,0.0,216.38,247.14,66,0,4.8
ORD103434,2025-03-27,Maharashtra,Nagpur,Books,Truck,9,3.67,45.3,90.46,Normal,10.6,3.74,5.3,0,0.0,232.89,277.44,155,0,4.4
ORD103435,2025-08-10,Tamil Nadu,Madurai,Fashion,Van,5,1.23,74.9,86.45,Normal,6.6,2.55,3.9,0,0.0,176.9,185.78,5,1,3.8
ORD103436,2025-04-18,Maharashtra,Mumbai,Home & Kitchen,Bike,7,3.47,115.7,87.59,Rain,11.1,3.86,4.5,0,0.0,225.08,251.65,5,1,4.0
ORD103437,2025-08-29,Karnataka,Mangaluru,Home & Kitchen,Truck,6,1.52,70.5,86.67,Normal,3.1,4.12,4.4,0,0.0,175.06,201.46,5,1,3.5
ORD103438,2025-12-08,Delhi,Rohini,Home & Kitchen,Bike,9,3.42,127.9,85.62,Normal,7.5,4.19,5.3,0,0.0,255.33,313.78,22,1,4.7
ORD103439,2025-10-30,Gujarat,Ahmedabad,Electronics,Bike,4,1.84,55.6,89.09,Rain,6.3,3.45,4.4,0,0.0,108.23,172.32,15,1,4.1
ORD103440,2025-12-13,Telangana,Hyderabad,Books,Truck,4,1.05,21.4,87.7,Normal,7.8,3.55,2.9,1,0.65,127.94,158.11,52,0,4.5
ORD103441,2025-01-09,Delhi,Rohini,Electronics,Bike,4,3.03,83.0,92.1,Rain,3.5,2.76,4.3,0,0.0,157.54,195.24,5,1,3.2
ORD103442,2025-06-16,West Bengal,Siliguri,Fashion,Bike,6,1.57,62.3,89.78,Rain,6.9,4.5,4.6,0,0.0,125.32,169.64,113,0,4.2
ORD103443,2025-03-22,Gujarat,Ahmedabad,Books,Van,10,2.23,174.3,88.03,Normal,11.2,3.93,4.1,0,0.0,335.97,372.48,5,1,5.0
ORD103444,2025-12-02,West Bengal,Kolkata,Fashion,Truck,6,2.63,34.7,88.58,Normal,8.2,3.35,5.0,0,0.0,174.76,228.18,5,1,3.8
ORD103445,2025-09-17,Maharashtra,Pune,Home & Kitchen,Bike,9,5.23,92.3,87.77,Normal,9.6,2.16,3.0,0,0.0,275.26,326.12,125,0,3.8
ORD103446,2025-04-27,West Bengal,Kolkata,Sports,Van,5,1.52,70.7,86.1,Normal,4.9,3.83,4.4,0,0.0,145.89,190.43,5,1,4.2
ORD103447,2025-07-25,Delhi,Rohini,Electronics,Bike,4,1.16,23.0,85.37,Normal,6.0,1.42,1.8,0,0.0,96.23,99.59,104,0,3.9
ORD103448,2025-08-09,Karnataka,Mysuru,Sports,Van,4,5.87,16.9,86.07,Normal,4.5,1.83,2.3,0,0.0,141.68,163.81,220,0,4.3
ORD103449,2025-06-30,Delhi,New Delhi,Electronics,Bike,8,2.02,17.9,90.39,Normal,10.6,1.49,2.2,0,0.0,181.8,226.35,183,0,3.2
ORD103450,2025-06-23,Karnataka,Mangaluru,Fashion,Bike,5,1.41,115.6,88.46,Rain,8.0,4.1,6.3,0,0.0,223.52,256.06,5,1,5.0
ORD103451,2025-01-21,Tamil Nadu,Madurai,Grocery,Truck,8,2.55,69.4,88.98,Normal,8.4,3.88,2.8,1,1.08,232.82,263.84,5,1,4.3
ORD103452,2025-06-15,Tamil Nadu,Madurai,Fashion,Van,2,1.61,101.4,89.44,Normal,6.3,3.19,6.2,0,0.0,160.05,154.04,5,1,4.2
ORD103453,2025-05-08,West Bengal,Siliguri,Beauty,Truck,10,2.0,104.5,87.68,Normal,11.7,4.46,7.3,0,0.0,273.58,344.71,5,1,3.5
ORD103454,2025-10-26,Karnataka,Bengaluru,Home & Kitchen,Truck,7,10.73,11.7,86.96,Rain,13.8,4.71,5.1,0,0.0,194.59,240.64,129,0,4.0
ORD103455,2025-11-12,Delhi,Rohini,Beauty,Truck,7,1.06,192.0,91.7,Normal,7.8,4.01,4.9,0,0.0,279.77,328.41,5,1,4.9
ORD103456,2025-10-01,Tamil Nadu,Madurai,Electronics,Van,9,0.79,132.9,89.03,Normal,8.5,3.24,4.1,0,0.0,229.51,293.63,5,1,4.9
ORD103457,2025-01-12,West Bengal,Siliguri,Books,Bike,3,4.47,68.9,85.09,Rain,7.6,3.76,5.4,0,0.0,139.59,151.45,5,1,4.1
ORD103458,2025-11-04,Delhi,New Delhi,Beauty,Truck,10,1.57,97.0,84.94,Normal,12.3,3.33,4.2,0,0.0,237.39,282.18,36,1,4.7
ORD103459,2025-05-25,Maharashtra,Pune,Fashion,Van,3,2.48,29.0,89.47,Normal,8.3,2.07,3.1,0,0.0,145.49,167.27,5,1,3.6
ORD103460,2025-06-01,West Bengal,Siliguri,Electronics,Bike,4,3.05,24.8,86.54,Normal,7.8,2.79,4.6,0,0.0,120.39,113.22,23,0,4.4
ORD103461,2025-12-11,West Bengal,Kolkata,Fashion,Van,6,0.65,63.3,87.91,Rain,9.1,4.94,3.9,1,1.04,149.68,184.31,5,1,3.1
ORD103462,2025-11-13,Tamil Nadu,Coimbatore,Beauty,Bike,6,4.23,43.2,84.22,Normal,8.7,2.08,2.6,0,0.0,166.44,170.15,100,0,4.7
ORD103463,2025-01-19,Karnataka,Mangaluru,Home & Kitchen,Van,4,2.0,72.4,87.34,Normal,3.1,3.61,4.5,0,0.0,164.57,171.67,5,1,4.2
ORD103464,2025-05-12,Telangana,Nizamabad,Grocery,Van,4,6.92,51.2,89.83,Normal,9.9,3.0,3.4,0,0.0,158.69,174.98,88,0,4.3
ORD103465,2025-10-01,Maharashtra,Pune,Electronics,Van,7,1.2,126.5,87.23,Normal,5.6,3.52,2.7,1,0.82,231.2,284.84,5,1,3.8
ORD103466,2025-07-16,Telangana,Nizamabad,Home & Kitchen,Bike,10,5.57,95.4,86.11,Normal,9.0,3.91,4.7,0,0.0,266.21,286.89,5,1,3.5
ORD103467,2025-04-05,Maharashtra,Nagpur,Grocery,Bike,8,6.27,45.2,87.79,Normal,6.6,2.54,2.8,0,0.0,213.63,261.94,22,1,4.5
ORD103468,2025-07-11,Delhi,Rohini,Electronics,Truck,8,1.46,105.3,88.3,Rain,7.3,4.89,5.2,0,0.0,234.6,304.93,5,1,5.0
ORD103469,2025-11-13,Gujarat,Ahmedabad,Home & Kitchen,Van,7,1.78,29.7,87.62,Normal,8.3,4.02,4.7,0,0.0,145.18,180.31,91,0,4.5
ORD103470,2025-03-23,Karnataka,Bengaluru,Grocery,Van,7,2.0,67.7,85.43,Normal,11.0,3.09,2.3,1,0.79,173.1,206.5,59,0,4.4
ORD103471,2025-09-30,West Bengal,Kolkata,Grocery,Van,4,5.41,128.4,88.99,Normal,6.0,3.04,3.5,0,0.0,242.93,273.89,5,1,4.3
ORD103472,2025-09-26,Tamil Nadu,Coimbatore,Electronics,Truck,6,2.26,13.9,87.27,Normal,11.0,3.2,3.3,0,0.0,122.82,134.88,238,0,4.6
ORD103473,2025-11-20,Rajasthan,Jodhpur,Electronics,Van,8,2.85,154.5,88.63,Normal,4.1,4.64,4.2,1,0.44,307.55,357.25,5,1,4.1
ORD103474,2025-04-19,Rajasthan,Jaipur,Fashion,Van,10,1.83,52.8,86.57,Normal,5.6,3.78,4.9,0,0.0,254.44,305.35,29,1,4.8
ORD103475,2025-03-20,Maharashtra,Nagpur,Beauty,Bike,7,2.74,130.0,90.59,Rain,5.7,2.51,2.1,1,0.41,229.55,328.16,5,1,4.4
ORD103476,2025-07-19,Telangana,Hyderabad,Fashion,Truck,3,2.86,52.9,89.64,Rain,8.3,4.97,6.2,0,0.0,130.8,176.36,5,1,3.7
ORD103477,2025-07-13,Karnataka,Mangaluru,Grocery,Van,7,1.37,19.4,87.72,Normal,5.3,2.5,4.0,0,0.0,104.93,132.71,127,0,4.1
ORD103478,2025-05-30,Maharashtra,Pune,Grocery,Van,8,6.37,46.9,88.93,Rain,5.4,3.79,4.4,0,0.0,204.51,227.06,111,0,4.8
ORD103479,2025-10-12,Delhi,Rohini,Sports,Bike,5,1.76,145.6,91.35,Normal,11.5,3.72,5.4,0,0.0,290.18,332.69,5,1,4.7
ORD103480,2025-10-19,Tamil Nadu,Chennai,Fashion,Van,6,3.93,78.9,90.53,Normal,7.2,2.95,5.7,0,0.0,218.38,250.92,94,0,4.5
ORD103481,2025-03-31,Tamil Nadu,Chennai,Electronics,Van,8,0.89,131.8,91.15,Normal,11.6,4.27,5.5,0,0.0,244.37,297.59,5,1,5.0
ORD103482,2025-10-18,Gujarat,Vadodara,Home & Kitchen,Van,3,3.14,53.9,89.54,Rain,9.0,3.52,3.9,0,0.0,150.96,153.76,5,1,4.6
ORD103483,2025-03-26,Karnataka,Mysuru,Electronics,Van,4,4.02,38.8,87.49,Normal,8.9,2.97,4.7,0,0.0,113.72,109.34,56,0,4.7
ORD103484,2025-05-29,Delhi,Dwarka,Fashion,Van,6,2.39,126.8,89.54,Normal,10.5,2.72,1.7,1,1.02,212.35,257.32,5,1,3.1
ORD103485,2025-01-10,Karnataka,Bengaluru,Sports,Bike,6,2.0,68.7,91.55,Heavy Rain,6.9,5.36,8.2,0,0.0,210.9,235.75,5,1,5.0
ORD103486,2025-05-05,West Bengal,Siliguri,Fashion,Truck,6,1.27,87.4,89.6,Normal,4.4,5.35,6.1,0,0.0,189.2,231.36,5,1,4.6
ORD103487,2025-12-16,Karnataka,Bengaluru,Electronics,Bike,4,2.74,92.0,87.04,Rain,8.0,2.58,3.5,0,0.0,179.89,190.61,5,1,4.5
ORD103488,2025-06-11,Rajasthan,Udaipur,Beauty,Van,8,0.75,13.0,88.66,Rain,7.0,4.86,4.2,1,0.66,146.24,196.14,316,0,4.9
ORD103489,2025-09-17,Tamil Nadu,Coimbatore,Sports,Bike,7,2.22,108.0,89.93,Normal,9.2,3.3,4.8,0,0.0,227.41,249.02,5,1,4.4
ORD103490,2025-02-09,West Bengal,Kolkata,Home & Kitchen,Bike,4,1.2,30.0,88.88,Normal,8.8,2.97,3.8,0,0.0,150.72,182.87,80,0,5.0
ORD103491,2025-08-20,Delhi,Dwarka,Books,Truck,9,1.93,16.7,89.96,Normal,6.4,3.64,4.2,0,0.0,133.0,177.96,266,0,5.0
ORD103492,2025-05-16,Rajasthan,Jodhpur,Books,Bike,3,4.94,48.5,87.49,Normal,5.2,1.5,1.6,0,0.0,124.18,138.36,5,1,4.4
ORD103493,2025-09-29,Rajasthan,Jodhpur,Fashion,Truck,7,6.23,61.5,88.23,Rain,8.0,4.55,4.5,1,0.05,217.34,263.14,35,0,3.2
ORD103494,2025-12-05,Delhi,Rohini,Beauty,Bike,5,0.87,164.7,89.25,Normal,10.0,2.4,2.4,0,0.0,227.07,263.51,5,1,4.1
ORD103495,2025-07-14,Karnataka,Mysuru,Fashion,Van,3,4.52,112.0,89.35,Normal,4.6,3.8,3.0,1,0.8,183.21,203.9,5,1,4.5
ORD103496,2025-02-07,Delhi,Dwarka,Home & Kitchen,Bike,7,5.0,15.8,87.53,Normal,12.6,2.33,3.2,0,0.0,183.01,212.31,94,0,4.3
ORD103497,2025-06-23,Gujarat,Surat,Fashion,Van,4,2.49,86.8,84.28,Normal,2.6,3.1,5.2,0,0.0,158.09,176.93,5,1,3.8
ORD103498,2025-02-14,Gujarat,Ahmedabad,Electronics,Truck,6,4.87,68.2,83.52,Normal,11.7,3.64,4.7,0,0.0,219.03,263.74,5,1,4.6
ORD103499,2025-06-14,Gujarat,Vadodara,Grocery,Van,6,1.54,34.0,88.63,Normal,7.9,2.48,2.4,1,0.08,114.16,161.51,56,0,3.4
ORD103500,2025-01-23,Tamil Nadu,Chennai,Books,Van,8,1.44,104.2,89.06,Rain,9.3,4.43,5.4,0,0.0,289.28,371.66,5,1,4.0
ORD103501,2025-08-22,West Bengal,Kolkata,Home & Kitchen,Van,8,1.45,164.2,88.38,Normal,9.4,3.94,2.3,1,1.64,311.96,378.65,5,1,3.2
ORD103502,2025-04-24,Tamil Nadu,Chennai,Beauty,Van,5,3.2,72.8,88.83,Normal,1.3,2.92,5.2,0,0.0,199.34,238.17,22,0,5.0
ORD103503,2025-03-15,West Bengal,Durgapur,Home & Kitchen,Bike,2,1.89,53.6,91.67,Normal,5.2,2.24,2.4,0,0.0,110.63,93.85,65,0,5.0
ORD103504,2025-01-07,West Bengal,Durgapur,Electronics,Van,5,1.26,75.6,87.91,Normal,6.5,3.36,4.5,0,0.0,174.02,200.76,6,1,3.8
ORD103505,2025-11-21,Tamil Nadu,Madurai,Grocery,Van,9,1.3,87.0,89.48,Normal,11.3,2.96,3.6,0,0.0,300.24,336.45,5,1,4.6
ORD103506,2025-11-02,Delhi,Rohini,Electronics,Van,4,2.02,220.9,91.87,Rain,6.4,5.64,6.9,0,0.0,276.64,296.14,5,1,4.8
ORD103507,2025-10-24,Gujarat,Vadodara,Books,Bike,2,1.16,41.4,86.99,Normal,9.4,0.7,3.5,0,0.0,90.59,118.99,5,1,4.1
ORD103508,2025-01-22,Telangana,Hyderabad,Home & Kitchen,Van,2,3.11,42.7,92.06,Rain,10.6,2.46,1.2,1,1.26,108.39,96.63,5,1,3.4
ORD103509,2025-05-08,Gujarat,Vadodara,Books,Truck,8,4.38,124.8,90.63,Rain,9.8,5.02,6.0,0,0.0,277.94,320.57,5,1,5.0
ORD103510,2025-12-21,Telangana,Hyderabad,Fashion,Van,3,3.79,50.0,88.35,Normal,7.0,3.44,4.4,0,0.0,156.54,148.3,5,1,3.8
ORD103511,2025-07-31,Telangana,Hyderabad,Fashion,Van,1,13.36,12.1,84.36,Normal,4.4,3.76,4.1,0,0.0,144.39,147.73,139,0,4.8
ORD103512,2025-02-16,West Bengal,Durgapur,Grocery,Truck,4,2.63,165.5,91.44,Normal,8.3,3.69,3.7,0,0.0,227.77,288.68,5,1,4.7
ORD103513,2025-02-21,Delhi,Dwarka,Beauty,Bike,6,6.06,159.9,92.14,Normal,7.1,2.84,4.4,0,0.0,193.07999999999998,336.32,5,1,5.0
ORD103514,2025-04-07,West Bengal,Kolkata,Home & Kitchen,Van,3,2.27,26.2,87.72,Normal,9.8,3.43,4.1,0,0.0,127.47,134.63,93,0,5.0
ORD103515,2025-12-21,West Bengal,Siliguri,Books,Van,4,1.68,73.0,92.29,Rain,3.0,4.8,5.5,0,0.0,163.41,200.19,5,1,3.6
ORD103516,2025-03-03,West Bengal,Kolkata,Fashion,Van,5,2.18,16.4,85.97,Normal,5.4,2.01,2.4,0,0.0,106.9,147.74,215,0,3.8
ORD103517,2025-11-26,Gujarat,Surat,Electronics,Truck,4,2.24,117.8,89.55,Normal,9.0,3.66,4.2,0,0.0,214.4,252.78,5,1,4.1
ORD103518,2025-09-05,Telangana,Warangal,Fashion,Van,5,1.86,114.4,88.72,Normal,11.3,3.91,5.2,0,0.0,206.92,222.05,5,1,4.5
ORD103519,2025-12-03,Rajasthan,Jodhpur,Beauty,Bike,5,1.0,69.3,86.66,Normal,8.7,2.61,3.8,0,0.0,165.17,188.68,5,1,3.5
ORD103520,2025-10-29,Rajasthan,Jodhpur,Beauty,Van,7,1.07,136.6,88.63,Normal,10.8,4.36,4.4,0,0.0,255.17,293.16,5,1,4.7
ORD103521,2025-05-02,Gujarat,Vadodara,Books,Bike,4,4.21,18.1,89.04,Normal,7.4,1.25,1.7,0,0.0,101.52,110.59,56,0,4.6
ORD103522,2025-10-30,West Bengal,Durgapur,Beauty,Truck,9,3.46,81.8,86.97,Rain,12.9,6.11,7.7,0,0.0,240.7,274.7,106,0,4.3
ORD103523,2025-03-03,Gujarat,Ahmedabad,Home & Kitchen,Bike,4,6.4,12.1,90.35,Normal,7.9,0.9,3.1,0,0.0,156.46,184.66,72,0,5.0
ORD103524,2025-04-17,Gujarat,Vadodara,Home & Kitchen,Van,9,1.56,33.4,87.93,Normal,9.7,3.28,5.5,0,0.0,200.29,235.09,122,0,4.8
ORD103525,2025-03-19,Gujarat,Vadodara,Electronics,Van,6,1.47,16.1,88.52,Normal,7.9,3.15,5.3,0,0.0,125.59,124.17,5,1,5.0
ORD103526,2025-02-18,West Bengal,Kolkata,Grocery,Bike,7,0.95,180.7,91.79,Normal,7.0,3.16,4.0,0,0.0,289.82,348.12,5,1,5.0
ORD103527,2025-02-02,West Bengal,Siliguri,Electronics,Bike,6,4.0,133.1,88.03,Normal,8.8,4.08,5.7,0,0.0,299.42,364.47,5,1,4.0
ORD103528,2025-03-10,Rajasthan,Jodhpur,Beauty,Van,4,1.13,13.2,85.15,Heavy Rain,7.3,4.95,6.0,0,0.0,80.05,101.78,89,0,4.8
ORD103529,2025-02-13,Maharashtra,Mumbai,Beauty,Bike,4,1.97,85.3,88.79,Rain,7.9,3.35,3.4,0,0.0,191.06,201.91,5,1,4.2
ORD103530,2025-05-19,Karnataka,Bengaluru,Books,Truck,5,2.47,13.3,89.46,Normal,1.6,3.31,3.9,0,0.0,151.74,213.01,132,0,4.9
ORD103531,2025-01-27,Tamil Nadu,Madurai,Electronics,Truck,6,0.73,108.1,88.85,Normal,5.2,3.98,4.5,0,0.0,186.26,230.8,5,1,4.3
ORD103532,2025-01-23,West Bengal,Kolkata,Home & Kitchen,Bike,7,3.34,123.8,90.85,Rain,6.7,3.28,4.8,0,0.0,250.84,305.24,5,1,4.3
ORD103533,2025-12-28,West Bengal,Durgapur,Sports,Truck,9,3.88,109.1,90.04,Normal,5.0,6.07,7.5,0,0.0,295.78,346.99,5,1,3.9
ORD103534,2025-02-02,Rajasthan,Udaipur,Beauty,Bike,4,2.41,85.0,88.26,Normal,4.5,3.86,4.5,0,0.0,158.86,175.25,5,1,4.8
ORD103535,2025-01-28,Gujarat,Vadodara,Fashion,Bike,6,1.9,61.3,90.61,Normal,9.2,2.93,3.4,0,0.0,179.47,221.76,5,1,5.0
ORD103536,2025-01-11,Rajasthan,Jodhpur,Grocery,Bike,5,1.97,81.3,90.21,Normal,7.9,2.48,2.6,0,0.0,148.21,163.42,5,1,3.9
ORD103537,2025-02-18,Maharashtra,Nagpur,Sports,Truck,6,5.0,34.4,90.17,Normal,10.3,3.95,4.4,0,0.0,157.17,186.76,52,0,3.4
ORD103538,2025-07-12,Maharashtra,Mumbai,Home & Kitchen,Van,3,2.08,85.4,89.13,Normal,8.7,1.78,2.4,0,0.0,198.53,218.97,5,1,4.9
ORD103539,2025-10-29,Karnataka,Mangaluru,Sports,Bike,5,1.99,55.0,89.95,Rain,9.6,2.03,3.0,0,0.0,127.19,172.8,96,0,5.0
ORD103540,2025-09-26,Tamil Nadu,Chennai,Electronics,Van,3,2.0,16.3,89.65,Normal,6.4,4.38,5.2,0,0.0,52.79,45.61,63,0,5.0
ORD103541,2025-07-31,West Bengal,Kolkata,Sports,Van,11,0.33,30.1,88.93,Rain,12.4,3.9,3.9,0,0.0,196.52,260.04,108,0,4.4
ORD103542,2025-02-01,Telangana,Nizamabad,Electronics,Van,8,4.11,123.3,90.35,Normal,7.0,3.86,4.1,0,0.0,284.09,342.47,5,1,4.4
ORD103543,2025-10-10,Rajasthan,Udaipur,Home & Kitchen,Van,9,2.01,17.9,90.51,Normal,11.8,4.21,4.8,0,0.0,158.89,205.82,166,0,4.8
ORD103544,2025-01-14,Tamil Nadu,Madurai,Electronics,Truck,3,1.14,76.7,90.53,Heavy Rain,8.5,5.66,6.8,0,0.0,142.5,182.17,5,1,4.0
ORD103545,2025-08-19,Karnataka,Mangaluru,Books,Van,9,7.94,52.4,90.66,Heavy Rain,10.9,5.34,5.6,0,0.0,255.02,280.35,203,0,4.1
ORD103546,2025-05-30,Karnataka,Bengaluru,Sports,Bike,6,2.68,29.8,85.52,Normal,7.5,2.16,1.5,1,0.66,180.72,187.22,41,0,4.4
ORD103547,2025-11-18,West Bengal,Durgapur,Home & Kitchen,Truck,7,1.76,138.6,91.22,Heavy Rain,6.1,6.69,6.4,1,0.29,193.07999999999998,298.71,5,1,3.2
ORD103548,2025-04-23,Maharashtra,Nagpur,Home & Kitchen,Bike,4,3.9,153.7,87.87,Heavy Rain,7.0,6.0,7.0,0,0.0,274.18,302.73,5,1,3.9
ORD103549,2025-08-22,Tamil Nadu,Coimbatore,Home & Kitchen,Van,6,2.56,19.7,91.64,Normal,3.7,3.75,4.9,0,0.0,139.08,169.97,70,0,3.7
ORD103550,2025-06-10,Karnataka,Bengaluru,Electronics,Van,7,2.53,78.1,87.2,Normal,10.5,3.86,4.0,0,0.0,191.5,213.99,5,1,4.1
ORD103551,2025-07-10,Tamil Nadu,Chennai,Books,Bike,10,1.36,58.0,92.51,Normal,7.6,1.6,1.4,1,0.2,180.39,235.87,145,0,3.7
ORD103552,2025-12-09,Gujarat,Vadodara,Electronics,Bike,10,3.17,76.0,85.76,Normal,7.9,3.6,3.0,1,0.6,210.2,256.71,148,0,3.7
ORD103553,2025-09-18,Maharashtra,Nagpur,Sports,Van,10,3.71,302.8,90.29,Normal,4.5,5.27,4.7,1,0.57,459.94,536.15,5,1,3.8
ORD103554,2025-06-01,West Bengal,Kolkata,Sports,Truck,10,2.0,52.8,89.07,Normal,6.1,4.05,4.4,0,0.0,245.13,308.51,98,0,4.9
ORD103555,2025-06-13,West Bengal,Kolkata,Electronics,Truck,10,0.59,38.3,90.58,Rain,15.2,6.61,5.9,1,0.71,171.12,223.7,188,0,3.8
ORD103556,2025-09-15,West Bengal,Durgapur,Beauty,Van,6,3.73,65.1,92.87,Normal,6.0,2.25,3.1,0,0.0,266.23,280.08,50,0,4.1
ORD103557,2025-05-07,Delhi,New Delhi,Sports,Bike,4,2.0,89.3,90.21,Normal,9.4,2.25,3.4,0,0.0,180.14,230.09,5,1,3.8
ORD103558,2025-03-03,Gujarat,Vadodara,Books,Bike,3,3.48,50.8,91.5,Heavy Rain,3.3,4.61,4.1,1,0.51,113.33,139.42,5,1,3.7
ORD103559,2025-06-20,Gujarat,Vadodara,Grocery,Van,5,2.08,286.9,92.59,Normal,3.7,3.81,3.6,1,0.21,365.24,402.77,5,1,5.0
ORD103560,2025-01-25,Delhi,Dwarka,Electronics,Van,5,3.77,36.2,88.73,Rain,7.2,1.97,2.6,0,0.0,148.33,169.28,40,0,4.6
ORD103561,2025-03-03,Karnataka,Mangaluru,Electronics,Van,6,1.32,109.7,90.52,Normal,7.4,4.42,4.4,1,0.02,252.64,292.19,5,1,4.9
ORD103562,2025-06-03,West Bengal,Kolkata,Books,Bike,10,1.78,172.8,92.35,Normal,7.2,2.63,3.5,0,0.0,331.85,374.49,5,1,3.4
ORD103563,2025-10-18,Karnataka,Mangaluru,Fashion,Bike,6,1.02,6.9,90.54,Rain,7.2,2.07,3.7,0,0.0,88.1,124.47,271,0,4.0
ORD103564,2025-10-13,Karnataka,Mysuru,Grocery,Van,5,4.27,94.6,88.87,Normal,5.3,3.51,4.0,0,0.0,252.34,266.74,5,1,3.5
ORD103565,2025-04-06,Gujarat,Surat,Grocery,Van,5,1.95,37.5,90.88,Normal,10.0,1.58,1.0,1,0.58,125.99,175.83,66,0,3.8
ORD103566,2025-06-04,Tamil Nadu,Chennai,Fashion,Van,2,2.34,30.3,90.18,Normal,11.0,2.23,3.1,0,0.0,80.36,105.88,128,0,4.8
ORD103567,2025-02-26,Maharashtra,Mumbai,Electronics,Bike,7,2.67,61.4,90.91,Normal,10.4,2.13,2.5,0,0.0,203.74,228.75,36,0,5.0
ORD103568,2025-10-03,Maharashtra,Mumbai,Fashion,Truck,4,1.72,165.5,89.06,Normal,3.2,3.92,5.1,0,0.0,274.58,302.3,5,1,4.9
ORD103569,2025-03-31,West Bengal,Durgapur,Sports,Van,8,3.44,127.2,90.47,Rain,9.3,5.89,8.7,0,0.0,294.91,344.15,5,1,5.0
ORD103570,2025-10-19,Rajasthan,Jaipur,Home & Kitchen,Van,6,5.92,16.1,89.8,Rain,6.4,3.35,3.2,1,0.15,111.16,115.97,74,0,3.8
ORD103571,2025-11-04,West Bengal,Kolkata,Electronics,Van,7,3.81,126.7,89.19,Normal,6.5,4.23,4.3,0,0.0,301.0,341.46,5,1,4.2
ORD103572,2025-09-09,West Bengal,Durgapur,Sports,Van,7,0.66,36.8,92.45,Normal,9.3,2.18,3.1,0,0.0,131.37,163.33,5,1,4.0
ORD103573,2025-05-01,Maharashtra,Nagpur,Grocery,Van,5,2.16,148.5,89.19,Normal,7.3,4.7,6.2,0,0.0,263.81,307.11,5,1,5.0
ORD103574,2025-12-14,Gujarat,Ahmedabad,Beauty,Van,7,2.23,10.1,88.78,Normal,8.0,1.97,4.5,0,0.0,152.38,196.16,87,0,4.9
ORD103575,2025-09-08,Tamil Nadu,Coimbatore,Books,Van,3,4.52,99.6,88.02,Normal,6.7,3.24,3.6,0,0.0,205.52,242.02,5,1,4.3
ORD103576,2025-08-24,Delhi,Rohini,Fashion,Van,10,1.41,33.2,90.07,Normal,6.4,3.44,3.4,1,0.04,188.89,247.2,132,0,4.0
ORD103577,2025-11-09,Karnataka,Mysuru,Sports,Bike,6,1.02,125.9,89.93,Normal,4.7,3.03,3.0,1,0.03,261.1,305.72,5,1,4.5
ORD103578,2025-11-18,West Bengal,Kolkata,Books,Truck,4,3.47,193.7,91.52,Rain,6.1,4.63,4.9,0,0.0,286.91,336.4,5,1,4.1
ORD103579,2025-01-29,Gujarat,Ahmedabad,Home & Kitchen,Bike,7,1.99,62.2,88.03,Normal,7.2,1.82,2.3,0,0.0,224.08,249.49,123,0,4.6
ORD103580,2025-11-18,Maharashtra,Nagpur,Fashion,Bike,5,1.34,45.2,87.24,Rain,8.0,4.24,5.1,0,0.0,117.23,112.93,53,0,4.4
ORD103581,2025-10-07,West Bengal,Durgapur,Home & Kitchen,Van,9,1.7,56.0,86.95,Normal,10.6,3.4,4.1,0,0.0,250.23,294.94,144,0,5.0
ORD103582,2025-03-17,Delhi,New Delhi,Grocery,Bike,5,0.8,66.1,91.13,Normal,6.4,1.75,1.3,1,0.45,118.88,128.44,155,0,3.7
ORD103583,2025-04-23,West Bengal,Siliguri,Grocery,Truck,8,2.25,97.5,92.19,Normal,8.5,3.84,3.2,1,0.64,279.03,332.34,5,1,4.3
ORD103584,2025-10-02,West Bengal,Siliguri,Beauty,Van,3,1.65,17.7,92.07,Normal,8.5,3.33,3.9,0,0.0,84.43,64.57,100,0,4.0
ORD103585,2025-03-21,Gujarat,Vadodara,Sports,Bike,5,2.85,27.1,89.47,Normal,6.5,3.88,3.9,0,0.0,147.23,152.13,5,1,3.9
ORD103586,2025-06-15,Tamil Nadu,Chennai,Fashion,Bike,7,1.76,74.7,90.63,Normal,8.7,2.4,2.6,0,0.0,188.7,214.14,105,0,3.8
ORD103587,2025-09-09,Maharashtra,Mumbai,Books,Bike,9,2.06,67.6,86.37,Normal,8.9,2.98,4.5,0,0.0,195.96,287.41,23,1,5.0
ORD103588,2025-08-26,Karnataka,Bengaluru,Grocery,Bike,4,1.5,25.6,93.35,Heavy Rain,5.8,4.49,5.8,0,0.0,105.12,112.89,5,1,4.9
ORD103589,2025-11-29,Telangana,Hyderabad,Beauty,Bike,10,1.71,144.0,92.55,Rain,5.5,5.54,5.9,0,0.0,321.76,372.35,5,1,5.0
ORD103590,2025-02-10,West Bengal,Durgapur,Electronics,Van,8,0.97,40.8,92.11,Normal,5.6,3.03,4.6,0,0.0,185.44,223.09,221,0,4.8
ORD103591,2025-04-18,West Bengal,Durgapur,Grocery,Bike,6,3.94,219.6,88.89,Rain,10.2,4.23,5.9,0,0.0,369.18,431.24,5,1,4.6
ORD103592,2025-12-26,Delhi,Rohini,Grocery,Van,4,1.96,95.0,89.87,Normal,2.6,3.34,5.3,0,0.0,198.34,214.72,5,1,4.3
ORD103593,2025-07-27,Delhi,New Delhi,Electronics,Bike,11,0.55,119.3,90.21,Normal,13.4,2.04,4.1,0,0.0,293.26,322.12,5,1,5.0
ORD103594,2025-04-01,Rajasthan,Udaipur,Books,Bike,8,0.72,81.5,93.63,Rain,6.2,4.75,5.3,0,0.0,255.08,273.38,25,1,4.8
ORD103595,2025-04-16,Karnataka,Mangaluru,Fashion,Bike,2,3.95,45.6,92.4,Heavy Rain,1.8,3.25,4.9,0,0.0,136.71,145.0,184,0,4.1
ORD103596,2025-05-04,West Bengal,Kolkata,Home & Kitchen,Bike,7,1.96,79.6,90.28,Rain,6.3,4.35,4.8,0,0.0,181.58,241.85,5,1,4.2
ORD103597,2025-07-22,Tamil Nadu,Coimbatore,Books,Bike,5,1.99,60.1,91.69,Normal,1.4,2.38,4.2,0,0.0,132.98,144.93,5,1,4.6
ORD103598,2025-04-14,Delhi,Dwarka,Fashion,Bike,8,2.01,20.9,89.02,Rain,3.8,2.71,3.2,0,0.0,208.98,254.98,91,0,4.5
ORD103599,2025-08-15,West Bengal,Kolkata,Grocery,Van,5,2.76,21.4,88.19,Normal,7.3,2.97,3.7,0,0.0,128.97,143.81,199,0,4.9
ORD103600,2025-06-12,Tamil Nadu,Chennai,Beauty,Truck,11,5.45,53.0,90.58,Normal,5.6,4.11,3.9,1,0.21,249.49,304.79,5,1,4.3
ORD103601,2025-08-11,Maharashtra,Nagpur,Electronics,Bike,5,2.69,99.3,88.68,Normal,3.3,3.53,3.3,1,0.23,190.12,204.58,5,1,3.5
ORD103602,2025-02-26,Gujarat,Vadodara,Fashion,Bike,10,2.46,52.9,87.71,Normal,8.9,2.38,3.4,0,0.0,180.3,232.23,233,0,3.9
ORD103603,2025-08-16,Gujarat,Surat,Home & Kitchen,Van,6,1.39,54.2,90.84,Normal,7.4,2.35,3.9,0,0.0,216.04,255.04,33,0,3.6
ORD103604,2025-12-04,Karnataka,Bengaluru,Home & Kitchen,Van,5,0.74,101.4,90.32,Normal,8.1,3.42,3.2,1,0.22,165.05,171.84,5,1,3.9
ORD103605,2025-02-19,Rajasthan,Jaipur,Grocery,Bike,8,2.74,52.4,89.0,Normal,8.7,3.01,4.9,0,0.0,171.83,197.5,5,1,5.0
ORD103606,2025-04-30,Rajasthan,Udaipur,Electronics,Van,8,2.89,272.8,90.12,Rain,8.0,7.12,8.9,0,0.0,398.75,461.56,5,1,4.4
ORD103607,2025-09-11,West Bengal,Durgapur,Sports,Van,7,4.12,40.8,91.55,Normal,9.4,3.56,4.6,0,0.0,169.34,209.92,100,0,4.5
ORD103608,2025-08-14,Karnataka,Mysuru,Fashion,Truck,5,6.13,124.9,90.48,Normal,9.8,3.8,5.4,0,0.0,233.46,311.99,5,1,4.6
ORD103609,2025-09-04,Delhi,New Delhi,Home & Kitchen,Truck,4,0.95,74.1,91.16,Heavy Rain,6.7,4.43,4.7,0,0.0,176.53,199.41,5,1,4.5
ORD103610,2025-07-24,West Bengal,Siliguri,Sports,Van,6,1.35,383.2,90.63,Heavy Rain,8.5,7.41,6.8,1,0.61,507.1,536.73,5,1,3.2
ORD103611,2025-09-07,Karnataka,Mysuru,Fashion,Van,6,3.11,49.6,94.07,Rain,1.0,2.9,3.1,0,0.0,170.73,191.81,5,1,4.1
ORD103612,2025-08-11,Maharashtra,Pune,Beauty,Van,6,2.02,112.2,93.37,Normal,6.2,3.13,4.9,0,0.0,232.83,275.42,5,1,4.4
ORD103613,2025-01-28,Rajasthan,Udaipur,Grocery,Truck,6,5.15,66.9,91.21,Normal,11.3,3.21,5.0,0,0.0,176.54,223.68,116,0,5.0
ORD103614,2025-10-02,Karnataka,Mysuru,Sports,Van,6,1.78,9.0,89.55,Normal,5.9,3.18,2.8,1,0.38,140.78,162.68,185,0,4.6
ORD103615,2025-06-13,Telangana,Nizamabad,Electronics,Bike,5,7.39,71.6,90.04,Rain,8.9,3.65,3.3,1,0.35,197.8,210.13,5,1,3.3
ORD103616,2025-01-19,Karnataka,Mysuru,Electronics,Bike,11,2.09,49.3,88.75,Rain,9.7,4.94,4.8,1,0.14,216.83,272.2,48,0,4.7
ORD103617,2025-05-30,West Bengal,Durgapur,Sports,Van,6,5.8,84.5,89.66,Normal,6.2,2.96,1.9,1,1.06,244.22,279.72,5,1,4.8
ORD103618,2025-06-08,Gujarat,Vadodara,Electronics,Van,7,0.42,39.0,92.32,Normal,8.6,3.01,3.2,0,0.0,123.39,159.6,230,0,4.7
ORD103619,2025-02-01,West Bengal,Durgapur,Grocery,Truck,4,2.76,6.3,90.07,Normal,5.6,3.1,4.2,0,0.0,130.99,144.66,160,0,4.2
ORD103620,2025-12-30,West Bengal,Siliguri,Beauty,Bike,8,2.04,184.6,90.85,Normal,6.8,3.66,1.7,1,1.96,317.14,383.94,5,1,3.8
ORD103621,2025-03-23,Karnataka,Bengaluru,Beauty,Truck,7,0.52,43.1,93.32,Normal,6.3,4.21,4.8,0,0.0,151.82,195.8,50,0,5.0
ORD103622,2025-05-01,Delhi,Rohini,Books,Bike,6,1.99,121.6,92.21,Rain,5.2,3.16,5.1,0,0.0,278.42,315.4,5,1,3.9
ORD103623,2025-06-10,Karnataka,Mysuru,Sports,Van,5,0.9,63.4,91.36,Rain,4.3,2.93,4.5,0,0.0,181.27,224.43,5,1,4.3
ORD103624,2025-10-31,West Bengal,Kolkata,Electronics,Van,4,1.44,83.6,91.06,Normal,5.3,3.59,4.6,0,0.0,128.87,149.55,5,1,4.7
ORD103625,2025-09-29,Karnataka,Bengaluru,Beauty,Bike,7,2.46,78.5,90.93,Rain,7.9,4.78,5.6,0,0.0,232.32,283.0,5,1,4.3
ORD103626,2025-10-09,Maharashtra,Nagpur,Grocery,Van,5,1.86,52.4,92.98,Rain,6.0,2.87,4.6,0,0.0,170.86,188.46,5,1,3.6
ORD103627,2025-03-28,West Bengal,Durgapur,Home & Kitchen,Bike,7,2.54,72.0,91.87,Normal,6.6,3.35,4.5,0,0.0,170.49,189.97,26,1,3.9
ORD103628,2025-11-05,Tamil Nadu,Madurai,Sports,Bike,11,2.23,117.0,90.89,Normal,15.5,4.0,4.5,0,0.0,289.58,347.31,39,1,3.7
ORD103629,2025-10-30,West Bengal,Kolkata,Fashion,Truck,5,9.3,74.1,89.09,Normal,9.7,4.69,6.2,0,0.0,237.73,243.76,45,0,4.3
ORD103630,2025-06-19,Maharashtra,Mumbai,Electronics,Bike,12,2.38,132.8,92.27,Rain,5.4,5.35,4.8,1,0.55,273.5,342.58,5,1,4.9
ORD103631,2025-07-19,Delhi,Rohini,Books,Van,4,2.17,49.2,92.04,Normal,7.3,2.31,3.7,0,0.0,162.3,199.64,5,1,5.0
ORD103632,2025-01-14,Telangana,Warangal,Sports,Van,6,2.65,66.9,88.6,Rain,8.1,3.91,5.1,0,0.0,176.5,244.74,5,1,4.5
ORD103633,2025-10-05,Maharashtra,Nagpur,Electronics,Bike,3,1.98,27.5,91.2,Normal,15.1,1.69,2.6,0,0.0,104.61,135.23,100,0,4.9
ORD103634,2025-12-17,Karnataka,Mangaluru,Grocery,Truck,6,0.72,88.6,92.1,Normal,8.0,3.66,4.4,0,0.0,224.62,294.31,5,1,4.6
ORD103635,2025-06-22,Maharashtra,Pune,Home & Kitchen,Van,7,3.16,63.1,91.05,Rain,13.1,3.84,6.1,0,0.0,178.23,218.28,16,1,4.4
ORD103636,2025-07-17,Rajasthan,Udaipur,Electronics,Van,4,4.66,77.5,94.81,Normal,6.0,2.5,4.2,0,0.0,155.7,201.95,19,0,4.5
ORD103637,2025-07-02,Maharashtra,Nagpur,Home & Kitchen,Truck,8,5.53,177.5,94.32,Normal,6.5,4.75,6.7,0,0.0,348.78,412.91,5,1,4.3
ORD103638,2025-01-31,Maharashtra,Mumbai,Books,Van,7,3.15,64.0,89.32,Rain,4.9,3.49,4.6,0,0.0,200.67,257.62,20,1,3.8
ORD103639,2025-08-15,Karnataka,Bengaluru,Electronics,Truck,4,1.69,164.3,91.17,Normal,8.8,3.56,5.3,0,0.0,238.22,249.52,5,1,4.5
ORD103640,2025-09-21,Maharashtra,Mumbai,Electronics,Bike,8,2.39,36.1,93.39,Normal,5.8,3.26,4.4,0,0.0,145.44,165.05,103,0,4.1
ORD103641,2025-12-05,West Bengal,Siliguri,Grocery,Bike,4,6.43,39.3,91.52,Rain,5.6,3.15,3.7,0,0.0,146.47,161.6,5,1,4.2
ORD103642,,West Bengal,Kolkata,Fashion,Van,7,1.74,37.3,93.02,Rain,8.9,4.02,5.4,0,0.0,149.89,195.6,140,0,4.8
ORD103643,2025-06-29,Delhi,New Delhi,Electronics,Bike,9,0.93,24.7,90.55,Normal,7.4,1.72,2.2,0,0.0,166.05,215.87,135,0,3.6
ORD103644,2025-12-17,Delhi,Dwarka,Home & Kitchen,Van,5,8.47,74.4,88.91,Normal,8.1,2.87,4.6,0,0.0,172.97,187.79,40,0,3.9
ORD103645,2025-07-12,Delhi,New Delhi,Books,Van,2,1.04,98.5,93.01,Normal,2.7,0.96,1.0,0,0.0,141.38,139.94,5,1,4.5
ORD103646,2025-08-23,Telangana,Hyderabad,Grocery,Bike,5,0.72,227.9,91.19,Normal,1.0,2.65,3.1,0,0.0,325.96,371.33,5,1,3.8
ORD103647,2025-08-08,Karnataka,Mangaluru,Grocery,Truck,7,2.48,62.1,96.45,Normal,11.0,2.75,2.8,0,0.0,189.84,226.23,5,1,4.1
ORD103648,2025-12-31,Rajasthan,Udaipur,Electronics,Bike,8,2.63,172.8,93.53,Normal,11.0,4.13,6.9,0,0.0,304.97,351.62,5,1,5.0
ORD103649,2025-09-27,Telangana,Warangal,Fashion,Bike,10,2.71,28.8,89.95,Heavy Rain,8.2,5.27,5.4,0,0.0,173.59,212.89,266,0,4.3
ORD103650,2025-02-13,Gujarat,Vadodara,Books,Van,6,3.56,40.7,93.1,Normal,7.8,2.42,3.1,0,0.0,142.38,167.77,55,0,4.1
ORD103651,2025-01-27,Telangana,Warangal,Home & Kitchen,Van,6,1.81,59.9,91.78,Heavy Rain,5.0,4.72,3.6,1,1.12,166.96,212.66,104,0,4.3
ORD103652,2025-05-30,Karnataka,Mysuru,Electronics,Truck,6,1.83,30.2,92.88,Normal,6.7,2.12,4.4,0,0.0,145.1,194.18,16,1,3.5
ORD103653,2025-07-08,Maharashtra,Pune,Fashion,Bike,7,1.39,80.3,90.66,Normal,13.7,3.84,3.8,1,0.04,182.03,213.07,5,1,3.1
ORD103654,2025-09-02,Karnataka,Mangaluru,Home & Kitchen,Truck,8,2.2,23.2,92.55,Normal,12.5,3.25,5.3,0,0.0,169.77,206.73,87,0,3.7
ORD103655,2025-06-25,West Bengal,Kolkata,Home & Kitchen,Van,4,2.86,69.9,93.92,Normal,7.4,3.24,3.0,1,0.24,169.68,206.0,59,0,3.6
ORD103656,2025-07-07,Tamil Nadu,Coimbatore,Sports,Truck,8,3.63,66.7,93.52,Normal,3.5,3.8,3.6,1,0.2,188.61,240.7,5,1,3.1
ORD103657,2025-12-03,West Bengal,Kolkata,Fashion,Bike,7,1.12,88.6,94.03,Normal,8.9,3.82,5.3,0,0.0,239.94,292.51,5,1,5.0
ORD103658,2025-05-03,West Bengal,Siliguri,Beauty,Van,6,0.9,163.6,97.69,Normal,6.5,4.05,3.4,1,0.65,246.8,297.96,5,1,2.5
ORD103659,2025-06-30,Rajasthan,Jodhpur,Electronics,Van,2,3.58,41.5,91.27,Rain,5.1,3.28,4.4,0,0.0,95.73,108.25,5,1,4.7
ORD103660,2025-07-23,Delhi,New Delhi,Beauty,Van,10,1.43,203.2,95.38,Normal,8.7,4.45,4.5,0,0.0,340.16,407.6,5,1,4.3
ORD103661,2025-06-20,Tamil Nadu,Coimbatore,Beauty,Bike,7,1.06,133.4,92.69,Normal,12.4,2.1,4.7,0,0.0,217.84,233.43,5,1,4.5
ORD103662,2025-12-20,Karnataka,Mysuru,Sports,Van,3,0.6,87.9,91.49,Normal,6.5,2.68,5.0,0,0.0,114.27,127.41,5,1,4.2
ORD103663,2025-12-18,Delhi,New Delhi,Fashion,Van,4,5.03,23.7,92.2,Rain,9.5,0.9,2.7,0,0.0,159.85,200.79,22,0,4.4
ORD103664,2025-07-07,Gujarat,Vadodara,Books,Van,7,2.41,79.1,93.86,Normal,8.8,3.18,6.0,0,0.0,230.27,283.39,5,1,4.0
ORD103665,2025-06-14,Delhi,Dwarka,Home & Kitchen,Van,7,2.87,27.7,91.6,Normal,8.8,2.76,2.9,0,0.0,139.34,166.86,264,0,5.0
ORD103666,2025-08-03,Delhi,New Delhi,Beauty,Bike,6,2.68,104.6,88.76,Rain,9.1,3.08,4.5,0,0.0,237.26,257.15,5,1,3.8
ORD103667,2025-03-08,Tamil Nadu,Coimbatore,Sports,Truck,5,2.31,50.0,93.82,Rain,6.0,5.29,5.1,1,0.19,139.26,183.13,18,1,3.8
ORD103668,2025-06-05,Karnataka,Mysuru,Grocery,Van,6,1.98,151.8,92.74,Rain,4.0,3.43,4.9,0,0.0,236.78,249.97,5,1,5.0
ORD103669,2025-03-21,Telangana,Warangal,Grocery,Van,7,1.92,155.6,91.43,Normal,11.7,3.13,4.1,0,0.0,271.21,325.07,5,1,4.9
ORD103670,2025-02-22,Rajasthan,Jaipur,Sports,Truck,5,1.07,110.4,90.11,Normal,3.1,3.17,2.8,1,0.37,199.35,241.35,5,1,3.2
ORD103671,2025-02-04,Karnataka,Mangaluru,Sports,Van,5,0.64,31.3,93.14,Normal,7.6,2.78,3.4,0,0.0,153.03,172.69,20,0,5.0
ORD103672,2025-08-03,Karnataka,Mysuru,Home & Kitchen,Bike,6,8.67,55.6,94.76,Rain,12.7,3.67,4.5,0,0.0,148.27,194.8,5,1,4.7
ORD103673,2025-01-01,Karnataka,Mysuru,Home & Kitchen,Van,2,2.06,156.1,90.85,Normal,6.8,3.76,4.5,0,0.0,211.52,251.81,5,1,4.2
ORD103674,2025-08-24,Karnataka,Mangaluru,Beauty,Truck,4,1.52,284.9,92.99,Normal,8.1,4.29,6.6,0,0.0,418.51,488.27,5,1,4.9
ORD103675,2025-06-07,Rajasthan,Jodhpur,Sports,Bike,12,1.2,47.4,96.5,Normal,10.9,4.24,4.0,1,0.24,174.72,251.77,207,0,4.7
ORD103676,2025-05-14,Telangana,Hyderabad,Fashion,Van,8,3.98,79.6,94.24,Normal,11.2,4.13,4.2,0,0.0,214.37,247.61,17,1,4.1
ORD103677,2025-10-08,Karnataka,Mysuru,Home & Kitchen,Bike,6,2.21,48.3,92.57,Normal,10.8,2.99,1.0,1,1.99,157.21,178.98,5,1,3.5
ORD103678,2025-07-16,Karnataka,Mysuru,Beauty,Truck,6,1.15,33.0,92.41,Normal,3.7,3.11,4.4,0,0.0,148.41,185.37,60,0,4.2
ORD103679,2025-09-25,Karnataka,Bengaluru,Electronics,Van,6,1.65,38.7,91.77,Rain,10.6,4.16,5.6,0,0.0,171.24,226.96,50,0,4.8
ORD103680,2025-09-16,West Bengal,Kolkata,Home & Kitchen,Truck,7,2.47,68.3,92.79,Rain,7.6,5.67,7.2,0,0.0,201.05,220.58,5,1,5.0
ORD103681,2025-01-12,Tamil Nadu,Chennai,Electronics,Van,7,1.57,17.1,91.94,Rain,5.8,4.74,5.4,0,0.0,183.43,205.54,81,0,4.8
ORD103682,2025-03-20,Gujarat,Vadodara,Electronics,Bike,6,3.42,137.5,92.23,Normal,4.8,4.66,4.7,0,0.0,247.07,278.3,5,1,4.0
ORD103683,2025-07-28,Delhi,New Delhi,Grocery,Van,9,8.01,58.7,92.53,Rain,9.8,3.13,2.8,1,0.33,269.19,319.67,128,0,5.0
ORD103684,2025-12-23,Maharashtra,Pune,Home & Kitchen,Truck,4,1.53,83.7,89.87,Rain,5.2,4.89,6.1,0,0.0,167.19,184.07,5,1,4.0
ORD103685,2025-02-26,Telangana,Nizamabad,Electronics,Bike,6,1.67,81.9,92.54,Normal,7.5,2.98,2.9,1,0.08,213.52,248.35,5,1,4.1
ORD103686,2025-02-08,Telangana,Warangal,Beauty,Bike,12,1.17,59.6,97.71,Normal,9.3,3.71,2.9,1,0.81,226.04,306.88,161,0,3.8
ORD103687,2025-12-10,Maharashtra,Mumbai,Home & Kitchen,Van,5,1.82,46.3,90.39,Normal,7.7,3.72,5.4,0,0.0,126.66,133.68,5,1,3.9
ORD103688,2025-12-19,Delhi,Rohini,Fashion,Van,10,0.56,42.4,95.68,Normal,10.6,3.42,3.8,0,0.0,165.51,197.66,169,0,4.6
ORD103689,2025-03-03,Delhi,Dwarka,Home & Kitchen,Bike,5,4.11,132.3,94.84,Normal,10.2,2.09,2.9,0,0.0,236.91,274.69,5,1,4.5
ORD103690,2025-05-27,Gujarat,Ahmedabad,Electronics,Bike,5,0.85,23.9,94.15,Rain,9.7,2.51,1.0,1,1.51,104.7,141.31,5,1,4.2
ORD103691,2025-08-17,West Bengal,Durgapur,Grocery,Bike,7,1.19,109.9,92.06,Normal,11.4,3.42,4.1,0,0.0,238.36,282.39,5,1,4.5
ORD103692,2025-03-13,Maharashtra,Mumbai,Electronics,Van,4,2.13,114.1,94.71,Normal,6.0,2.61,3.1,0,0.0,220.06,264.13,5,1,4.6
ORD103693,2025-04-30,Tamil Nadu,Coimbatore,Home & Kitchen,Van,6,4.93,41.7,96.4,Rain,5.9,3.43,5.8,0,0.0,199.5,242.67,12,1,5.0
ORD103694,2025-05-25,West Bengal,Kolkata,Home & Kitchen,Van,4,1.16,51.6,95.09,Normal,6.3,3.09,3.6,0,0.0,158.97,164.16,36,0,4.4
ORD103695,2025-08-23,Karnataka,Mangaluru,Home & Kitchen,Truck,5,1.78,86.8,93.63,Normal,5.7,2.69,1.0,1,1.69,214.61,250.9,5,1,2.9
ORD103696,2025-04-23,Telangana,Nizamabad,Electronics,Bike,4,2.44,82.3,93.24,Normal,3.4,2.15,2.6,0,0.0,191.71,187.51,5,1,5.0
ORD103697,2025-05-31,West Bengal,Siliguri,Fashion,Van,3,1.3,131.8,92.09,Rain,5.6,5.57,6.3,0,0.0,175.19,210.92,5,1,5.0
ORD103698,2025-04-16,Tamil Nadu,Madurai,Home & Kitchen,Van,3,1.86,116.2,93.46,Rain,8.0,3.73,5.6,0,0.0,198.61,256.51,5,1,3.7
ORD103699,2025-10-05,Rajasthan,Jaipur,Electronics,Van,3,0.72,38.6,94.28,Normal,9.2,3.37,4.0,0,0.0,93.51,101.29,5,1,3.8
ORD103700,2025-02-25,Tamil Nadu,Chennai,Sports,Van,5,1.43,152.4,93.41,Normal,6.7,3.01,3.3,0,0.0,244.09,277.65,5,1,4.2
ORD103701,2025-03-26,Tamil Nadu,Madurai,Home & Kitchen,Van,7,4.48,50.2,93.22,Normal,10.7,4.11,4.7,0,0.0,190.14,213.62,197,0,4.0
ORD103702,2025-04-02,Tamil Nadu,Coimbatore,Electronics,Truck,10,3.42,23.1,93.27,Rain,8.9,4.82,8.2,0,0.0,133.53,206.66,189,0,4.3
ORD103703,2025-11-27,Maharashtra,Pune,Beauty,Bike,3,1.51,17.9,96.72,Normal,1.0,2.38,3.6,0,0.0,70.28,94.08,104,0,4.3
ORD103704,2025-12-11,West Bengal,Siliguri,Electronics,Bike,4,1.04,107.4,93.76,Normal,3.1,2.68,3.1,0,0.0,178.24,202.68,5,1,4.4
ORD103705,2025-07-02,Delhi,Dwarka,Books,Van,7,1.75,242.9,93.85,Normal,8.7,3.39,5.0,0,0.0,289.52,326.08,5,1,5.0
ORD103706,2025-02-27,Karnataka,Mangaluru,Electronics,Van,4,0.78,36.5,89.18,Normal,2.0,2.51,2.1,1,0.41,154.68,170.86,55,0,5.0
ORD103707,2025-10-03,Maharashtra,Nagpur,Fashion,Bike,8,1.77,15.8,95.26,Normal,4.7,2.64,2.6,1,0.04,158.79,176.75,123,0,3.3
ORD103708,2025-06-29,West Bengal,Kolkata,Sports,Truck,10,1.54,100.7,94.6,Normal,4.9,4.97,5.2,0,0.0,262.04,320.56,5,1,4.6
ORD103709,2025-11-07,Gujarat,Vadodara,Electronics,Van,10,1.51,30.2,94.54,Normal,8.2,2.88,1.9,1,0.98,217.55,263.34,122,0,4.5
ORD103710,2025-05-12,West Bengal,Kolkata,Home & Kitchen,Van,4,1.84,122.9,94.69,Normal,7.2,3.05,4.7,0,0.0,227.71,245.55,5,1,5.0
ORD103711,2025-12-31,Telangana,Hyderabad,Beauty,Van,3,2.85,60.0,91.92,Normal,2.1,1.69,1.6,1,0.09,161.57,174.92,5,1,3.1
ORD103712,2025-10-22,Karnataka,Mangaluru,Sports,Bike,10,1.03,38.8,93.13,Normal,10.5,2.6,3.4,0,0.0,223.16,282.57,183,0,4.5
ORD103713,2025-03-23,Delhi,Rohini,Fashion,Van,8,3.75,61.9,96.85,Normal,8.3,1.87,2.0,0,0.0,217.97,247.92,5,1,5.0
ORD103714,2025-09-22,Maharashtra,Mumbai,Grocery,Van,3,4.18,174.4,91.18,Normal,3.2,2.06,3.1,0,0.0,267.8,324.48,5,1,4.0
ORD103715,2025-04-15,West Bengal,Durgapur,Electronics,Truck,2,8.41,14.7,91.32,Rain,6.8,3.91,6.4,0,0.0,130.43,156.02,56,0,4.2
ORD103716,2025-05-08,Tamil Nadu,Coimbatore,Grocery,Van,4,2.44,126.3,91.11,Normal,4.8,3.4,3.8,0,0.0,183.41,219.81,5,1,5.0
ORD103717,2025-04-02,Telangana,Warangal,Home & Kitchen,Bike,3,5.25,134.1,93.45,Rain,4.8,3.67,3.9,0,0.0,174.49,209.73,5,1,4.2
ORD103718,2025-09-07,Maharashtra,Nagpur,Beauty,Bike,8,3.8,50.5,96.68,Normal,5.1,4.27,3.8,1,0.47,148.31,152.98,63,0,4.2
ORD103719,2025-04-06,Karnataka,Bengaluru,Electronics,Bike,4,2.28,104.6,94.33,Normal,6.6,2.77,3.2,0,0.0,212.44,255.09,5,1,5.0
ORD103720,2025-08-22,Karnataka,Mangaluru,Beauty,Truck,7,0.91,86.5,95.82,Rain,6.9,4.61,3.5,1,1.11,192.94,256.92,64,0,4.0
ORD103721,2025-08-01,Maharashtra,Mumbai,Home & Kitchen,Van,4,3.6,133.2,90.29,Normal,6.2,2.68,4.8,0,0.0,222.52,262.73,5,1,4.3
ORD103722,2025-10-02,Tamil Nadu,Chennai,Grocery,Truck,6,2.35,62.2,92.4,Normal,7.1,3.84,3.9,0,0.0,182.99,201.65,39,0,4.9
ORD103723,2025-12-29,West Bengal,Durgapur,Grocery,Van,6,6.44,21.9,92.71,Normal,8.5,3.91,3.7,1,0.21,198.73,240.23,62,0,4.2
ORD103724,2025-01-04,Tamil Nadu,Chennai,Books,Bike,2,3.26,158.2,96.85,Normal,5.6,1.75,2.3,0,0.0,243.74,255.24,5,1,4.2
ORD103725,2025-12-28,West Bengal,Durgapur,Sports,Van,3,4.0,40.5,94.25,Rain,1.6,3.8,5.1,0,0.0,136.51,164.07,89,0,4.6
ORD103726,2025-02-09,Tamil Nadu,Coimbatore,Fashion,Van,3,1.38,49.7,93.93,Normal,6.1,3.81,4.3,0,0.0,136.17,163.33,64,0,4.9
ORD103727,2025-07-12,Karnataka,Mysuru,Grocery,Bike,5,2.36,57.8,94.4,Normal,4.6,2.23,4.0,0,0.0,218.88,240.34,5,1,4.6
ORD103728,2025-05-05,Tamil Nadu,Chennai,Electronics,Van,8,0.58,145.5,93.64,Normal,10.7,4.66,4.9,0,0.0,247.63,300.88,5,1,4.0
ORD103729,2025-08-22,Karnataka,Mangaluru,Sports,Van,3,2.89,219.6,97.68,Rain,7.5,4.09,4.0,1,0.09,330.29,373.25,5,1,4.4
ORD103730,2025-09-21,Rajasthan,Jaipur,Beauty,Truck,14,4.44,53.8,97.63,Heavy Rain,12.9,5.89,6.5,0,0.0,279.09,368.77,180,0,4.4
ORD103731,2025-11-10,Tamil Nadu,Chennai,Fashion,Bike,4,4.98,55.4,96.17,Normal,5.6,2.79,3.3,0,0.0,161.06,191.05,8,1,4.3
ORD103732,2025-05-27,Gujarat,Surat,Fashion,Truck,9,1.6,84.2,95.99,Normal,10.6,3.84,5.4,0,0.0,247.45,287.06,5,1,3.6
ORD103733,2025-12-07,Maharashtra,Nagpur,Grocery,Truck,10,0.62,32.2,93.29,Normal,5.8,3.88,5.4,0,0.0,142.97,168.48,94,0,5.0
ORD103734,2025-04-28,Karnataka,Mysuru,Books,Truck,9,1.42,101.3,95.08,Rain,8.3,4.78,5.0,0,0.0,220.35,297.25,5,1,4.8
ORD103735,2025-03-16,West Bengal,Siliguri,Books,Bike,6,1.91,101.9,90.65,Rain,5.0,3.12,2.3,1,0.82,224.12,240.69,5,1,3.7
ORD103736,2025-05-19,Karnataka,Mangaluru,Beauty,Bike,9,2.63,85.8,93.51,Normal,10.0,3.04,4.3,0,0.0,250.43,279.44,5,1,4.8
ORD103737,2025-07-12,Delhi,Rohini,Fashion,Van,4,0.54,23.8,91.52,Rain,10.8,2.57,2.1,1,0.47,122.86,134.9,340,0,4.5
ORD103738,2025-09-01,Gujarat,Ahmedabad,Sports,Bike,6,1.88,214.4,95.24,Normal,8.2,2.57,3.2,0,0.0,338.85,382.03,5,1,5.0
ORD103739,2025-10-31,Tamil Nadu,Madurai,Grocery,Bike,5,1.03,107.3,94.18,Normal,3.1,3.06,4.2,0,0.0,252.8,262.13,5,1,4.3
ORD103740,2025-03-24,Delhi,New Delhi,Beauty,Van,2,5.16,196.0,95.77,Normal,4.6,2.28,4.7,0,0.0,257.48,290.0,5,1,4.0
ORD103741,2025-04-21,Maharashtra,Nagpur,Beauty,Bike,6,0.44,26.9,95.6,Heavy Rain,14.8,4.15,7.0,0,0.0,144.73,153.32,141,0,4.2
ORD103742,2025-12-09,West Bengal,Siliguri,Grocery,Van,7,3.89,36.0,96.47,Normal,10.0,2.48,3.6,0,0.0,193.3,231.56,5,1,4.7
ORD103743,2025-06-10,Gujarat,Ahmedabad,Grocery,Truck,3,1.82,42.6,93.09,Normal,4.3,3.62,2.4,1,1.22,130.82,163.33,77,0,3.1
ORD103744,2025-03-30,Maharashtra,Mumbai,Beauty,Van,4,0.53,221.1,91.26,Rain,8.8,4.71,4.3,1,0.41,293.25,352.35,5,1,4.9
ORD103745,2025-12-26,West Bengal,Siliguri,Sports,Truck,3,5.99,81.6,98.02,Normal,7.1,3.01,3.6,0,0.0,162.03,198.71,5,1,4.7
ORD103746,2025-06-13,Rajasthan,Jaipur,Books,Van,7,4.84,69.9,93.57,Normal,14.6,3.66,4.0,0,0.0,206.83,252.97,5,1,5.0
ORD103747,2025-12-26,Rajasthan,Udaipur,Fashion,Bike,7,4.54,8.5,94.5,Rain,8.2,3.83,4.6,0,0.0,184.48,191.36,197,0,4.0
ORD103748,2025-12-02,Delhi,Dwarka,Electronics,Bike,7,2.14,55.0,96.53,Normal,7.1,2.59,3.4,0,0.0,237.86,260.12,90,0,4.6
ORD103749,2025-11-27,Karnataka,Mysuru,Beauty,Van,4,1.3,62.6,94.1,Normal,6.4,2.12,1.7,1,0.42,106.08,127.3,13,1,3.6
ORD103750,2025-08-01,Gujarat,Vadodara,Grocery,Bike,6,2.1,88.2,92.6,Normal,6.4,1.74,3.0,0,0.0,202.81,250.29,5,1,3.5
ORD103751,2025-10-19,Maharashtra,Mumbai,Beauty,Truck,6,2.87,223.3,98.49,Rain,5.7,6.32,6.1,1,0.22,290.39,348.46,5,1,4.3
ORD103752,2025-12-17,Karnataka,Mysuru,Sports,Truck,10,1.42,171.6,93.72,Normal,5.9,4.12,5.0,0,0.0,307.64,372.14,5,1,5.0
ORD103753,2025-04-09,Karnataka,Mangaluru,Electronics,Bike,7,1.15,59.9,98.07,Normal,6.4,1.93,4.4,0,0.0,193.07999999999998,232.12,42,0,5.0
ORD103754,2025-01-14,Rajasthan,Jaipur,Home & Kitchen,Bike,4,2.77,34.8,95.43,Rain,8.7,2.39,2.1,1,0.29,101.6,93.02,5,1,4.1
ORD103755,2025-04-28,Rajasthan,Jaipur,Books,Van,5,2.29,59.1,96.61,Rain,6.4,3.85,4.7,0,0.0,152.52,164.27,111,0,4.3
ORD103756,2025-08-21,Delhi,New Delhi,Sports,Van,2,3.68,76.5,96.6,Normal,4.7,1.45,1.8,0,0.0,136.87,156.72,5,1,5.0
ORD103757,2025-07-19,West Bengal,Durgapur,Fashion,Bike,9,5.42,104.6,94.11,Normal,5.5,5.32,5.0,1,0.32,277.02,326.09,5,1,3.5
ORD103758,2025-01-30,Tamil Nadu,Chennai,Home & Kitchen,Bike,9,3.51,3.8,95.96,Normal,10.3,2.14,3.0,0,0.0,155.36,198.9,138,0,4.2
ORD103759,2025-07-24,Maharashtra,Mumbai,Fashion,Bike,10,0.95,59.8,98.46,Normal,12.6,2.58,2.5,1,0.08,246.31,297.46,5,1,3.9
ORD103760,2025-03-05,Gujarat,Vadodara,Fashion,Van,4,2.0,63.1,97.32,Normal,4.5,4.23,5.7,0,0.0,152.31,181.84,16,0,4.0
ORD103761,2025-07-04,West Bengal,Durgapur,Beauty,Bike,5,2.59,58.6,97.05,Normal,5.5,3.45,4.8,0,0.0,142.97,161.28,46,0,4.0
ORD103762,2025-07-30,West Bengal,Durgapur,Home & Kitchen,Van,6,3.41,222.3,96.23,Normal,5.2,3.25,5.6,0,0.0,297.59,368.28,5,1,5.0
ORD103763,2025-08-21,Telangana,Warangal,Home & Kitchen,Bike,8,3.52,65.6,94.84,Normal,10.3,3.46,4.9,0,0.0,191.09,215.11,56,0,4.0
ORD103764,2025-05-31,Tamil Nadu,Madurai,Grocery,Van,5,1.94,72.2,93.51,Rain,9.6,3.78,5.1,0,0.0,169.03,194.11,48,0,4.8
ORD103765,2025-05-30,Gujarat,Surat,Grocery,Van,5,1.46,206.1,97.95,Normal,7.3,2.49,1.3,1,1.19,311.16,356.37,5,1,3.4
ORD103766,2025-09-05,West Bengal,Durgapur,Grocery,Bike,11,3.88,169.9,94.08,Normal,6.3,4.45,6.0,0,0.0,367.38,441.33,5,1,4.4
ORD103767,2025-10-01,Gujarat,Vadodara,Fashion,Truck,11,2.57,154.9,94.26,Normal,10.1,3.61,5.0,0,0.0,350.9,407.51,6,1,4.7
ORD103768,2025-10-22,West Bengal,Kolkata,Home & Kitchen,Van,3,2.42,85.6,95.19,Normal,6.9,2.1,2.1,0,0.0,179.38,200.4,5,1,4.6
ORD103769,2025-05-02,West Bengal,Durgapur,Fashion,Truck,5,1.27,52.4,92.55,Normal,7.7,4.38,6.8,0,0.0,175.73,225.64,80,0,4.0
ORD103770,2025-06-04,Tamil Nadu,Madurai,Sports,Van,3,7.88,34.1,94.54,Normal,4.4,3.26,4.8,0,0.0,137.95,153.97,72,0,5.0
ORD103771,2025-05-01,Maharashtra,Pune,Fashion,Van,8,2.37,134.0,93.88,Normal,5.3,5.18,6.1,0,0.0,266.5,317.05,5,1,4.6
ORD103772,2025-07-12,Delhi,Rohini,Beauty,Bike,7,1.9,195.0,92.68,Normal,3.6,2.99,4.4,0,0.0,299.32,344.97,5,1,3.6
ORD103773,2025-02-16,West Bengal,Siliguri,Beauty,Van,5,2.37,104.7,93.04,Normal,9.9,4.55,5.7,0,0.0,187.25,219.85,5,1,5.0
ORD103774,2025-06-06,West Bengal,Durgapur,Sports,Van,4,1.85,29.7,95.26,Normal,9.6,2.58,3.5,0,0.0,155.41,174.54,13,1,4.5
ORD103775,2025-03-10,Telangana,Nizamabad,Fashion,Van,5,0.87,81.3,97.18,Rain,2.8,4.88,5.4,0,0.0,172.17,208.09,5,1,4.4
ORD103776,2025-07-14,Maharashtra,Mumbai,Fashion,Bike,9,2.45,151.9,95.19,Rain,6.4,5.75,7.6,0,0.0,272.13,307.87,5,1,4.6
ORD103777,2025-11-07,Delhi,New Delhi,Books,Bike,6,0.78,36.8,93.42,Normal,5.2,1.23,1.0,1,0.23,124.57,150.92,179,0,3.0
ORD103778,2025-12-26,Telangana,Nizamabad,Electronics,Bike,4,2.15,38.3,94.23,Normal,8.9,1.12,2.0,0,0.0,183.47,206.16,225,0,4.1
ORD103779,2025-06-12,West Bengal,Kolkata,Beauty,Bike,6,0.71,99.8,96.05,Normal,7.4,3.13,5.2,0,0.0,211.79,259.77,5,1,4.6
ORD103780,2025-01-21,Telangana,Warangal,Fashion,Van,5,0.5,105.7,97.53,Normal,10.7,3.49,4.3,0,0.0,209.59,252.31,5,1,4.0
ORD103781,2025-03-25,Maharashtra,Pune,Sports,Truck,11,3.0,96.8,97.22,Normal,8.5,4.54,6.0,0,0.0,261.9,346.45,5,1,4.9
ORD103782,2025-02-08,Karnataka,Mysuru,Grocery,Bike,5,0.98,163.8,95.95,Normal,3.5,3.3,4.0,0,0.0,200.13,240.13,5,1,3.8
ORD103783,2025-10-05,West Bengal,Siliguri,Electronics,Bike,3,2.67,71.3,98.27,Normal,4.5,1.76,1.5,1,0.26,121.5,122.52,5,1,3.8
ORD103784,2025-12-26,Gujarat,Ahmedabad,Books,Bike,3,2.25,49.4,94.62,Normal,4.0,1.58,3.1,0,0.0,113.74,130.55,5,1,5.0
ORD103785,2025-07-22,Tamil Nadu,Coimbatore,Grocery,Van,3,2.22,127.3,93.48,Rain,8.9,2.53,4.6,0,0.0,188.28,191.26,5,1,4.0
ORD103786,2025-03-06,Tamil Nadu,Chennai,Beauty,Van,6,1.34,251.7,95.11,Normal,12.1,5.35,5.5,0,0.0,352.96,382.75,5,1,4.5
ORD103787,2025-01-08,Rajasthan,Jaipur,Home & Kitchen,Bike,8,1.85,51.9,97.92,Normal,9.2,4.21,5.4,0,0.0,211.05,239.73,26,1,4.0
ORD103788,2025-12-23,Karnataka,Bengaluru,Electronics,Truck,6,1.31,116.3,96.94,Normal,5.5,3.34,4.3,0,0.0,224.96,274.42,5,1,3.6
ORD103789,2025-04-26,Gujarat,Vadodara,Grocery,Truck,9,3.72,177.0,97.67,Normal,9.2,4.25,4.6,0,0.0,341.83,390.98,5,1,4.8
ORD103790,2025-02-10,Telangana,Hyderabad,Fashion,Van,7,1.47,90.2,95.57,Heavy Rain,3.5,5.45,7.2,0,0.0,235.2,293.98,5,1,4.5
ORD103791,2025-03-06,Rajasthan,Udaipur,Books,Truck,4,1.71,30.7,96.02,Normal,6.1,2.42,2.9,0,0.0,157.32,188.32,25,0,4.5
ORD103792,2025-04-04,Rajasthan,Jodhpur,Home & Kitchen,Van,5,3.27,91.9,95.41,Normal,3.0,5.13,4.9,1,0.23,176.65,226.27,5,1,4.1
ORD103793,2025-08-28,Rajasthan,Jodhpur,Grocery,Truck,6,1.34,102.0,94.27,Rain,8.5,4.47,4.8,0,0.0,221.12,291.45,5,1,4.0
ORD103794,2025-11-22,West Bengal,Siliguri,Home & Kitchen,Bike,5,0.63,61.2,95.91,Rain,6.4,6.12,6.7,0,0.0,167.6,209.74,5,1,3.8
ORD103795,2025-04-11,Gujarat,Vadodara,Grocery,Truck,8,1.01,59.9,95.48,Rain,10.0,4.18,4.3,0,0.0,199.47,239.44,119,0,4.6
ORD103796,2025-09-08,Gujarat,Ahmedabad,Electronics,Bike,4,4.0,24.5,95.04,Normal,8.7,2.97,3.2,0,0.0,117.62,120.8,108,0,5.0
ORD103797,2025-01-24,Delhi,Rohini,Fashion,Van,5,2.12,43.4,97.02,Rain,5.6,3.36,3.0,1,0.36,122.87,133.87,66,0,4.1
ORD103798,2025-01-04,Maharashtra,Nagpur,Home & Kitchen,Truck,3,2.43,47.7,96.19,Normal,8.9,3.6,4.0,0,0.0,124.9,152.68,5,1,3.7
ORD103799,2025-01-21,Rajasthan,Udaipur,Beauty,Van,2,2.44,38.3,98.42,Rain,3.0,3.26,4.1,0,0.0,114.2,120.17,5,1,5.0
ORD103800,2025-12-03,Maharashtra,Mumbai,Home & Kitchen,Bike,3,6.44,68.6,94.46,Normal,13.4,1.24,1.1,1,0.14,197.56,202.24,20,0,3.3
ORD103801,2025-08-01,Tamil Nadu,Coimbatore,Books,Bike,4,0.52,139.7,95.31,Normal,3.1,3.84,3.5,1,0.34,214.19,255.84,5,1,2.9
ORD103802,2025-10-21,Tamil Nadu,Coimbatore,Electronics,Bike,8,1.85,46.3,92.88,Normal,9.9,2.54,2.3,1,0.24,155.06,200.26,5,1,4.9
ORD103803,2025-01-08,Maharashtra,Pune,Beauty,Van,8,2.05,185.8,94.31,Rain,11.2,5.88,6.4,0,0.0,292.96,333.42,5,1,4.1
ORD103804,2025-01-09,Telangana,Warangal,Beauty,Van,5,1.99,98.4,97.25,Normal,7.4,4.81,5.0,0,0.0,168.82,192.24,5,1,4.2
ORD103805,2025-11-06,West Bengal,Durgapur,Electronics,Van,5,3.39,304.2,97.61,Rain,4.6,5.03,4.2,1,0.83,399.55,433.93,5,1,4.5
ORD103806,2025-02-07,Telangana,Warangal,Electronics,Truck,4,3.44,117.2,97.42,Rain,4.9,4.1,3.6,1,0.5,178.03,217.33,5,1,4.8
ORD103807,2025-02-26,Gujarat,Surat,Home & Kitchen,Bike,8,1.75,20.5,98.54,Normal,5.5,2.32,2.9,0,0.0,139.62,167.22,161,0,4.4
ORD103808,2025-07-09,Karnataka,Mangaluru,Beauty,Truck,12,0.67,165.6,97.21,Normal,9.3,3.4,3.7,0,0.0,379.39,469.95,5,1,4.9
ORD103809,2025-08-10,Telangana,Nizamabad,Sports,Van,6,10.28,13.4,96.37,Rain,10.3,4.39,5.0,0,0.0,171.09,196.39,236,0,5.0
ORD103810,2025-03-25,West Bengal,Kolkata,Electronics,Van,2,2.01,17.3,97.49,Normal,7.2,3.62,5.7,0,0.0,87.64,86.15,5,1,3.9
ORD103811,2025-06-12,Gujarat,Surat,Grocery,Van,9,2.13,139.6,94.95,Normal,8.5,2.77,3.7,0,0.0,253.88,306.73,5,1,4.7
ORD103812,2025-09-04,Rajasthan,Udaipur,Grocery,Truck,5,4.57,233.0,93.39,Normal,3.8,5.01,4.0,1,1.01,339.42,390.74,5,1,3.6
ORD103813,2025-06-11,West Bengal,Durgapur,Grocery,Bike,8,1.56,233.5,95.67,Normal,12.2,3.67,3.8,0,0.0,319.09,367.45,5,1,3.8
ORD103814,2025-05-20,Telangana,Nizamabad,Beauty,Van,2,4.66,92.1,95.91,Normal,5.8,2.66,3.6,0,0.0,174.74,191.27,5,1,5.0
ORD103815,2025-01-27,Tamil Nadu,Chennai,Sports,Truck,10,1.65,59.3,96.63,Normal,7.7,4.36,4.4,0,0.0,188.33,223.23,5,1,5.0
ORD103816,2025-06-14,Tamil Nadu,Coimbatore,Beauty,Van,5,6.61,70.3,95.02,Normal,8.1,3.35,3.1,1,0.25,230.34,260.56,5,1,4.3
ORD103817,2025-10-21,Telangana,Nizamabad,Books,Bike,6,2.71,71.2,95.4,Rain,3.3,2.98,4.5,0,0.0,237.02,272.49,5,1,4.8
ORD103818,2025-08-17,Tamil Nadu,Madurai,Home & Kitchen,Van,5,1.3,79.9,97.93,Rain,6.8,4.23,4.5,0,0.0,161.02,206.18,5,1,4.3
ORD103819,2025-11-22,Delhi,Dwarka,Books,Van,8,8.31,41.8,94.34,Rain,8.3,3.29,3.2,1,0.09,176.45,215.5,5,1,4.1
ORD103820,2025-02-16,Maharashtra,Pune,Sports,Bike,4,2.98,77.4,96.39,Normal,6.3,2.6,2.5,1,0.1,160.8,170.78,5,1,4.2
ORD103821,2025-01-05,Karnataka,Mysuru,Sports,Van,6,1.36,52.1,95.48,Normal,10.3,2.33,4.5,0,0.0,121.85,105.61,205,0,5.0
ORD103822,2025-07-20,Gujarat,Vadodara,Home & Kitchen,Truck,4,0.81,38.3,93.58,Normal,3.4,3.91,3.6,1,0.31,114.29,125.93,29,0,3.0
ORD103823,2025-03-07,West Bengal,Durgapur,Books,Van,4,3.17,189.9,95.92,Normal,6.7,3.37,3.9,0,0.0,257.86,301.08,5,1,4.2
ORD103824,2025-08-05,Delhi,New Delhi,Electronics,Bike,8,4.95,105.3,95.06,Normal,6.9,2.07,2.6,0,0.0,286.03,348.61,5,1,4.4
ORD103825,2025-11-26,Maharashtra,Mumbai,Grocery,Van,6,2.59,104.3,95.95,Normal,6.9,2.88,4.2,0,0.0,167.65,205.26,5,1,4.8
ORD103826,2025-05-04,Gujarat,Surat,Fashion,Van,5,2.5,81.2,96.87,Normal,9.1,2.81,2.7,1,0.11,152.32,169.39,5,1,4.8
ORD103827,2025-07-20,Delhi,Rohini,Grocery,Van,5,5.55,41.9,92.84,Normal,7.1,1.95,1.9,1,0.05,186.4,214.72,94,0,4.5
ORD103828,2025-09-06,Karnataka,Mysuru,Fashion,Van,4,2.97,76.1,98.64,Rain,6.1,2.39,3.8,0,0.0,155.84,144.42,28,0,4.3
ORD103829,2025-02-24,Maharashtra,Nagpur,Electronics,Van,3,1.31,228.1,102.22,Normal,1.0,3.55,6.5,0,0.0,332.27,371.95,5,1,4.9
ORD103830,2025-11-24,Karnataka,Mangaluru,Home & Kitchen,Truck,6,1.35,105.5,95.14,Normal,9.2,4.14,4.3,0,0.0,215.01,268.41,5,1,4.4
ORD103831,2025-03-16,Rajasthan,Jodhpur,Electronics,Van,6,2.89,68.3,95.8,Heavy Rain,3.4,6.07,6.2,0,0.0,192.91,213.06,5,1,4.6
ORD103832,2025-10-23,Tamil Nadu,Madurai,Fashion,Truck,7,2.79,96.1,95.41,Normal,6.6,4.81,7.7,0,0.0,233.07,295.13,5,1,5.0
ORD103833,2025-08-29,Tamil Nadu,Coimbatore,Books,Van,11,4.08,58.6,94.96,Normal,7.2,4.15,4.5,0,0.0,254.68,326.77,39,1,3.0
ORD103834,2025-02-21,Telangana,Warangal,Grocery,Bike,3,2.56,56.4,100.53,Normal,1.0,2.27,2.7,0,0.0,133.11,160.26,15,0,4.4
ORD103835,2025-09-22,Karnataka,Mangaluru,Books,Van,8,3.13,144.4,96.41,Normal,8.5,4.01,4.9,0,0.0,281.0,335.88,5,1,4.0
ORD103836,2025-03-13,Karnataka,Mysuru,Books,Bike,5,2.53,81.5,98.24,Rain,6.0,2.64,3.7,0,0.0,216.49,194.07,5,1,4.0
ORD103837,2025-08-07,Karnataka,Mysuru,Fashion,Van,5,3.77,108.6,99.14,Rain,8.5,4.65,5.6,0,0.0,200.09,237.62,5,1,4.2
ORD103838,2025-12-17,West Bengal,Durgapur,Beauty,Bike,4,3.27,78.5,98.93,Normal,8.2,2.56,4.1,0,0.0,179.56,219.44,5,1,3.5
ORD103839,2025-12-14,Telangana,Nizamabad,Beauty,Van,4,1.7,123.8,99.09,Rain,8.1,3.89,3.3,1,0.59,199.56,228.54,5,1,4.6
ORD103840,2025-11-15,Gujarat,Ahmedabad,Electronics,Van,3,1.78,55.9,94.73,Normal,7.5,1.57,2.1,0,0.0,149.75,180.68,5,1,5.0
ORD103841,2025-06-30,Rajasthan,Jaipur,Beauty,Van,6,2.49,62.8,98.76,Normal,8.6,3.84,5.5,0,0.0,212.16,245.78,117,0,4.6
ORD103842,2025-07-24,Gujarat,Surat,Grocery,Van,5,2.17,215.0,96.45,Normal,9.4,3.55,2.2,1,1.35,297.85,344.3,5,1,4.7
ORD103843,2025-04-20,Tamil Nadu,Chennai,Beauty,Bike,7,4.73,17.2,100.13,Normal,8.9,3.12,2.6,1,0.52,136.57,173.87,198,0,3.5
ORD103844,2025-12-03,Maharashtra,Pune,Grocery,Bike,8,2.31,121.7,95.61,Normal,8.6,1.89,3.2,0,0.0,240.38,284.16,5,1,5.0
ORD103845,2025-06-24,Delhi,Dwarka,Electronics,Van,6,0.8,86.8,95.07,Rain,6.8,4.34,5.1,0,0.0,216.73,239.67,22,1,4.2
ORD103846,2025-10-09,Rajasthan,Jodhpur,Grocery,Truck,6,0.93,65.1,97.15,Normal,7.9,3.65,3.8,0,0.0,180.09,216.09,5,1,4.2
ORD103847,2025-05-12,Telangana,Hyderabad,Home & Kitchen,Truck,10,1.72,43.0,98.34,Normal,10.0,3.91,4.9,0,0.0,203.3,251.16,162,0,4.6
ORD103848,2025-09-28,Tamil Nadu,Chennai,Sports,Truck,4,3.22,160.3,93.98,Rain,8.0,4.52,5.6,0,0.0,248.1,297.04,5,1,5.0
ORD103849,2025-03-23,Delhi,Dwarka,Home & Kitchen,Bike,1,1.26,231.6,96.49,Heavy Rain,5.1,4.16,4.1,1,0.06,256.16,274.54,5,0,4.6
ORD103850,2025-09-25,Telangana,Nizamabad,Fashion,Bike,7,3.08,62.2,95.27,Heavy Rain,13.1,5.22,5.9,0,0.0,216.42,269.3,54,0,5.0
ORD103851,2025-01-17,Rajasthan,Udaipur,Fashion,Van,8,1.22,114.2,98.93,Rain,11.8,4.64,4.3,1,0.34,250.5,301.05,5,1,3.1
ORD103852,2025-02-08,Telangana,Warangal,Home & Kitchen,Van,4,2.0,111.4,96.28,Normal,4.6,3.51,5.2,0,0.0,245.56,292.9,5,1,3.9
ORD103853,2025-05-09,Karnataka,Bengaluru,Fashion,Van,9,2.64,116.9,99.35,Normal,8.4,3.42,2.7,1,0.72,267.76,314.0,5,1,3.6
ORD103854,2025-06-25,Maharashtra,Mumbai,Home & Kitchen,Van,7,0.96,29.0,96.06,Normal,11.6,3.24,3.8,0,0.0,158.25,169.86,92,0,5.0
ORD103855,2025-09-17,Tamil Nadu,Coimbatore,Beauty,Van,7,2.6,150.3,97.92,Normal,5.5,2.9,4.3,0,0.0,264.44,292.0,5,1,4.9
ORD103856,2025-05-12,Karnataka,Bengaluru,Sports,Van,7,5.76,21.7,94.91,Normal,5.1,1.61,4.1,0,0.0,155.08,175.95,107,0,3.5
ORD103857,2025-01-07,Rajasthan,Udaipur,Home & Kitchen,Truck,10,1.77,110.5,97.23,Normal,15.4,7.25,7.8,0,0.0,267.93,313.29,5,1,4.3
ORD103858,2025-04-29,Tamil Nadu,Coimbatore,Beauty,Bike,3,2.12,171.3,95.48,Normal,5.1,2.78,6.0,0,0.0,275.17,284.21,5,1,4.1
ORD103859,2025-06-10,Tamil Nadu,Madurai,Books,Truck,6,2.37,53.4,100.23,Heavy Rain,2.3,7.67,7.3,1,0.37,158.99,200.2,27,0,3.8
ORD103860,2025-07-18,Karnataka,Bengaluru,Fashion,Van,4,2.14,85.4,99.43,Normal,4.6,2.77,4.0,0,0.0,163.7,195.01,5,1,5.0
ORD103861,2025-08-24,Delhi,Dwarka,Books,Bike,5,2.05,125.7,97.92,Rain,5.9,3.08,3.2,0,0.0,189.94,221.65,5,1,4.4
ORD103862,2025-04-01,Tamil Nadu,Madurai,Fashion,Truck,4,1.95,64.3,99.39,Rain,8.7,3.98,6.2,0,0.0,216.7,269.46,5,1,4.3
ORD103863,2025-08-11,West Bengal,Kolkata,Fashion,Truck,8,0.73,39.8,96.68,Normal,8.0,4.46,5.1,0,0.0,157.88,202.24,208,0,3.9
ORD103864,2025-08-19,Gujarat,Vadodara,Electronics,Van,3,2.7,929.6,98.7,Normal,2.8,2.93,2.7,1,0.23,802.2,181.44,5,1,4.4
ORD103865,2025-10-11,Karnataka,Mysuru,Electronics,Bike,4,1.0,33.8,97.48,Normal,1.0,1.1,2.9,0,0.0,124.98,140.59,5,1,4.4
ORD103866,2025-07-10,Karnataka,Mysuru,Beauty,Bike,9,2.57,14.3,98.58,Normal,9.7,1.8,2.1,0,0.0,176.84,225.8,132,0,4.0
ORD103867,2025-10-23,Maharashtra,Pune,Books,Van,4,3.18,82.5,97.9,Rain,6.9,2.62,2.2,1,0.42,198.55,204.0,5,1,4.3
ORD103868,2025-03-22,Tamil Nadu,Madurai,Electronics,Bike,9,2.62,64.6,97.6,Normal,11.5,3.35,3.8,0,0.0,223.49,239.74,189,0,4.3
ORD103869,2025-09-17,Telangana,Nizamabad,Sports,Bike,8,1.13,117.4,94.47,Heavy Rain,6.3,5.59,7.2,0,0.0,204.81,254.08,5,1,4.4
ORD103870,2025-01-17,Gujarat,Ahmedabad,Fashion,Van,5,2.47,86.9,96.59,Normal,6.4,2.97,3.5,0,0.0,172.08,205.68,5,1,3.9
ORD103871,2025-02-07,West Bengal,Durgapur,Fashion,Bike,7,1.75,254.9,101.05,Normal,6.3,3.56,3.9,0,0.0,397.36,464.81,5,1,3.4
ORD103872,2025-11-12,Rajasthan,Udaipur,Sports,Van,2,1.37,164.0,97.6,Rain,4.3,3.53,4.2,0,0.0,245.5,272.79,5,1,4.9
ORD103873,2025-06-23,Telangana,Hyderabad,Sports,Van,7,7.7,93.5,96.55,Heavy Rain,9.3,6.71,5.2,1,1.51,260.81,326.42,5,1,4.0
ORD103874,2025-08-15,Maharashtra,Pune,Beauty,Bike,5,1.12,151.8,97.95,Normal,5.7,2.96,6.2,0,0.0,282.15,332.73,5,1,4.7
ORD103875,2025-08-09,Maharashtra,Nagpur,Home & Kitchen,Van,4,2.78,179.7,95.14,Normal,2.5,4.19,4.8,0,0.0,263.08,266.13,5,1,4.4
ORD103876,2025-09-11,Maharashtra,Mumbai,Home & Kitchen,Bike,5,5.43,179.7,97.06,Normal,10.7,4.19,5.8,0,0.0,324.49,345.47,5,1,4.2
ORD103877,2025-03-31,Gujarat,Surat,Home & Kitchen,Bike,4,2.58,36.5,98.27,Rain,7.2,1.52,3.6,0,0.0,120.89,113.25,45,0,4.6
ORD103878,2025-03-07,Maharashtra,Pune,Books,Van,1,1.35,42.9,98.85,Normal,7.1,2.06,1.8,1,0.26,138.49,148.81,5,0,4.3
ORD103879,2025-01-16,Tamil Nadu,Chennai,Home & Kitchen,Van,11,1.41,200.0,98.61,Normal,12.3,5.82,5.4,1,0.42,351.93,422.79,5,1,4.1
ORD103880,2025-11-12,Telangana,Hyderabad,Grocery,Bike,10,0.81,84.4,100.74,Normal,8.1,2.25,4.4,0,0.0,210.44,286.21,92,0,4.1
ORD103881,2025-03-23,Gujarat,Surat,Home & Kitchen,Van,3,2.14,88.0,96.83,Normal,5.8,2.03,2.0,1,0.03,136.16,147.63,5,1,4.5
ORD103882,2025-07-29,Delhi,New Delhi,Fashion,Van,4,2.19,107.5,95.36,Normal,4.0,1.87,2.2,0,0.0,231.85,247.28,5,1,4.5
ORD103883,2025-06-16,Telangana,Nizamabad,Fashion,Van,7,1.71,71.6,97.44,Normal,9.8,2.33,2.3,1,0.03,233.9,274.29,31,0,4.0
ORD103884,2025-03-01,Maharashtra,Pune,Beauty,Bike,3,5.08,212.2,97.09,Normal,2.8,3.37,1.4,1,1.97,277.02,299.02,5,1,3.4
ORD103885,2025-06-01,Gujarat,Vadodara,Beauty,Van,5,1.97,98.7,98.47,Normal,7.5,2.97,3.5,0,0.0,182.55,210.58,5,1,4.2
ORD103886,2025-01-31,Maharashtra,Pune,Sports,Van,3,0.74,142.2,97.64,Rain,7.4,3.0,3.6,0,0.0,150.19,193.1,5,1,4.6
ORD103887,2025-03-06,West Bengal,Kolkata,Sports,Bike,6,5.4,60.7,98.44,Heavy Rain,4.4,3.68,5.3,0,0.0,163.31,206.24,5,1,3.8
ORD103888,2025-02-20,Rajasthan,Jodhpur,Grocery,Van,6,0.95,67.4,98.39,Rain,10.3,3.43,3.7,0,0.0,169.28,217.34,5,1,4.3
ORD103889,2025-10-28,Maharashtra,Nagpur,Electronics,Van,5,2.87,41.9,99.83,Normal,2.1,3.74,3.9,0,0.0,143.41,148.85,166,0,4.2
ORD103890,2025-07-27,West Bengal,Durgapur,Sports,Bike,4,3.13,130.9,98.23,Normal,3.5,2.2,3.4,0,0.0,171.98,212.06,5,1,4.4
ORD103891,2025-12-04,Delhi,New Delhi,Sports,Van,5,1.96,75.1,98.65,Normal,6.9,1.47,3.0,0,0.0,140.27,169.42,5,1,4.7
ORD103892,2025-06-09,Karnataka,Bengaluru,Sports,Van,6,3.8,131.1,101.51,Rain,9.3,4.17,3.8,1,0.37,298.7,373.96,5,1,3.1
ORD103893,2025-03-15,West Bengal,Durgapur,Fashion,Bike,7,2.18,123.0,95.38,Normal,4.3,2.42,1.3,1,1.12,276.44,329.99,5,1,4.8
ORD103894,2025-08-11,Delhi,Rohini,Home & Kitchen,Truck,8,1.64,38.8,98.68,Heavy Rain,9.8,6.96,9.7,0,0.0,180.2,224.97,146,0,4.5
ORD103895,2025-12-06,Telangana,Warangal,Grocery,Van,8,0.53,69.2,98.17,Normal,9.9,3.34,5.4,0,0.0,203.73,259.46,21,1,4.8
ORD103896,2025-07-14,Gujarat,Ahmedabad,Fashion,Van,5,0.67,35.4,98.49,Rain,5.8,3.0,3.1,0,0.0,132.4,165.39,35,0,5.0
ORD103897,2025-01-07,West Bengal,Kolkata,Fashion,Truck,8,12.4,39.4,99.47,Normal,9.6,3.98,4.4,0,0.0,233.49,289.64,127,0,5.0
ORD103898,2025-04-21,Tamil Nadu,Coimbatore,Fashion,Truck,5,3.34,32.9,96.95,Rain,10.1,3.69,4.3,0,0.0,144.94,184.57,5,1,4.6
ORD103899,2025-12-04,Gujarat,Surat,Beauty,Van,4,4.69,44.6,97.45,Rain,10.8,2.82,2.7,1,0.12,111.88,127.61,5,1,3.4
ORD103900,2025-07-09,Maharashtra,Mumbai,Home & Kitchen,Van,4,10.63,50.9,99.82,Normal,6.4,4.98,5.1,0,0.0,183.37,199.72,5,1,3.8
ORD103901,2025-12-14,Maharashtra,Nagpur,Grocery,Bike,1,1.64,290.1,98.24,Normal,3.5,3.44,4.0,0,0.0,281.05,330.42,5,0,4.7
ORD103902,2025-07-05,West Bengal,Kolkata,Grocery,Bike,12,1.9,64.1,96.82,Heavy Rain,9.0,5.26,4.7,1,0.56,245.15,291.55,124,0,3.7
ORD103903,2025-01-05,Tamil Nadu,Chennai,Beauty,Truck,4,0.71,136.1,99.98,Heavy Rain,3.8,5.75,8.5,0,0.0,226.64,269.69,5,1,5.0
ORD103904,2025-11-15,Maharashtra,Pune,Electronics,Van,8,1.72,112.7,99.73,Rain,11.1,3.93,3.1,1,0.83,233.37,286.57,5,1,3.5
ORD103905,2025-10-06,Telangana,Nizamabad,Sports,Truck,7,1.69,98.3,98.9,Rain,8.9,5.71,4.5,1,1.21,227.96,267.32,5,1,3.3
ORD103906,2025-09-19,Rajasthan,Jodhpur,Fashion,Bike,9,1.61,147.1,99.37,Normal,8.3,1.39,2.9,0,0.0,288.92,349.42,5,1,3.9
ORD103907,2025-12-21,Maharashtra,Nagpur,Fashion,Bike,7,4.12,93.6,99.67,Normal,10.7,2.43,2.8,0,0.0,241.66,281.47,5,1,5.0
ORD103908,2025-03-13,Delhi,New Delhi,Fashion,Bike,3,3.31,41.9,98.51,Normal,8.4,0.85,1.9,0,0.0,137.86,149.32,7,1,5.0
ORD103909,2025-11-27,Maharashtra,Pune,Fashion,Van,6,3.78,105.6,99.26,Normal,10.0,3.93,4.6,0,0.0,206.74,255.14,5,1,3.9
ORD103910,2025-03-26,West Bengal,Kolkata,Grocery,Bike,4,0.94,122.8,96.58,Normal,7.9,2.47,2.8,0,0.0,169.15,181.15,5,1,4.3
ORD103911,2025-12-21,Telangana,Hyderabad,Electronics,Bike,6,2.12,34.7,98.37,Normal,10.9,1.29,1.9,0,0.0,117.8,127.14,97,0,4.3
ORD103912,2025-03-11,Karnataka,Mysuru,Sports,Truck,7,2.6,92.7,100.51,Normal,4.3,3.7,4.7,0,0.0,198.42,246.39,5,1,3.5
ORD103913,2025-07-20,Rajasthan,Jaipur,Electronics,Van,6,7.0,142.6,102.75,Normal,9.2,4.1,5.8,0,0.0,301.1,325.54,5,1,4.4
ORD103914,2025-10-16,Tamil Nadu,Chennai,Sports,Van,4,2.24,79.4,99.04,Normal,10.6,4.04,4.0,1,0.04,188.79,233.82,5,1,4.3
ORD103915,2025-01-29,West Bengal,Kolkata,Grocery,Bike,11,1.87,236.7,97.21,Rain,8.3,5.16,6.3,0,0.0,390.28,457.85,5,1,4.5
ORD103916,2025-01-25,Karnataka,Mangaluru,Electronics,Van,3,4.21,52.7,98.23,Rain,5.1,3.25,3.5,0,0.0,136.83,134.39,45,0,4.4
ORD103917,2025-11-07,Maharashtra,Pune,Beauty,Van,5,1.76,65.5,96.27,Normal,6.0,2.73,3.1,0,0.0,133.48,159.11,5,1,4.3
ORD103918,2025-01-23,Gujarat,Surat,Home & Kitchen,Bike,8,2.82,108.6,100.12,Normal,8.1,1.38,1.3,1,0.08,217.86,289.76,5,1,3.7
ORD103919,2025-08-13,Telangana,Nizamabad,Sports,Van,3,2.77,55.5,99.02,Heavy Rain,9.1,4.14,4.6,0,0.0,149.27,154.84,143,0,4.6
ORD103920,2025-12-09,Karnataka,Mysuru,Grocery,Truck,6,1.48,54.6,97.24,Normal,7.3,1.49,1.1,1,0.39,156.18,185.59,5,1,4.7
ORD103921,2025-08-13,Tamil Nadu,Madurai,Beauty,Bike,7,1.33,170.9,98.64,Normal,10.4,4.67,4.3,1,0.37,280.25,337.24,5,1,3.7
ORD103922,2025-06-25,Delhi,Dwarka,Fashion,Truck,8,1.97,66.2,100.27,Rain,9.2,3.88,3.7,1,0.18,221.36,290.52,10,1,3.5
ORD103923,2025-06-02,Telangana,Hyderabad,Sports,Bike,3,1.52,143.4,99.12,Rain,8.6,4.0,2.6,1,1.4,226.59,240.97,5,1,3.3
ORD103924,2025-08-21,West Bengal,Kolkata,Grocery,Bike,4,0.76,38.1,97.81,Rain,6.6,1.99,1.8,1,0.19,117.57,126.89,5,1,5.0
ORD103925,2025-07-28,West Bengal,Kolkata,Beauty,Bike,5,3.22,65.0,100.92,Normal,6.5,2.22,2.4,0,0.0,204.17,208.85,5,1,5.0
ORD103926,2025-07-03,West Bengal,Kolkata,Fashion,Truck,3,2.92,63.0,99.72,Rain,3.1,3.84,4.8,0,0.0,133.56,160.95,35,0,4.5
ORD103927,2025-02-26,Karnataka,Bengaluru,Home & Kitchen,Van,8,1.24,66.4,97.74,Normal,1.9,3.81,3.2,1,0.61,176.83,220.59,26,1,4.0
ORD103928,2025-08-30,Tamil Nadu,Coimbatore,Grocery,Van,8,1.17,38.2,99.19,Normal,7.0,2.74,3.4,0,0.0,142.09,192.43,91,0,4.4
ORD103929,2025-09-28,West Bengal,Siliguri,Beauty,Van,4,2.77,60.1,95.36,Normal,1.0,2.33,3.3,0,0.0,185.32,215.03,5,1,3.9
ORD103930,2025-09-16,Karnataka,Bengaluru,Books,Truck,5,6.29,78.8,99.66,Normal,7.3,1.62,2.0,0,0.0,188.64,227.75,5,1,4.5
ORD103931,2025-01-28,Karnataka,Bengaluru,Beauty,Van,5,3.91,18.8,104.24,Normal,8.9,4.04,4.9,0,0.0,134.71,160.95,98,0,3.7
ORD103932,2025-09-14,West Bengal,Siliguri,Beauty,Van,5,4.39,53.6,101.2,Normal,7.3,2.58,3.4,0,0.0,216.9,252.38,30,0,4.1
ORD103933,2025-09-24,Rajasthan,Jaipur,Fashion,Van,5,1.65,107.9,98.95,Normal,1.0,3.21,3.5,0,0.0,186.73,202.03,5,1,4.2
ORD103934,2025-03-08,Delhi,Rohini,Grocery,Van,10,2.64,47.4,99.72,Heavy Rain,7.8,4.4,4.5,0,0.0,217.41,267.0,120,0,5.0
ORD103935,2025-11-06,Karnataka,Mysuru,Fashion,Van,4,1.85,90.6,100.28,Normal,7.9,3.71,4.5,0,0.0,181.96,184.0,5,1,4.5
ORD103936,2025-07-11,Tamil Nadu,Madurai,Books,Bike,7,1.26,44.9,100.42,Normal,10.7,1.84,1.5,1,0.34,169.77,220.37,45,0,3.4
ORD103937,2025-06-22,Karnataka,Mysuru,Home & Kitchen,Truck,7,2.29,74.4,99.13,Normal,9.0,3.46,2.1,1,1.36,225.22,297.29,5,1,4.4
ORD103938,2025-09-21,Gujarat,Surat,Grocery,Bike,5,1.15,14.1,95.44,Rain,6.8,2.42,2.4,1,0.02,124.26,137.29,138,0,3.9
ORD103939,2025-07-06,Delhi,New Delhi,Sports,Truck,5,1.24,106.0,98.75,Heavy Rain,8.0,6.19,6.3,0,0.0,207.21,252.75,5,1,4.0
ORD103940,2025-07-18,Tamil Nadu,Coimbatore,Grocery,Van,7,1.51,54.6,98.33,Normal,12.2,2.79,3.6,0,0.0,221.13,267.91,198,0,4.8
ORD103941,2025-04-24,Rajasthan,Udaipur,Fashion,Bike,5,1.62,133.3,99.25,Rain,7.0,3.98,4.7,0,0.0,193.54,252.99,5,1,4.6
ORD103942,2025-12-05,Gujarat,Vadodara,Grocery,Bike,14,1.98,69.1,98.1,Normal,6.4,3.06,3.1,0,0.0,249.88,312.3,159,0,3.3
ORD103943,2025-12-20,Gujarat,Ahmedabad,Home & Kitchen,Van,8,0.53,58.0,100.56,Normal,6.6,2.89,3.6,0,0.0,187.38,215.87,12,1,4.6
ORD103944,2025-02-17,Maharashtra,Mumbai,Electronics,Van,3,1.1,49.2,103.14,Rain,4.3,4.65,6.1,0,0.0,136.87,161.92,23,0,4.1
ORD103945,2025-09-25,West Bengal,Kolkata,Books,Truck,4,5.59,54.2,101.27,Normal,4.1,2.64,3.1,0,0.0,164.2,214.61,5,1,4.0
ORD103946,2025-01-09,Telangana,Nizamabad,Books,Van,2,2.0,52.8,99.41,Normal,4.1,2.55,2.4,1,0.15,103.69,119.3,77,0,3.8
ORD103947,2025-05-15,Tamil Nadu,Chennai,Electronics,Bike,8,2.9,44.3,102.28,Normal,15.0,2.41,2.7,0,0.0,220.65,278.33,117,0,3.5
ORD103948,2025-12-21,Delhi,Rohini,Sports,Van,8,2.64,47.1,101.28,Normal,5.5,3.39,4.7,0,0.0,210.54,263.44,39,0,4.4
ORD103949,2025-03-05,Telangana,Warangal,Fashion,Van,6,1.88,227.2,100.91,Normal,6.0,3.98,3.3,1,0.68,318.16,380.56,5,1,4.0
ORD103950,2025-05-18,Maharashtra,Mumbai,Sports,Truck,5,1.13,70.5,98.59,Normal,13.8,3.57,4.8,0,0.0,209.2,245.3,5,1,4.0
ORD103951,2025-03-22,Maharashtra,Nagpur,Books,Van,5,1.41,19.2,99.38,Heavy Rain,8.3,4.37,4.5,0,0.0,110.59,129.32,83,0,4.3
ORD103952,2025-09-23,Tamil Nadu,Madurai,Sports,Truck,5,7.19,19.2,100.72,Normal,8.4,2.52,4.1,0,0.0,146.01,202.17,110,0,4.5
ORD103953,2025-06-19,Maharashtra,Pune,Books,Bike,7,1.42,230.7,103.57,Normal,8.9,3.23,4.1,0,0.0,307.73,350.4,5,1,4.8
ORD103954,2025-08-05,Delhi,Rohini,Sports,Van,6,6.17,68.6,102.3,Rain,8.2,2.28,3.5,0,0.0,212.69,252.73,40,0,4.8
ORD103955,2025-12-11,Telangana,Nizamabad,Grocery,Van,4,1.54,32.6,100.8,Normal,5.3,2.5,4.0,0,0.0,170.56,197.22,231,0,4.2
ORD103956,2025-07-10,Tamil Nadu,Coimbatore,Home & Kitchen,Van,4,1.64,142.9,100.04,Normal,7.3,3.07,4.7,0,0.0,274.93,313.34,5,1,4.3
ORD103957,2025-09-25,Telangana,Hyderabad,Fashion,Bike,1,2.12,48.1,101.15,Rain,6.9,2.41,3.8,0,0.0,95.42,88.99,5,0,3.7
ORD103958,2025-02-05,Tamil Nadu,Madurai,Grocery,Van,7,1.8,76.8,100.76,Normal,3.3,2.95,2.7,1,0.25,188.37,226.78,5,1,3.6
ORD103959,2025-03-20,Telangana,Nizamabad,Electronics,Bike,7,1.09,85.1,102.58,Normal,6.3,3.07,4.4,0,0.0,206.39,236.67,5,1,5.0
ORD103960,2025-12-12,Maharashtra,Nagpur,Sports,Bike,9,2.0,34.6,97.87,Normal,4.0,1.07,1.0,1,0.07,222.53,276.71,198,0,3.4
ORD103961,2025-11-10,Telangana,Nizamabad,Home & Kitchen,Bike,6,0.77,48.9,99.92,Normal,4.8,2.52,2.1,1,0.42,162.81,196.53,5,1,4.6
ORD103962,2025-08-28,Telangana,Warangal,Sports,Van,6,2.55,116.7,101.25,Normal,8.6,3.72,4.3,0,0.0,251.85,312.16,5,1,3.9
ORD103963,2025-05-19,Maharashtra,Pune,Fashion,Bike,7,2.33,172.1,102.47,Normal,6.6,4.36,6.1,0,0.0,312.7,382.95,5,1,4.9
ORD103964,2025-03-14,Tamil Nadu,Madurai,Books,Van,5,3.23,124.4,103.44,Rain,6.4,5.77,6.3,0,0.0,259.27,288.29,5,1,4.6
ORD103965,2025-11-07,Gujarat,Vadodara,Sports,Truck,6,1.46,94.3,97.33,Rain,1.0,5.77,5.7,1,0.07,226.14,291.05,5,1,4.9
ORD103966,2025-10-14,Maharashtra,Mumbai,Fashion,Van,8,3.25,57.8,98.68,Normal,4.7,2.67,3.9,0,0.0,187.84,217.58,56,0,3.2
ORD103967,2025-03-30,Telangana,Warangal,Grocery,Van,7,2.66,102.2,99.87,Rain,4.8,4.41,4.6,0,0.0,234.64,294.98,5,1,4.1
ORD103968,2025-08-04,Rajasthan,Jodhpur,Home & Kitchen,Van,4,2.19,114.3,97.78,Normal,2.3,4.55,5.6,0,0.0,192.44,204.59,5,1,5.0
ORD103969,2025-08-14,Gujarat,Vadodara,Books,Bike,5,7.28,169.3,103.04,Normal,8.0,3.1,3.9,0,0.0,319.26,381.94,5,1,4.6
ORD103970,2025-06-24,Karnataka,Mangaluru,Books,Van,5,2.73,74.5,100.28,Normal,7.2,2.54,2.3,1,0.24,193.77,212.18,5,1,4.2
ORD103971,2025-12-05,Delhi,New Delhi,Home & Kitchen,Bike,9,1.49,278.1,102.19,Rain,10.3,5.09,6.8,0,0.0,429.39,493.74,5,1,4.0
ORD103972,2025-02-15,Rajasthan,Udaipur,Electronics,Bike,9,5.47,136.2,99.78,Normal,12.0,4.29,3.5,1,0.79,311.59,361.39,5,1,3.3
ORD103973,2025-04-05,Tamil Nadu,Coimbatore,Fashion,Bike,2,2.81,69.5,100.86,Normal,9.5,1.56,1.4,1,0.16,102.5,109.95,5,1,4.6
ORD103974,2025-02-04,West Bengal,Kolkata,Home & Kitchen,Van,6,6.4,152.3,97.69,Normal,8.8,4.37,5.6,0,0.0,300.86,363.62,5,1,4.5
ORD103975,2025-09-10,West Bengal,Durgapur,Books,Bike,8,0.6,59.5,98.26,Normal,8.3,1.89,5.1,0,0.0,159.19,172.78,72,0,5.0
ORD103976,2025-08-24,Gujarat,Ahmedabad,Home & Kitchen,Bike,4,1.66,48.4,98.31,Normal,7.3,3.97,3.0,1,0.97,112.91,142.45,70,0,3.9
ORD103977,2025-12-27,Karnataka,Mangaluru,Sports,Truck,11,1.66,19.6,97.12,Normal,6.5,3.72,4.3,0,0.0,222.91,286.34,248,0,4.9
ORD103978,2025-07-17,Maharashtra,Nagpur,Sports,Bike,3,0.59,224.4,102.07,Normal,6.8,3.43,2.0,1,1.43,277.77,301.02,5,1,4.4
ORD103979,2025-02-24,Karnataka,Mangaluru,Sports,Van,7,2.24,58.1,100.22,Normal,6.4,3.31,3.8,0,0.0,152.23,180.47,46,0,4.8
ORD103980,2025-06-14,Telangana,Warangal,Beauty,Van,4,1.58,113.3,102.17,Normal,3.5,3.18,3.2,0,0.0,183.81,198.49,5,1,4.9
ORD103981,2025-02-02,Tamil Nadu,Coimbatore,Home & Kitchen,Van,4,0.55,137.5,100.08,Heavy Rain,2.0,5.96,6.6,0,0.0,235.29,263.0,5,1,5.0
ORD103982,2025-09-02,Gujarat,Surat,Books,Bike,7,1.22,59.7,102.33,Normal,1.5,3.08,5.0,0,0.0,170.62,219.42,5,1,4.5
ORD103983,2025-09-04,Telangana,Nizamabad,Grocery,Bike,7,4.96,63.7,102.04,Normal,7.4,2.73,4.2,0,0.0,234.61,264.58,81,0,4.2
ORD103984,2025-11-10,Rajasthan,Jaipur,Sports,Truck,4,3.64,19.2,100.13,Heavy Rain,5.1,6.24,6.6,0,0.0,144.01,174.63,5,1,5.0
ORD103985,2025-05-05,Gujarat,Vadodara,Fashion,Van,8,1.27,36.1,100.72,Normal,6.1,3.32,4.6,0,0.0,197.37,232.18,32,0,5.0
ORD103986,2025-04-24,Maharashtra,Pune,Electronics,Bike,8,1.24,24.7,101.02,Normal,5.1,1.74,2.5,0,0.0,177.6,242.69,138,0,4.1
ORD103987,2025-01-27,Delhi,Dwarka,Sports,Bike,3,3.52,259.1,102.42,Normal,5.1,3.04,2.8,1,0.24,193.07999999999998,349.78,5,1,4.9
ORD103988,2025-06-01,West Bengal,Siliguri,Books,Van,6,0.56,66.8,100.37,Rain,4.4,3.76,4.4,0,0.0,167.03,186.19,17,1,3.9
ORD103989,2025-06-23,Rajasthan,Jaipur,Home & Kitchen,Bike,7,2.96,47.1,101.09,Normal,8.0,3.89,5.0,0,0.0,190.98,228.24,87,0,4.5
ORD103990,2025-10-03,Maharashtra,Mumbai,Grocery,Van,3,0.61,56.2,97.81,Normal,8.0,2.74,6.7,0,0.0,107.72,136.94,23,0,3.7
ORD103991,2025-10-03,Delhi,New Delhi,Electronics,Van,7,5.86,76.2,98.9,Normal,6.9,3.26,5.1,0,0.0,236.4,265.45,23,1,3.5
ORD103992,2025-02-21,Gujarat,Vadodara,Beauty,Van,6,3.09,42.1,99.18,Normal,10.2,2.95,4.3,0,0.0,190.65,239.05,79,0,4.4
ORD103993,2025-04-15,Maharashtra,Mumbai,Fashion,Truck,9,0.61,111.1,101.45,Normal,6.3,4.35,3.4,1,0.95,223.75,256.8,5,1,4.1
ORD103994,2025-07-06,Gujarat,Surat,Fashion,Van,6,1.57,137.5,99.28,Rain,2.5,3.62,4.5,0,0.0,201.06,235.17,5,1,4.4
ORD103995,2025-05-03,West Bengal,Kolkata,Home & Kitchen,Truck,6,2.48,67.8,100.77,Normal,10.8,5.12,7.1,0,0.0,187.47,227.92,5,1,5.0
ORD103996,2025-01-10,Karnataka,Mangaluru,Home & Kitchen,Van,3,0.55,50.2,100.29,Normal,1.0,3.14,4.3,0,0.0,182.76,215.47,95,0,3.8
ORD103997,2025-11-05,Tamil Nadu,Madurai,Fashion,Van,4,1.96,58.9,100.61,Normal,5.2,4.27,6.0,0,0.0,148.44,192.7,47,0,4.5
ORD103998,2025-09-24,Karnataka,Mysuru,Home & Kitchen,Van,6,2.75,37.2,102.18,Normal,9.4,3.0,4.1,0,0.0,125.66,174.96,54,0,4.1
ORD103999,2025-07-09,Delhi,New Delhi,Fashion,Van,7,0.52,64.3,100.94,Normal,10.6,2.45,4.1,0,0.0,196.89,235.02,108,0,4.3
ORD104000,2025-04-26,Rajasthan,Jodhpur,Beauty,Bike,5,3.27,118.4,100.21,Normal,6.7,1.57,1.0,1,0.57,233.7,284.91,5,1,3.5
ORD104001,2025-11-04,Karnataka,Mangaluru,Grocery,Truck,4,1.86,195.1,101.4,Normal,5.2,5.33,7.5,0,0.0,292.96,350.36,5,1,4.3
ORD104002,2025-01-13,Delhi,Rohini,Grocery,Truck,6,3.65,94.1,103.6,Rain,12.8,4.38,5.8,0,0.0,271.18,316.43,5,1,4.4
ORD104003,2025-06-12,Gujarat,Surat,Home & Kitchen,Bike,3,1.73,116.7,100.81,Normal,8.6,3.11,4.9,0,0.0,161.07,179.59,5,1,3.8
ORD104004,2025-10-20,Telangana,Warangal,Electronics,Van,5,1.01,68.7,98.43,Rain,9.6,5.32,6.1,0,0.0,184.71,216.48,5,1,5.0
ORD104005,2025-12-14,West Bengal,Durgapur,Books,Van,9,0.95,146.5,98.28,Heavy Rain,9.4,6.18,7.4,0,0.0,193.07999999999998,359.49,5,1,5.0
ORD104006,2025-04-02,Rajasthan,Jaipur,Sports,Truck,6,1.64,43.7,100.16,Normal,8.8,3.54,4.9,0,0.0,168.05,206.61,137,0,4.6
ORD104007,2025-08-26,West Bengal,Kolkata,Sports,Van,2,1.78,29.2,98.63,Normal,6.6,3.37,3.9,0,0.0,79.71,85.53,232,0,4.4
ORD104008,2025-03-11,Delhi,Rohini,Sports,Van,8,4.02,66.4,96.4,Rain,8.0,3.39,3.4,0,0.0,181.32,238.65,54,0,4.3
ORD104009,2025-02-12,Delhi,Dwarka,Grocery,Van,8,1.68,101.2,100.2,Normal,3.4,1.63,1.3,1,0.33,277.8,315.36,5,1,4.4
ORD104010,2025-05-09,Telangana,Nizamabad,Sports,Bike,6,2.0,27.7,101.43,Rain,3.8,4.6,5.2,0,0.0,182.31,218.01,145,0,3.9
ORD104011,2025-11-20,West Bengal,Durgapur,Fashion,Van,9,1.5,216.3,103.25,Normal,10.0,3.86,3.8,1,0.06,405.49,473.3,5,1,4.2
ORD104012,2025-09-09,Maharashtra,Pune,Books,Van,3,0.75,38.0,100.75,Rain,9.1,2.51,2.6,0,0.0,92.89,123.03,121,0,4.3
ORD104013,2025-06-28,Telangana,Warangal,Sports,Van,6,2.53,55.0,101.35,Normal,7.9,3.94,6.0,0,0.0,169.5,212.2,5,1,4.3
ORD104014,2025-04-14,West Bengal,Siliguri,Books,Bike,5,2.94,101.4,101.74,Normal,4.3,1.27,3.4,0,0.0,238.11,280.26,5,1,4.4
ORD104015,2025-02-21,Tamil Nadu,Chennai,Fashion,Van,5,3.28,92.1,100.98,Rain,7.6,4.1,4.5,0,0.0,196.76,222.96,5,1,4.6
ORD104016,2025-04-09,Telangana,Warangal,Fashion,Van,7,1.65,149.5,99.65,Normal,8.6,4.1,6.0,0,0.0,253.09,291.31,5,1,3.7
ORD104017,2025-02-25,Delhi,Rohini,Home & Kitchen,Bike,6,1.28,120.5,104.78,Heavy Rain,2.5,5.69,6.2,0,0.0,239.05,282.39,5,1,4.0
ORD104018,2025-03-10,Maharashtra,Mumbai,Fashion,Bike,6,1.44,38.8,99.11,Rain,11.0,3.69,4.1,0,0.0,121.02,153.26,5,1,4.2
ORD104019,2025-09-08,Maharashtra,Mumbai,Books,Van,6,1.9,56.5,101.65,Normal,9.5,2.89,3.9,0,0.0,125.75,193.67,5,1,4.6
ORD104020,2025-02-18,Rajasthan,Jaipur,Grocery,Truck,6,1.45,107.3,99.52,Rain,4.6,5.49,5.5,0,0.0,275.7,325.95,5,1,3.5
ORD104021,2025-01-18,Karnataka,Mysuru,Home & Kitchen,Van,10,5.73,68.4,101.14,Rain,9.0,5.91,6.3,0,0.0,244.06,293.68,181,0,5.0
ORD104022,2025-07-17,West Bengal,Kolkata,Grocery,Van,7,1.59,38.2,101.7,Normal,6.8,2.74,4.6,0,0.0,184.58,208.74,5,1,5.0
ORD104023,2025-04-15,Maharashtra,Pune,Fashion,Van,3,1.88,14.2,100.61,Rain,9.5,2.42,3.4,0,0.0,88.01,86.49,157,0,4.1
ORD104024,2025-06-15,Karnataka,Bengaluru,Beauty,Truck,6,1.24,171.4,98.81,Normal,5.8,3.26,4.3,0,0.0,282.67,312.69,5,1,4.5
ORD104025,2025-02-21,Rajasthan,Jaipur,Fashion,Van,5,1.25,54.5,100.39,Normal,3.9,3.84,4.3,0,0.0,155.08,165.59,5,1,5.0
ORD104026,2025-03-18,Maharashtra,Mumbai,Beauty,Bike,7,0.88,106.6,103.05,Normal,7.3,2.63,3.0,0,0.0,187.73,224.25,5,1,4.5
ORD104027,2025-06-10,West Bengal,Siliguri,Grocery,Bike,10,1.03,40.3,98.34,Rain,6.0,3.38,4.2,0,0.0,183.95,243.35,206,0,4.3
ORD104028,2025-09-09,Tamil Nadu,Coimbatore,Grocery,Bike,1,6.8,94.7,104.0,Normal,8.6,2.74,4.1,0,0.0,192.44,214.18,5,0,5.0
ORD104029,2025-06-01,West Bengal,Kolkata,Grocery,Truck,7,2.87,16.9,101.25,Normal,7.6,3.93,4.9,0,0.0,159.12,182.51,147,0,5.0
ORD104030,2025-07-17,Maharashtra,Pune,Fashion,Van,5,1.62,39.8,102.39,Rain,4.0,4.78,6.0,0,0.0,141.34,157.09,45,0,4.2
ORD104031,2025-07-10,Rajasthan,Udaipur,Grocery,Van,4,1.31,60.6,99.22,Rain,4.7,3.96,3.0,1,0.96,96.81,118.49,5,1,3.5
ORD104032,2025-04-09,Telangana,Nizamabad,Home & Kitchen,Van,3,4.49,43.8,100.87,Normal,5.4,3.51,3.3,1,0.21,150.17,162.32,87,0,4.2
ORD104033,2025-04-13,West Bengal,Siliguri,Fashion,Truck,8,1.17,48.7,99.95,Rain,7.1,4.59,4.7,0,0.0,172.29,205.38,93,0,4.2
ORD104034,2025-06-05,Karnataka,Mysuru,Beauty,Truck,10,0.67,123.5,101.7,Normal,4.4,2.7,3.8,0,0.0,193.07999999999998,286.59,5,1,3.9
ORD104035,2025-01-12,Maharashtra,Pune,Grocery,Van,8,2.74,54.2,99.22,Heavy Rain,5.2,4.66,5.7,0,0.0,176.8,199.4,56,0,4.2
ORD104036,2025-09-08,West Bengal,Kolkata,Sports,Bike,4,1.1,34.4,100.08,Normal,7.2,1.96,3.2,0,0.0,123.81,128.86,137,0,3.9
ORD104037,2025-08-13,Delhi,New Delhi,Home & Kitchen,Bike,8,0.87,54.9,104.94,Normal,11.1,1.81,2.2,0,0.0,185.22,240.96,5,1,3.8
ORD104038,2025-04-22,Tamil Nadu,Madurai,Books,Van,7,0.99,13.6,102.4,Normal,6.2,2.97,3.8,0,0.0,127.36,177.99,73,0,5.0
ORD104039,2025-05-17,Telangana,Hyderabad,Home & Kitchen,Van,4,2.64,62.4,101.94,Normal,6.9,4.0,6.3,0,0.0,190.56,185.94,5,1,3.8
ORD104040,2025-04-30,Gujarat,Vadodara,Beauty,Van,8,1.88,59.0,101.92,Normal,13.8,2.72,3.4,0,0.0,198.32,248.73,239,0,4.5
ORD104041,2025-08-26,Maharashtra,Nagpur,Books,Bike,7,1.06,62.2,103.91,Rain,8.1,3.61,2.6,1,1.01,147.45,201.22,91,0,2.8
ORD104042,2025-10-05,Rajasthan,Udaipur,Grocery,Van,7,2.73,25.4,101.07,Rain,2.9,3.62,4.8,0,0.0,142.26,161.79,52,0,5.0
ORD104043,2025-02-09,Tamil Nadu,Coimbatore,Books,Van,4,1.18,85.8,103.0,Normal,7.9,2.69,4.5,0,0.0,176.36,178.28,5,1,4.5
ORD104044,2025-05-31,Maharashtra,Nagpur,Books,Bike,6,0.7,65.7,97.09,Heavy Rain,7.7,3.93,5.7,0,0.0,190.03,246.54,11,1,5.0
ORD104045,2025-01-06,Gujarat,Ahmedabad,Home & Kitchen,Truck,6,0.86,168.1,101.13,Rain,6.1,5.28,5.7,0,0.0,246.61,295.98,5,1,4.1
ORD104046,2025-06-15,West Bengal,Siliguri,Sports,Van,6,2.04,129.8,100.81,Normal,4.5,4.31,4.8,0,0.0,216.75,275.47,5,1,5.0
ORD104047,2025-04-01,Tamil Nadu,Coimbatore,Sports,Bike,6,1.21,40.7,100.44,Normal,9.2,3.94,5.3,0,0.0,164.52,194.69,5,1,3.9
ORD104048,2025-05-03,Telangana,Nizamabad,Fashion,Bike,4,2.16,39.6,102.73,Normal,1.0,1.94,2.8,0,0.0,134.44,177.31,5,1,4.8
ORD104049,2025-06-16,Maharashtra,Mumbai,Electronics,Van,5,4.15,132.5,101.17,Normal,6.1,3.33,4.5,0,0.0,252.95,295.8,5,1,3.1
ORD104050,2025-04-29,Gujarat,Vadodara,Home & Kitchen,Van,5,1.34,35.5,101.14,Normal,6.0,3.72,3.9,0,0.0,119.07,137.94,130,0,4.2
ORD104051,2025-05-24,Maharashtra,Pune,Books,Bike,6,11.39,37.5,100.03,Normal,6.6,2.24,3.3,0,0.0,226.05,247.33,89,0,4.5
ORD104052,2025-10-07,Gujarat,Ahmedabad,Sports,Van,4,2.41,90.2,100.75,Heavy Rain,6.4,5.24,5.5,0,0.0,201.26,219.4,5,1,4.5
ORD104053,2025-10-23,West Bengal,Durgapur,Books,Van,5,1.8,48.5,97.87,Rain,3.8,3.39,3.9,0,0.0,166.69,189.5,5,1,4.2
ORD104054,2025-01-03,West Bengal,Kolkata,Fashion,Bike,3,0.85,90.7,100.93,Normal,7.5,2.87,2.6,1,0.27,150.31,172.19,5,1,4.1
ORD104055,2025-05-18,Karnataka,Bengaluru,Electronics,Van,3,1.61,18.1,98.96,Rain,13.5,3.64,3.6,1,0.04,85.06,104.76,164,0,3.7
ORD104056,2025-11-06,Gujarat,Surat,Beauty,Van,4,1.71,54.6,104.3,Normal,4.3,3.42,2.8,1,0.62,139.65,156.3,5,1,4.7
ORD104057,2025-07-13,West Bengal,Siliguri,Fashion,Bike,6,3.3,140.9,102.86,Rain,8.5,3.59,2.9,1,0.69,214.83,282.13,5,1,4.1
ORD104058,2025-03-16,Gujarat,Ahmedabad,Electronics,Bike,7,1.37,38.8,103.2,Normal,8.0,2.87,2.7,1,0.17,153.1,210.01,99,0,3.2
ORD104059,2025-08-05,Maharashtra,Mumbai,Electronics,Bike,6,2.67,50.0,99.19,Normal,7.9,2.54,3.6,0,0.0,190.75,225.08,90,0,4.7
ORD104060,2025-02-22,Tamil Nadu,Coimbatore,Electronics,Van,6,2.07,61.4,103.09,Heavy Rain,6.2,4.06,5.0,0,0.0,155.51,214.69,5,1,4.5
ORD104061,2025-01-08,Karnataka,Mysuru,Home & Kitchen,Truck,9,3.79,51.8,100.4,Normal,8.6,3.76,5.2,0,0.0,257.96,330.14,144,0,3.2
ORD104062,2025-08-19,West Bengal,Kolkata,Grocery,Van,6,3.99,18.2,102.11,Normal,8.1,2.34,2.6,0,0.0,114.22,136.06,64,0,5.0
ORD104063,2025-07-08,Rajasthan,Jodhpur,Fashion,Truck,7,2.5,134.0,101.29,Normal,9.7,4.98,4.3,1,0.68,235.72,295.05,5,1,3.3
ORD104064,2025-10-04,Karnataka,Mysuru,Fashion,Van,4,3.31,64.7,99.16,Normal,8.6,2.09,3.1,0,0.0,144.78,167.82,5,1,4.6
ORD104065,2025-05-06,Telangana,Nizamabad,Beauty,Van,4,4.18,95.3,99.79,Normal,10.1,3.2,3.9,0,0.0,210.2,259.46,5,1,4.7
ORD104066,2025-11-08,Delhi,New Delhi,Sports,Van,9,2.86,146.7,102.86,Heavy Rain,6.6,5.85,6.4,0,0.0,288.69,329.5,5,1,4.5
ORD104067,2025-06-03,Tamil Nadu,Coimbatore,Grocery,Van,5,2.41,49.6,102.82,Normal,7.5,3.17,2.9,1,0.27,124.02,128.89,59,0,4.4
ORD104068,2025-09-27,Delhi,New Delhi,Grocery,Truck,6,2.63,86.8,99.23,Rain,7.0,3.59,4.0,0,0.0,216.51,258.81,5,1,5.0
ORD104069,2025-02-06,Gujarat,Vadodara,Grocery,Van,6,5.74,4.9,103.76,Normal,9.9,1.26,2.6,0,0.0,149.04,161.01,195,0,4.6
ORD104070,2025-02-05,Telangana,Nizamabad,Grocery,Van,6,2.17,9.4,101.05,Normal,3.4,3.4,3.0,1,0.4,107.95,120.88,145,0,3.4
ORD104071,2025-10-13,Tamil Nadu,Coimbatore,Grocery,Van,5,3.23,70.7,99.44,Normal,9.9,2.9,1.9,1,1.0,222.47,256.43,5,1,3.9
ORD104072,2025-11-01,Delhi,Dwarka,Fashion,Truck,9,2.0,22.5,100.77,Rain,9.1,5.13,6.0,0,0.0,189.1,229.34,170,0,5.0
ORD104073,2025-12-10,Delhi,Rohini,Beauty,Truck,7,5.34,96.6,99.34,Normal,11.1,3.61,3.6,1,0.01,253.77,297.16,5,1,3.9
ORD104074,2025-04-29,Karnataka,Bengaluru,Fashion,Bike,6,2.7,108.6,100.48,Normal,7.5,2.82,4.2,0,0.0,209.4,243.46,5,1,3.7
ORD104075,2025-01-09,Delhi,New Delhi,Fashion,Bike,6,1.61,43.1,100.94,Normal,6.8,2.64,3.0,0,0.0,130.46,163.96,223,0,5.0
ORD104076,2025-12-24,Karnataka,Bengaluru,Home & Kitchen,Van,5,1.92,103.8,102.75,Normal,5.3,3.86,3.6,1,0.26,239.6,262.44,5,1,3.7
ORD104077,2025-08-08,Telangana,Nizamabad,Fashion,Van,7,1.75,57.7,103.29,Normal,6.6,3.36,4.2,0,0.0,160.59,187.3,5,1,5.0
ORD104078,2025-04-01,Rajasthan,Jaipur,Fashion,Bike,11,2.02,161.9,103.76,Normal,4.0,4.07,4.7,0,0.0,344.43,421.17,5,1,4.2
ORD104079,2025-10-06,Rajasthan,Jaipur,Beauty,Van,7,2.31,27.2,103.27,Normal,7.3,3.43,4.1,0,0.0,180.19,229.34,175,0,4.8
ORD104080,2025-11-26,Gujarat,Ahmedabad,Fashion,Van,7,1.77,64.4,98.45,Heavy Rain,6.3,3.7,3.4,1,0.3,154.24,217.0,5,1,3.8
ORD104081,2025-04-14,Delhi,Rohini,Electronics,Bike,7,0.72,83.2,99.29,Normal,7.8,3.37,5.2,0,0.0,196.2,234.94,5,1,4.2
ORD104082,2025-10-08,Telangana,Nizamabad,Home & Kitchen,Van,1,6.38,119.0,103.88,Normal,4.4,2.63,2.8,0,0.0,170.28,205.67,5,0,4.8
ORD104083,2025-10-15,Maharashtra,Nagpur,Fashion,Bike,9,2.39,113.0,101.07,Normal,9.3,2.95,4.9,0,0.0,272.16,317.28,5,1,4.1
ORD104084,2025-07-03,Tamil Nadu,Chennai,Grocery,Truck,5,2.4,52.9,101.68,Normal,6.7,2.91,2.1,1,0.81,137.35,178.83,5,1,2.9
ORD104085,2025-08-19,Maharashtra,Pune,Home & Kitchen,Bike,7,1.95,59.3,103.08,Normal,3.1,3.31,4.8,0,0.0,163.35,200.16,50,0,4.9
ORD104086,2025-04-09,West Bengal,Durgapur,Electronics,Van,6,3.63,37.9,104.28,Normal,7.6,3.3,4.4,0,0.0,129.4,184.24,146,0,4.2
ORD104087,2025-12-06,Rajasthan,Jodhpur,Electronics,Van,9,2.08,150.9,102.81,Rain,10.4,5.94,6.4,0,0.0,295.36,340.3,5,1,4.7
ORD104088,2025-12-25,Gujarat,Ahmedabad,Fashion,Bike,8,1.65,191.6,100.43,Normal,10.2,3.79,3.0,1,0.79,279.26,322.09,5,1,4.0
ORD104089,2025-12-25,Tamil Nadu,Coimbatore,Home & Kitchen,Van,4,1.72,15.6,99.8,Rain,4.4,3.12,3.9,0,0.0,143.86,162.56,114,0,4.9
ORD104090,2025-09-27,Maharashtra,Mumbai,Fashion,Truck,8,4.54,131.0,100.08,Normal,4.6,3.73,2.8,1,0.93,274.54,301.42,5,1,4.4
ORD104091,2025-01-16,Telangana,Hyderabad,Beauty,Van,7,2.3,108.7,104.22,Heavy Rain,10.4,5.41,5.7,0,0.0,254.74,296.94,5,1,4.8
ORD104092,2025-05-14,Karnataka,Bengaluru,Sports,Bike,7,1.97,8.0,103.58,Normal,8.7,2.98,4.4,0,0.0,134.7,127.0,200,0,4.8
ORD104093,2025-06-12,Gujarat,Vadodara,Grocery,Van,7,1.52,124.3,102.13,Heavy Rain,5.2,5.48,6.0,0,0.0,252.41,282.28,5,1,5.0
ORD104094,2025-12-17,Rajasthan,Udaipur,Electronics,Bike,5,1.64,167.0,99.49,Normal,4.8,4.09,4.6,0,0.0,229.45,269.46,5,1,4.2
ORD104095,2025-07-19,Karnataka,Mangaluru,Fashion,Van,3,4.07,116.7,103.67,Normal,6.6,2.71,4.6,0,0.0,216.89,218.21,5,1,4.2
ORD104096,2025-07-15,Maharashtra,Pune,Books,Van,4,1.11,35.8,102.42,Normal,8.7,3.18,4.0,0,0.0,92.45,116.62,5,1,4.8
ORD104097,2025-02-23,Maharashtra,Pune,Home & Kitchen,Van,7,3.11,212.4,100.71,Rain,7.0,5.47,7.7,0,0.0,371.04,391.83,5,1,3.6
ORD104098,2025-10-17,West Bengal,Durgapur,Sports,Bike,7,3.19,136.1,102.01,Normal,4.1,3.14,3.5,0,0.0,252.06,295.32,5,1,3.8
ORD104099,2025-05-03,Karnataka,Bengaluru,Beauty,Bike,14,2.32,37.5,103.03,Normal,5.4,3.27,4.9,0,0.0,267.72,339.29,198,0,3.6
ORD104100,2025-02-03,West Bengal,Siliguri,Electronics,Bike,4,1.78,98.7,101.33,Rain,4.6,4.3,4.9,0,0.0,154.83,200.21,5,1,5.0
ORD104101,2025-12-27,West Bengal,Siliguri,Home & Kitchen,Van,4,0.77,94.8,100.28,Normal,4.4,4.67,5.7,0,0.0,194.95,245.29,5,1,5.0
ORD104102,2025-03-11,Maharashtra,Mumbai,Sports,Van,12,3.1,26.4,102.49,Normal,6.8,2.63,2.6,1,0.03,178.01,215.98,266,0,4.4
ORD104103,2025-01-06,West Bengal,Kolkata,Sports,Van,9,0.71,77.4,102.62,Normal,11.8,4.2,5.1,0,0.0,179.39,218.59,5,1,4.5
ORD104104,2025-01-29,Telangana,Hyderabad,Books,Bike,3,2.24,91.5,98.77,Normal,2.4,1.11,2.1,0,0.0,195.22,207.82,50,0,4.3
ORD104105,2025-06-15,West Bengal,Durgapur,Home & Kitchen,Bike,5,2.08,51.0,102.06,Normal,5.1,2.42,3.2,0,0.0,177.4,216.36,5,1,4.4
ORD104106,2025-02-07,Gujarat,Ahmedabad,Grocery,Van,4,3.32,178.7,100.69,Normal,12.2,3.33,2.5,1,0.83,258.68,299.24,5,1,4.1
ORD104107,2025-11-04,Maharashtra,Mumbai,Home & Kitchen,Van,2,1.13,61.7,103.07,Normal,3.8,2.86,4.5,0,0.0,113.66,128.9,5,1,4.9
ORD104108,2025-07-07,West Bengal,Durgapur,Fashion,Truck,7,1.09,104.0,99.16,Normal,7.5,3.65,4.6,0,0.0,219.39,266.93,5,1,3.9
ORD104109,2025-04-29,West Bengal,Kolkata,Grocery,Bike,6,2.85,74.8,99.94,Normal,11.0,2.36,3.5,0,0.0,199.85,241.35,5,1,4.9
ORD104110,2025-01-02,Telangana,Hyderabad,Sports,Bike,6,1.8,42.9,98.03,Normal,7.0,3.48,5.5,0,0.0,193.07999999999998,197.73,5,1,5.0
ORD104111,2025-06-25,Maharashtra,Mumbai,Fashion,Van,8,0.54,87.2,103.01,Normal,8.8,3.56,4.2,0,0.0,207.38,261.73,5,1,4.9
ORD104112,2025-02-25,Tamil Nadu,Madurai,Fashion,Van,4,2.01,69.1,99.57,Normal,5.0,2.93,4.2,0,0.0,119.7,148.94,5,1,3.7
ORD104113,2025-12-23,West Bengal,Durgapur,Home & Kitchen,Van,3,2.0,210.1,99.89,Normal,4.7,4.94,6.3,0,0.0,303.38,356.28,5,1,4.9
ORD104114,2025-04-17,Rajasthan,Jaipur,Fashion,Bike,5,2.88,132.1,102.13,Normal,3.1,3.94,4.4,0,0.0,216.95,247.42,5,1,4.5
ORD104115,2025-06-23,West Bengal,Durgapur,Electronics,Bike,5,0.93,20.6,102.02,Heavy Rain,6.3,4.3,5.0,0,0.0,151.27,174.52,180,0,5.0
ORD104116,2025-01-07,Karnataka,Bengaluru,Books,Van,10,2.73,41.6,103.46,Rain,9.8,4.56,4.5,1,0.06,199.15,260.59,48,0,3.9
ORD104117,2025-02-17,Gujarat,Surat,Electronics,Bike,8,3.81,37.0,103.65,Rain,13.1,3.31,1.8,1,1.51,216.02,235.18,53,0,4.4
ORD104118,2025-03-17,Maharashtra,Pune,Grocery,Van,4,0.66,7.8,104.37,Normal,5.1,2.23,2.2,1,0.03,92.13,127.31,108,0,4.8
ORD104119,2025-01-19,Maharashtra,Nagpur,Home & Kitchen,Bike,5,1.67,110.4,105.25,Normal,9.9,1.72,1.2,1,0.52,191.9,221.27,5,1,4.3
ORD104120,2025-09-22,Gujarat,Surat,Fashion,Bike,6,4.69,96.9,104.23,Normal,10.0,2.23,1.6,1,0.63,253.27,300.64,5,1,3.6
ORD104121,2025-12-12,Maharashtra,Nagpur,Home & Kitchen,Bike,7,0.75,31.3,102.97,Rain,5.7,3.76,3.8,0,0.0,132.45,176.41,38,0,4.8
ORD104122,2025-12-26,West Bengal,Kolkata,Fashion,Truck,7,1.68,32.3,102.77,Normal,7.7,3.03,5.9,0,0.0,157.92,195.13,83,0,4.1
ORD104123,2025-04-08,Karnataka,Bengaluru,Beauty,Bike,7,1.75,12.7,103.5,Heavy Rain,7.8,4.02,3.7,1,0.32,131.0,161.03,136,0,3.6
ORD104124,2025-10-15,West Bengal,Durgapur,Grocery,Bike,6,1.54,39.2,98.76,Rain,3.8,2.05,3.2,0,0.0,131.46,139.88,39,0,5.0
ORD104125,2025-07-03,Rajasthan,Jaipur,Sports,Truck,5,4.92,93.9,102.13,Normal,6.7,4.82,3.8,1,1.02,218.03,230.43,58,0,3.9
ORD104126,2025-01-17,Delhi,Dwarka,Home & Kitchen,Bike,9,4.46,225.5,99.13,Normal,6.6,5.06,6.0,0,0.0,365.82,430.48,5,1,4.4
ORD104127,2025-02-03,Delhi,Dwarka,Beauty,Bike,6,1.65,21.3,101.1,Rain,6.7,2.0,3.3,0,0.0,114.47,158.66,162,0,5.0
ORD104128,2025-07-19,Maharashtra,Nagpur,Sports,Bike,6,1.04,88.4,99.78,Heavy Rain,6.8,3.63,3.3,1,0.33,191.21,223.14,5,1,4.7
ORD104129,2025-06-04,Telangana,Warangal,Home & Kitchen,Van,10,4.61,245.6,103.15,Normal,8.9,5.69,5.8,0,0.0,397.42,435.72,5,1,3.9
ORD104130,2025-01-04,Delhi,Rohini,Books,Van,8,3.33,64.9,103.54,Normal,6.7,3.13,3.0,1,0.13,199.66,232.35,13,1,4.0
ORD104131,2025-12-06,West Bengal,Durgapur,Sports,Truck,4,1.99,63.8,104.66,Normal,4.0,4.04,5.2,0,0.0,149.89,174.09,5,1,4.3
ORD104132,2025-09-24,Gujarat,Surat,Books,Van,6,3.08,73.6,100.74,Normal,3.0,3.31,4.3,0,0.0,207.54,235.07,5,1,4.4
ORD104133,2025-07-03,Delhi,New Delhi,Beauty,Van,7,3.07,67.5,101.3,Normal,10.1,3.01,4.4,0,0.0,187.28,208.05,5,1,5.0
ORD104134,2025-12-27,Gujarat,Vadodara,Grocery,Bike,8,1.14,114.0,104.44,Normal,8.0,3.69,4.2,0,0.0,211.94,246.75,5,1,4.9
ORD104135,2025-12-21,Maharashtra,Nagpur,Fashion,Van,4,1.37,293.8,101.58,Normal,9.1,5.18,4.5,1,0.68,381.12,409.93,5,1,3.0
ORD104136,2025-12-22,West Bengal,Kolkata,Beauty,Truck,7,2.02,42.7,101.22,Normal,7.3,5.27,5.0,1,0.27,154.32,226.31,5,1,4.5
ORD104137,2025-04-05,Telangana,Hyderabad,Sports,Truck,4,0.57,24.9,103.81,Normal,6.4,4.9,4.4,1,0.5,117.15,169.24,95,0,3.6
ORD104138,2025-11-18,Gujarat,Ahmedabad,Home & Kitchen,Bike,5,1.61,33.1,103.47,Normal,6.2,1.84,1.8,1,0.04,161.59,171.18,105,0,4.2
ORD104139,2025-07-04,Karnataka,Mysuru,Books,Van,6,1.2,119.8,104.26,Normal,6.3,3.9,4.1,0,0.0,224.8,263.92,5,1,4.9
ORD104140,2025-09-23,West Bengal,Durgapur,Beauty,Van,6,2.25,82.5,103.42,Normal,8.0,3.56,3.8,0,0.0,174.45,199.4,5,1,4.9
ORD104141,2025-11-10,Gujarat,Ahmedabad,Home & Kitchen,Truck,5,0.97,133.0,101.85,Normal,6.1,2.48,3.0,0,0.0,219.71,261.31,5,1,4.2
ORD104142,2025-03-01,Maharashtra,Mumbai,Grocery,Bike,2,2.66,15.6,105.04,Normal,8.4,1.84,1.0,1,0.84,67.68,83.52,158,0,4.1
ORD104143,2025-06-13,Karnataka,Mysuru,Books,Van,6,2.33,62.1,104.17,Normal,10.8,2.27,3.7,0,0.0,156.95,191.27,5,1,5.0
ORD104144,2025-02-17,Delhi,Dwarka,Beauty,Van,8,1.88,111.5,102.55,Normal,11.3,3.27,4.2,0,0.0,236.22,296.34,5,1,4.4
ORD104145,2025-04-13,West Bengal,Durgapur,Books,Truck,7,2.73,15.2,104.19,Heavy Rain,11.6,4.75,5.1,0,0.0,116.27,146.44,110,0,4.3
ORD104146,2025-05-31,West Bengal,Kolkata,Fashion,Van,6,2.96,87.8,102.58,Normal,4.6,4.54,4.7,0,0.0,178.22,212.95,5,1,3.9
ORD104147,2025-11-09,West Bengal,Siliguri,Sports,Truck,5,1.73,63.7,100.94,Rain,10.0,3.98,4.2,0,0.0,180.32,178.89,50,0,5.0
ORD104148,2025-11-11,Rajasthan,Udaipur,Grocery,Van,6,2.06,192.1,102.82,Normal,7.6,3.47,3.8,0,0.0,302.69,352.14,5,1,3.8
ORD104149,2025-05-23,Karnataka,Bengaluru,Books,Bike,10,1.3,23.0,106.09,Normal,8.9,3.52,4.6,0,0.0,189.98,201.44,218,0,4.0
ORD104150,2025-05-01,Delhi,New Delhi,Home & Kitchen,Van,8,1.29,140.3,104.51,Normal,6.2,4.02,4.6,0,0.0,287.59,317.45,5,1,4.6
ORD104151,2025-07-13,Rajasthan,Jodhpur,Fashion,Truck,6,5.63,52.2,103.39,Heavy Rain,6.8,7.48,8.4,0,0.0,140.06,197.4,5,1,4.0
ORD104152,2025-11-29,Delhi,Dwarka,Sports,Bike,2,1.77,14.7,101.04,Normal,1.0,2.19,3.0,0,0.0,73.09,102.11,39,0,5.0
ORD104153,2025-12-23,Tamil Nadu,Chennai,Electronics,Van,6,2.0,44.7,100.53,Normal,8.7,4.02,4.2,0,0.0,196.26,210.53,83,0,3.8
ORD104154,2025-03-24,Tamil Nadu,Chennai,Fashion,Truck,4,1.92,129.5,102.22,Normal,6.1,2.99,2.2,1,0.79,257.24,322.52,5,1,4.0
ORD104155,2025-03-10,Karnataka,Mangaluru,Books,Truck,8,2.56,978.4,101.58,Rain,6.8,5.0,6.9,0,0.0,1211.55,307.86,5,1,5.0
ORD104156,2025-09-15,Delhi,Dwarka,Grocery,Van,6,1.41,103.6,102.71,Heavy Rain,10.6,6.08,7.3,0,0.0,189.12,232.76,5,1,3.8
ORD104157,2025-04-21,Rajasthan,Jaipur,Books,Van,7,1.51,33.2,102.96,Normal,7.7,2.56,4.4,0,0.0,105.53,120.1,158,0,4.1
ORD104158,2025-03-14,Telangana,Warangal,Grocery,Bike,6,3.7,195.3,100.13,Normal,5.2,3.29,3.5,0,0.0,300.43,375.17,5,1,4.6
ORD104159,2025-01-12,Karnataka,Bengaluru,Sports,Van,2,0.77,73.1,101.19,Heavy Rain,5.7,4.45,5.4,0,0.0,144.92,172.64,5,1,4.1
ORD104160,2025-05-28,Karnataka,Bengaluru,Fashion,Van,7,2.27,61.9,102.07,Normal,12.0,3.36,3.5,0,0.0,210.57,234.09,20,1,4.7
ORD104161,2025-05-24,Gujarat,Vadodara,Grocery,Van,9,1.18,72.7,103.5,Normal,8.0,3.65,4.9,0,0.0,183.65,193.56,5,1,4.4
ORD104162,2025-07-25,West Bengal,Kolkata,Books,Bike,7,0.55,25.5,103.58,Normal,9.5,2.71,4.8,0,0.0,139.19,152.79,79,0,4.6
ORD104163,2025-03-15,Gujarat,Ahmedabad,Grocery,Bike,5,1.91,15.6,100.87,Rain,5.2,4.01,6.1,0,0.0,104.78,129.01,101,0,4.9
ORD104164,2025-09-18,Maharashtra,Nagpur,Electronics,Van,5,0.95,64.7,100.53,Rain,8.1,2.07,2.8,0,0.0,132.46,157.02,23,0,4.0
ORD104165,2025-09-06,Telangana,Hyderabad,Fashion,Van,6,0.85,11.8,101.04,Normal,7.7,0.97,2.3,0,0.0,105.2,153.06,84,0,4.5
ORD104166,2025-06-18,Gujarat,Surat,Beauty,Truck,4,10.88,125.8,104.18,Normal,7.7,3.38,4.5,0,0.0,281.01,304.08,5,1,4.4
ORD104167,2025-03-08,Tamil Nadu,Madurai,Grocery,Van,10,2.86,172.8,101.9,Normal,7.6,5.09,5.9,0,0.0,344.5,409.84,5,1,4.0
ORD104168,2025-07-05,Maharashtra,Nagpur,Beauty,Truck,6,2.91,282.4,102.95,Rain,6.7,5.42,6.5,0,0.0,397.83,479.43,5,1,4.9
ORD104169,2025-09-04,Gujarat,Vadodara,Books,Van,6,1.95,41.5,103.52,Rain,2.6,3.06,3.1,0,0.0,188.14,197.37,120,0,3.6
ORD104170,2025-05-17,Karnataka,Mysuru,Books,Van,7,0.93,122.4,104.99,Normal,3.5,1.83,1.1,1,0.73,235.17,287.03,5,1,3.1
ORD104171,2025-04-07,Karnataka,Mangaluru,Home & Kitchen,Van,6,1.81,6.6,100.59,Normal,3.4,2.75,3.8,0,0.0,117.17,141.73,180,0,4.9
ORD104172,2025-07-04,Tamil Nadu,Chennai,Beauty,Bike,7,1.6,118.2,104.97,Normal,3.8,2.65,2.4,1,0.25,248.43,282.36,5,1,3.2
ORD104173,2025-05-10,Karnataka,Bengaluru,Beauty,Bike,7,0.58,66.0,103.83,Normal,6.8,2.4,2.3,1,0.1,157.43,160.42,60,0,4.9
ORD104174,2025-05-27,Delhi,New Delhi,Home & Kitchen,Truck,4,6.45,99.5,105.8,Rain,5.9,4.31,4.6,0,0.0,231.32,274.08,5,1,3.7
ORD104175,2025-05-08,West Bengal,Durgapur,Fashion,Bike,5,1.9,157.0,105.34,Normal,4.3,3.79,5.8,0,0.0,267.45,296.17,5,1,5.0
ORD104176,2025-04-21,Karnataka,Mangaluru,Beauty,Van,7,1.17,55.4,103.01,Normal,10.6,2.66,3.3,0,0.0,185.0,213.94,39,0,5.0
ORD104177,2025-09-19,Gujarat,Vadodara,Books,Bike,6,2.18,106.0,101.47,Heavy Rain,6.7,3.8,3.7,1,0.1,199.65,257.39,5,1,3.1
ORD104178,2025-06-17,West Bengal,Siliguri,Fashion,Van,5,0.82,97.6,104.01,Normal,9.1,3.43,3.0,1,0.43,206.83,238.07,5,1,3.9
ORD104179,2025-06-20,Tamil Nadu,Chennai,Electronics,Bike,3,1.09,85.0,100.81,Rain,2.5,3.24,3.8,0,0.0,198.27,224.12,5,1,3.7
ORD104180,2025-08-27,Delhi,Rohini,Fashion,Van,7,5.47,37.5,103.22,Heavy Rain,9.1,3.98,4.5,0,0.0,195.57,257.34,74,0,4.0
ORD104181,2025-05-12,Gujarat,Vadodara,Books,Van,6,2.0,31.5,101.5,Normal,9.7,2.79,2.4,1,0.39,128.44,158.76,139,0,3.7
ORD104182,2025-02-06,Delhi,Dwarka,Beauty,Bike,6,1.99,55.8,102.41,Normal,8.3,1.21,2.0,0,0.0,212.9,231.65,5,1,3.4
ORD104183,2025-11-08,Gujarat,Ahmedabad,Home & Kitchen,Van,5,2.15,126.9,98.92,Normal,5.9,3.9,3.1,1,0.8,236.07,290.31,5,1,3.5
ORD104184,2025-01-21,Maharashtra,Mumbai,Sports,Truck,8,1.8,85.3,102.7,Rain,7.3,4.52,4.2,1,0.32,262.96,314.25,5,1,3.8
ORD104185,2025-07-28,Karnataka,Mangaluru,Electronics,Van,5,1.42,104.5,103.08,Normal,7.8,2.31,4.2,0,0.0,175.75,200.58,5,1,4.4
ORD104186,2025-04-08,Rajasthan,Jaipur,Home & Kitchen,Truck,8,8.8,99.3,101.91,Normal,9.0,7.15,6.8,1,0.35,254.65,293.11,5,1,3.1
ORD104187,2025-03-20,Gujarat,Surat,Fashion,Van,7,1.24,269.5,102.72,Normal,10.3,4.26,4.8,0,0.0,399.65,455.7,5,1,4.2
ORD104188,2025-01-16,Tamil Nadu,Madurai,Grocery,Van,3,1.13,118.6,100.92,Normal,3.8,3.53,4.6,0,0.0,121.93,162.4,5,1,4.6
ORD104189,2025-11-25,Tamil Nadu,Coimbatore,Books,Van,5,2.77,37.5,104.28,Normal,9.5,2.67,5.0,0,0.0,191.26,207.38,88,0,4.9
ORD104190,2025-06-06,Tamil Nadu,Chennai,Electronics,Truck,5,0.87,65.0,102.93,Normal,7.6,4.62,6.7,0,0.0,191.6,229.91,51,0,5.0
ORD104191,2025-05-06,West Bengal,Durgapur,Books,Van,6,3.91,134.3,106.92,Normal,8.1,4.2,5.5,0,0.0,237.04,264.55,5,1,5.0
ORD104192,2025-09-28,Gujarat,Ahmedabad,Grocery,Van,6,1.77,13.4,103.42,Heavy Rain,6.8,4.11,3.8,1,0.31,158.33,205.3,208,0,3.4
ORD104193,2025-01-15,Gujarat,Ahmedabad,Sports,Truck,6,2.19,70.9,103.59,Rain,10.0,5.08,4.9,1,0.18,186.18,206.02,21,1,3.6
ORD104194,2025-07-26,Tamil Nadu,Madurai,Sports,Truck,6,2.44,53.6,102.06,Normal,5.2,4.65,4.9,0,0.0,163.85,187.57,46,0,4.7
ORD104195,2025-06-30,Maharashtra,Pune,Books,Van,7,1.61,33.5,105.05,Normal,4.8,2.56,5.5,0,0.0,133.78,155.9,175,0,5.0
ORD104196,2025-07-22,Karnataka,Mangaluru,Home & Kitchen,Bike,5,3.65,32.0,102.14,Normal,7.2,2.51,3.7,0,0.0,169.57,172.99,253,0,5.0
ORD104197,2025-02-15,West Bengal,Siliguri,Home & Kitchen,Van,4,3.07,115.4,106.03,Normal,5.0,5.29,5.9,0,0.0,225.23,262.97,5,1,3.5
ORD104198,2025-12-14,Telangana,Warangal,Sports,Van,9,2.82,126.5,105.98,Normal,9.2,4.37,5.2,0,0.0,284.22,345.62,5,1,5.0
ORD104199,2025-03-29,Tamil Nadu,Coimbatore,Beauty,Van,11,0.75,54.8,102.0,Normal,13.7,4.61,6.5,0,0.0,193.09,253.35,5,1,3.8
ORD104200,2025-09-05,Maharashtra,Mumbai,Beauty,Van,5,1.61,58.3,102.43,Normal,7.1,3.43,3.6,0,0.0,170.75,208.07,5,1,4.3
ORD104201,2025-09-30,Delhi,Dwarka,Sports,Van,9,1.87,67.0,101.62,Normal,8.9,4.19,5.0,0,0.0,240.27,262.0,5,1,5.0
ORD104202,2025-05-06,Rajasthan,Udaipur,Sports,Bike,4,6.23,6.5,100.53,Normal,11.1,3.44,3.9,0,0.0,165.99,186.63,120,0,4.0
ORD104203,2025-02-17,West Bengal,Kolkata,Grocery,Van,9,0.8,214.0,103.46,Normal,9.2,2.31,2.4,0,0.0,345.92,428.27,5,1,4.2
ORD104204,2025-04-19,Tamil Nadu,Chennai,Sports,Van,3,1.33,110.9,102.95,Normal,8.8,2.7,3.2,0,0.0,169.57,189.78,5,1,5.0
ORD104205,2025-10-22,Tamil Nadu,Madurai,Electronics,Van,7,4.07,134.1,104.13,Normal,7.2,3.67,4.7,0,0.0,241.46,301.72,5,1,5.0
ORD104206,2025-11-27,Maharashtra,Nagpur,Grocery,Bike,7,1.09,55.4,102.85,Normal,7.4,2.6,3.6,0,0.0,179.16,211.43,27,1,4.8
ORD104207,2025-12-08,Tamil Nadu,Coimbatore,Sports,Truck,3,1.31,109.9,104.52,Normal,4.5,2.93,4.9,0,0.0,202.67,233.99,5,1,3.5
ORD104208,2025-03-24,Delhi,Rohini,Electronics,Bike,5,5.98,26.4,102.87,Normal,8.6,2.07,2.2,0,0.0,201.08,206.12,34,0,3.6
ORD104209,2025-08-10,West Bengal,Kolkata,Home & Kitchen,Truck,7,2.55,106.2,102.6,Normal,8.9,3.66,4.6,0,0.0,245.71,287.3,5,1,4.6
ORD104210,2025-02-25,West Bengal,Durgapur,Books,Van,4,3.52,74.1,103.11,Normal,8.6,1.49,1.1,1,0.39,205.35,249.5,5,1,4.2
ORD104211,2025-09-17,Gujarat,Vadodara,Beauty,Bike,5,3.22,27.1,104.33,Normal,8.2,4.0,4.6,0,0.0,141.45,155.14,16,1,4.6
ORD104212,2025-06-01,Karnataka,Mysuru,Electronics,Truck,5,2.17,188.5,102.3,Normal,6.6,3.83,3.1,1,0.73,303.23,382.28,5,1,3.3
ORD104213,2025-09-18,Delhi,Dwarka,Home & Kitchen,Van,7,2.14,113.3,104.6,Rain,9.1,5.29,6.4,0,0.0,224.32,263.46,5,1,4.5
ORD104214,2025-09-08,Delhi,New Delhi,Home & Kitchen,Van,8,3.58,286.0,101.64,Heavy Rain,11.9,7.35,9.7,0,0.0,428.6,515.16,5,1,5.0
ORD104215,2025-12-29,Gujarat,Surat,Home & Kitchen,Truck,3,1.16,37.1,102.4,Normal,6.5,2.77,4.4,0,0.0,86.92,111.53,98,0,4.4
ORD104216,2025-06-28,Telangana,Warangal,Sports,Truck,6,6.22,63.2,99.61,Normal,4.5,5.15,5.5,0,0.0,227.99,232.87,5,1,4.0
ORD104217,2025-05-05,Gujarat,Vadodara,Grocery,Van,6,1.42,114.7,102.36,Normal,4.8,2.2,3.8,0,0.0,276.43,303.3,5,1,4.5
ORD104218,2025-07-12,Delhi,New Delhi,Grocery,Truck,4,3.92,11.1,100.96,Heavy Rain,7.5,4.4,3.8,1,0.6,118.88,133.38,172,0,4.2
ORD104219,2025-03-01,Karnataka,Mysuru,Electronics,Bike,7,2.8,87.0,103.98,Rain,5.6,4.16,5.2,0,0.0,205.97,234.06,5,1,4.3
ORD104220,2025-02-10,Karnataka,Mysuru,Fashion,Van,3,1.41,115.9,103.9,Normal,5.0,2.35,5.3,0,0.0,285.56,292.64,5,1,4.7
ORD104221,2025-07-09,Karnataka,Mangaluru,Home & Kitchen,Bike,5,2.76,32.7,105.17,Normal,5.8,2.38,3.5,0,0.0,169.94,179.06,181,0,4.4
ORD104222,2025-10-29,Karnataka,Bengaluru,Books,Bike,5,2.19,75.8,105.97,Normal,8.0,0.76,1.2,0,0.0,216.7,254.94,5,1,3.7
ORD104223,2025-07-14,West Bengal,Siliguri,Sports,Van,5,0.64,43.0,102.69,Normal,10.8,3.78,4.2,0,0.0,149.31,213.88,173,0,4.3
ORD104224,2025-10-13,Karnataka,Mangaluru,Fashion,Bike,4,1.9,93.6,101.66,Normal,2.9,3.05,4.0,0,0.0,156.73,187.03,5,1,5.0
ORD104225,2025-03-06,Karnataka,Mysuru,Sports,Van,7,0.89,108.3,103.83,Rain,10.1,3.91,4.6,0,0.0,221.53,257.28,5,1,4.3
ORD104226,2025-06-14,West Bengal,Durgapur,Electronics,Bike,7,2.8,73.3,102.29,Normal,10.2,3.93,4.2,0,0.0,206.16,205.88,5,1,5.0
ORD104227,2025-08-12,Maharashtra,Mumbai,Home & Kitchen,Van,9,1.84,125.1,101.9,Normal,9.0,4.38,4.9,0,0.0,271.13,351.84,5,1,3.5
ORD104228,2025-05-07,Telangana,Hyderabad,Books,Van,4,3.56,26.3,102.96,Normal,6.3,3.46,2.6,1,0.86,100.22,135.36,197,0,4.1
ORD104229,2025-01-06,Delhi,New Delhi,Fashion,Bike,11,1.28,128.0,101.93,Heavy Rain,10.9,5.98,7.3,0,0.0,294.98,347.49,5,1,4.8
ORD104230,2025-01-27,Gujarat,Ahmedabad,Sports,Van,10,0.87,213.6,106.7,Normal,8.7,4.19,5.8,0,0.0,333.78,404.07,5,1,3.9
ORD104231,2025-12-05,Tamil Nadu,Coimbatore,Home & Kitchen,Van,5,1.0,29.9,102.52,Normal,6.5,4.71,6.0,0,0.0,95.37,111.88,5,1,4.5
ORD104232,2025-08-09,Gujarat,Ahmedabad,Books,Van,5,7.49,28.6,102.94,Heavy Rain,3.1,3.83,4.2,0,0.0,143.7,149.49,149,0,3.3
ORD104233,2025-04-07,Gujarat,Ahmedabad,Home & Kitchen,Truck,5,14.42,173.9,104.45,Normal,9.6,2.21,3.2,0,0.0,332.13,375.04,5,1,4.5
ORD104234,2025-04-05,West Bengal,Siliguri,Home & Kitchen,Truck,4,7.4,85.0,106.94,Normal,10.8,2.19,3.2,0,0.0,198.72,245.79,37,0,4.3
ORD104235,2025-01-15,Rajasthan,Jaipur,Fashion,Bike,3,0.74,118.0,102.59,Rain,2.6,4.06,4.5,0,0.0,183.64,215.28,5,1,4.7
ORD104236,2025-12-11,West Bengal,Kolkata,Sports,Van,6,0.82,44.4,99.63,Normal,5.0,1.67,3.4,0,0.0,198.61,224.68,86,0,4.8
ORD104237,2025-02-09,Delhi,Dwarka,Beauty,Bike,5,1.01,52.7,102.86,Rain,5.7,2.29,3.7,0,0.0,147.16,183.26,5,1,4.4
ORD104238,2025-10-05,Gujarat,Vadodara,Grocery,Van,4,3.33,152.0,99.93,Normal,6.1,3.67,5.3,0,0.0,199.23,228.63,5,1,3.9
ORD104239,2025-03-29,Karnataka,Mangaluru,Electronics,Van,11,7.93,58.7,102.07,Rain,8.0,2.89,3.9,0,0.0,257.27,326.97,53,0,3.8
ORD104240,2025-05-03,Delhi,New Delhi,Electronics,Van,2,3.63,48.4,105.7,Rain,9.3,2.88,2.2,1,0.68,117.77,115.84,25,0,3.3
ORD104241,2025-04-10,Karnataka,Bengaluru,Electronics,Truck,2,2.28,15.2,101.56,Normal,11.0,2.68,1.4,1,1.28,30.0,42.43,55,0,4.0
ORD104242,2025-10-28,West Bengal,Siliguri,Books,Van,8,1.1,52.2,101.12,Rain,8.5,3.06,3.3,0,0.0,185.13,235.3,27,1,4.7
ORD104243,2025-01-12,West Bengal,Siliguri,Home & Kitchen,Van,6,1.67,28.9,104.54,Normal,5.6,3.69,3.6,1,0.09,128.43,166.69,142,0,2.7
ORD104244,2025-05-09,West Bengal,Durgapur,Home & Kitchen,Van,5,2.13,34.0,102.61,Normal,7.4,3.25,3.9,0,0.0,135.14,149.11,80,0,5.0
ORD104245,2025-04-12,West Bengal,Siliguri,Beauty,Van,3,3.57,40.9,105.18,Normal,3.7,2.73,2.4,1,0.33,133.24,137.03,5,1,4.1
ORD104246,2025-04-10,Delhi,Rohini,Beauty,Bike,6,1.46,132.9,102.5,Normal,6.7,2.54,2.2,1,0.34,235.74,283.38,5,1,3.6
ORD104247,2025-03-12,Tamil Nadu,Madurai,Fashion,Van,4,2.61,14.3,104.16,Normal,8.1,2.28,1.1,1,1.18,105.83,145.04,92,0,3.4
ORD104248,2025-11-30,Tamil Nadu,Madurai,Electronics,Van,6,2.41,78.7,100.22,Normal,9.0,3.67,3.1,1,0.57,179.77,226.74,21,1,3.6
ORD104249,2025-05-19,Telangana,Nizamabad,Fashion,Bike,5,2.15,54.4,101.31,Normal,8.4,3.56,3.8,0,0.0,170.2,179.0,5,1,5.0
ORD104250,2025-06-02,West Bengal,Kolkata,Grocery,Van,5,1.56,89.6,102.66,Heavy Rain,5.8,6.12,6.3,0,0.0,176.24,196.9,5,1,4.9
ORD104251,2025-05-21,Maharashtra,Nagpur,Home & Kitchen,Bike,6,2.18,99.0,102.27,Normal,7.7,3.55,5.2,0,0.0,226.53,246.12,5,1,4.4
ORD104252,2025-12-24,Telangana,Nizamabad,Grocery,Van,4,1.89,40.5,107.49,Normal,5.7,3.19,3.6,0,0.0,101.99,144.1,75,0,5.0
ORD104253,2025-05-04,Rajasthan,Jaipur,Electronics,Van,9,1.21,136.8,104.82,Heavy Rain,10.5,6.05,5.3,1,0.75,266.66,318.16,25,1,4.3
ORD104254,2025-05-05,Karnataka,Bengaluru,Sports,Bike,5,3.58,220.1,104.77,Normal,8.2,3.17,3.6,0,0.0,333.38,375.19,5,1,4.4
ORD104255,2025-04-30,West Bengal,Durgapur,Sports,Bike,12,5.6,27.2,102.68,Normal,14.0,4.14,5.2,0,0.0,205.11,260.49,171,0,5.0
ORD104256,2025-04-30,Gujarat,Ahmedabad,Electronics,Bike,4,2.25,111.8,100.48,Heavy Rain,7.5,4.66,3.2,1,1.46,185.2,221.71,5,1,4.5
ORD104257,2025-02-02,Gujarat,Vadodara,Fashion,Van,6,1.95,66.6,106.0,Normal,5.2,3.38,5.2,0,0.0,192.34,218.43,5,1,5.0
ORD104258,2025-08-09,Karnataka,Mysuru,Fashion,Truck,8,3.3,74.4,100.07,Rain,5.2,5.78,6.8,0,0.0,198.48,251.64,5,1,4.8
ORD104259,2025-01-10,Maharashtra,Pune,Books,Bike,3,2.27,139.3,102.0,Normal,6.7,2.29,4.2,0,0.0,193.07999999999998,273.83,5,1,4.8
ORD104260,2025-03-24,West Bengal,Siliguri,Beauty,Van,7,4.23,111.2,104.02,Normal,2.1,2.66,3.8,0,0.0,193.07999999999998,312.0,5,1,4.0
ORD104261,2025-03-15,Delhi,Rohini,Beauty,Van,7,2.16,58.1,107.68,Rain,6.7,2.96,3.3,0,0.0,176.24,211.74,82,0,3.4
ORD104262,2025-04-17,Rajasthan,Udaipur,Home & Kitchen,Van,6,2.95,150.5,106.11,Heavy Rain,6.0,6.57,7.2,0,0.0,278.62,326.73,5,1,4.6
ORD104263,2025-10-04,Delhi,Rohini,Electronics,Bike,7,6.21,68.0,104.1,Normal,6.2,2.4,2.6,0,0.0,217.31,244.01,5,1,4.4
ORD104264,2025-08-07,Karnataka,Mangaluru,Grocery,Bike,4,4.59,40.9,106.85,Normal,7.3,0.92,2.3,0,0.0,145.8,157.45,98,0,4.3
ORD104265,2025-12-28,Delhi,New Delhi,Grocery,Truck,6,1.82,82.1,102.09,Normal,4.7,3.07,3.1,0,0.0,188.12,236.88,5,1,3.7
ORD104266,2025-05-09,Gujarat,Vadodara,Books,Truck,5,4.07,163.0,103.78,Normal,3.3,3.1,4.1,0,0.0,266.37,300.25,5,1,4.9
ORD104267,2025-12-05,Tamil Nadu,Chennai,Books,Van,14,1.01,20.6,105.6,Normal,11.2,4.38,6.1,0,0.0,199.81,263.28,288,0,4.4
ORD104268,2025-01-17,Gujarat,Ahmedabad,Grocery,Van,5,1.77,105.5,100.44,Normal,6.0,3.82,4.7,0,0.0,193.07999999999998,248.04,5,1,3.9
ORD104269,2025-07-04,Karnataka,Mysuru,Beauty,Bike,5,3.46,12.0,103.64,Normal,8.0,2.88,3.6,0,0.0,108.25,138.9,195,0,4.1
ORD104270,2025-10-19,Karnataka,Bengaluru,Sports,Bike,2,5.44,117.8,103.76,Rain,6.8,2.49,3.6,0,0.0,223.28,216.07,5,1,3.9
ORD104271,2025-07-14,Delhi,New Delhi,Books,Bike,6,1.24,94.6,103.7,Heavy Rain,8.6,3.79,3.9,0,0.0,178.2,235.21,5,1,4.3
ORD104272,2025-12-07,Tamil Nadu,Madurai,Sports,Van,4,1.98,184.8,101.08,Normal,7.2,2.52,1.3,1,1.22,296.55,309.98,5,1,3.8
ORD104273,2025-04-25,Rajasthan,Jodhpur,Sports,Bike,9,2.02,24.1,103.74,Heavy Rain,9.8,6.27,6.1,1,0.17,155.69,221.47,166,0,4.2
ORD104274,2025-01-13,Tamil Nadu,Madurai,Fashion,Bike,4,1.9,87.2,103.48,Normal,10.8,2.64,2.6,1,0.04,192.59,220.2,5,1,2.9
ORD104275,2025-10-10,Karnataka,Mangaluru,Grocery,Bike,6,0.91,39.7,101.96,Rain,8.0,4.04,5.0,0,0.0,137.36,173.84,164,0,4.6
ORD104276,2025-01-25,Karnataka,Mysuru,Grocery,Bike,3,2.79,55.9,104.35,Rain,7.8,2.99,2.9,1,0.09,141.82,159.86,61,0,3.1
ORD104277,2025-10-07,Tamil Nadu,Coimbatore,Home & Kitchen,Van,4,0.88,205.0,105.37,Normal,6.8,3.63,3.6,1,0.03,265.69,307.5,5,1,3.7
ORD104278,2025-09-25,Karnataka,Mangaluru,Grocery,Van,5,4.22,90.6,101.67,Heavy Rain,2.5,3.43,4.8,0,0.0,182.53,199.11,5,1,4.7
ORD104279,2025-11-05,Telangana,Hyderabad,Fashion,Van,3,4.84,105.0,103.83,Normal,6.3,3.38,4.4,0,0.0,186.25,220.2,5,1,4.4
ORD104280,2025-06-24,Karnataka,Mangaluru,Fashion,Van,5,1.33,54.3,105.42,Rain,10.3,5.16,6.9,0,0.0,167.8,200.99,5,1,3.4
ORD104281,2025-11-23,Karnataka,Mangaluru,Home & Kitchen,Van,7,0.88,71.9,105.45,Normal,8.8,4.11,4.7,0,0.0,206.03,249.03,35,0,4.2
ORD104282,2025-03-03,Delhi,New Delhi,Grocery,Van,7,1.97,141.6,102.65,Normal,6.5,2.99,2.3,1,0.69,275.61,343.05,5,1,4.7
ORD104283,2025-06-08,West Bengal,Kolkata,Grocery,Bike,5,1.44,184.4,104.85,Normal,7.8,3.74,6.4,0,0.0,281.83,302.95,5,1,5.0
ORD104284,2025-02-14,Delhi,Rohini,Beauty,Bike,8,1.76,72.7,102.48,Normal,5.2,3.1,4.3,0,0.0,259.13,301.08,5,1,5.0
ORD104285,2025-10-07,Tamil Nadu,Madurai,Electronics,Truck,6,2.14,162.1,104.39,Normal,9.1,5.31,5.5,0,0.0,250.29,279.42,5,1,4.5
ORD104286,2025-09-18,Tamil Nadu,Madurai,Beauty,Van,5,1.1,71.2,101.58,Rain,5.7,3.13,4.6,0,0.0,163.51,209.58,5,1,4.1
ORD104287,2025-10-22,Telangana,Hyderabad,Electronics,Van,8,5.92,42.0,100.17,Normal,8.9,4.01,4.9,0,0.0,140.1,188.12,5,1,4.3
ORD104288,2025-10-06,Telangana,Nizamabad,Home & Kitchen,Bike,7,1.33,84.1,103.86,Normal,5.1,2.24,4.0,0,0.0,214.47,249.02,5,1,4.6
ORD104289,2025-04-23,Gujarat,Vadodara,Fashion,Bike,5,3.7,38.6,104.48,Normal,7.7,0.75,1.7,0,0.0,127.92,165.88,20,0,4.3
ORD104290,2025-01-25,Karnataka,Mangaluru,Sports,Bike,8,1.13,88.5,104.17,Normal,1.9,3.55,3.9,0,0.0,218.2,268.32,5,1,4.9
ORD104291,2025-12-06,Karnataka,Mysuru,Fashion,Truck,6,2.1,27.2,101.42,Normal,6.3,4.24,5.2,0,0.0,124.17,137.16,44,0,4.8
ORD104292,2025-06-29,Telangana,Warangal,Beauty,Van,7,2.7,113.9,98.43,Normal,5.9,3.65,5.2,0,0.0,235.94,287.46,5,1,3.7
ORD104293,2025-02-04,Delhi,Dwarka,Sports,Bike,8,2.2,28.9,104.45,Rain,6.2,3.25,3.2,1,0.05,172.09,194.73,103,0,4.4
ORD104294,2025-12-05,Delhi,New Delhi,Fashion,Bike,6,1.71,42.2,105.5,Normal,1.0,2.44,3.2,0,0.0,136.81,168.25,74,0,4.6
ORD104295,2025-12-29,Tamil Nadu,Coimbatore,Sports,Bike,5,1.46,47.8,99.46,Normal,5.2,3.42,3.0,1,0.42,154.14,193.98,59,0,4.8
ORD104296,2025-06-12,Telangana,Hyderabad,Electronics,Bike,6,1.55,31.5,102.32,Heavy Rain,7.9,5.39,6.5,0,0.0,132.76,161.27,22,1,5.0
ORD104297,2025-10-09,Maharashtra,Mumbai,Fashion,Van,8,1.3,70.3,101.18,Rain,5.7,4.47,5.2,0,0.0,186.67,226.13,55,0,5.0
ORD104298,2025-01-14,Tamil Nadu,Chennai,Electronics,Van,8,2.5,5.7,103.3,Normal,9.2,3.81,5.1,0,0.0,164.15,218.16,219,0,4.5
ORD104299,2025-02-04,West Bengal,Durgapur,Beauty,Truck,7,6.62,64.2,105.26,Rain,10.5,5.49,7.1,0,0.0,219.76,266.12,20,1,3.8
ORD104300,2025-04-11,Karnataka,Bengaluru,Sports,Van,9,2.0,3.0,102.43,Heavy Rain,9.2,4.43,4.5,0,0.0,114.51,147.0,165,0,5.0
ORD104301,2025-08-28,Delhi,Rohini,Grocery,Truck,8,2.97,90.7,101.93,Normal,9.1,3.88,4.7,0,0.0,223.31,250.46,24,1,4.9
ORD104302,2025-02-18,Tamil Nadu,Madurai,Grocery,Truck,4,4.07,26.6,103.54,Normal,7.5,1.98,2.9,0,0.0,104.16,131.72,5,1,5.0
ORD104303,2025-01-13,Karnataka,Mangaluru,Home & Kitchen,Truck,9,1.5,95.8,99.01,Normal,9.7,5.23,5.3,0,0.0,273.13,339.11,5,1,4.2
ORD104304,2025-09-02,Gujarat,Ahmedabad,Sports,Truck,9,0.62,158.3,104.33,Normal,6.5,5.08,4.9,1,0.18,276.45,361.87,5,1,4.1
ORD104305,2025-10-09,Telangana,Hyderabad,Fashion,Bike,4,2.02,48.5,104.72,Rain,4.5,3.27,5.3,0,0.0,122.5,120.87,5,1,4.5
ORD104306,2025-09-27,Tamil Nadu,Coimbatore,Home & Kitchen,Bike,3,3.51,76.0,102.82,Normal,4.4,2.52,2.8,0,0.0,161.57,189.42,5,1,4.2
ORD104307,2025-10-19,Rajasthan,Udaipur,Sports,Bike,5,7.44,22.8,102.02,Normal,9.3,3.83,4.1,0,0.0,167.87,200.94,44,0,3.6
ORD104308,2025-10-21,Karnataka,Bengaluru,Fashion,Van,6,1.06,96.4,102.3,Normal,5.1,3.37,3.8,0,0.0,185.58,214.8,5,1,4.3
ORD104309,2025-08-08,Telangana,Nizamabad,Fashion,Van,7,4.12,110.9,102.3,Rain,7.2,4.76,5.9,0,0.0,248.85,315.05,5,1,4.1
ORD104310,2025-07-09,Maharashtra,Pune,Electronics,Bike,7,2.39,20.1,102.69,Normal,6.6,2.87,3.1,0,0.0,155.88,173.71,187,0,5.0
ORD104311,2025-11-09,Maharashtra,Nagpur,Home & Kitchen,Truck,11,1.56,112.7,99.98,Normal,9.4,5.22,5.2,1,0.02,240.05,333.06,5,1,4.1
ORD104312,2025-05-08,Karnataka,Bengaluru,Books,Van,8,1.02,243.7,103.52,Normal,9.5,4.96,5.8,0,0.0,377.57,440.9,5,1,4.2
ORD104313,2025-02-05,West Bengal,Durgapur,Fashion,Van,3,1.38,57.6,102.11,Normal,7.7,1.7,3.0,0,0.0,118.84,149.31,5,1,5.0
ORD104314,2025-10-02,Tamil Nadu,Coimbatore,Sports,Van,8,2.92,50.1,102.8,Normal,3.6,3.47,4.6,0,0.0,164.25,196.16,95,0,5.0
ORD104315,2025-04-11,Maharashtra,Mumbai,Electronics,Bike,4,4.46,137.7,101.72,Rain,7.8,2.16,2.3,0,0.0,280.69,290.2,5,1,4.6
ORD104316,2025-12-24,Delhi,Rohini,Beauty,Van,6,0.34,46.9,103.44,Normal,7.0,2.87,2.6,1,0.27,130.07,158.15,5,1,3.9
ORD104317,2025-06-01,Maharashtra,Nagpur,Grocery,Bike,4,2.81,24.2,105.14,Rain,7.1,2.12,1.9,1,0.22,138.09,166.7,47,0,3.4
ORD104318,2025-11-07,West Bengal,Durgapur,Grocery,Van,8,1.39,65.8,103.11,Normal,7.1,3.51,4.5,0,0.0,210.77,242.54,40,0,4.6
ORD104319,2025-01-16,Rajasthan,Jodhpur,Beauty,Bike,11,1.47,120.7,99.79,Normal,7.0,3.48,4.7,0,0.0,246.99,301.27,5,1,4.4
ORD104320,2025-08-29,Delhi,Dwarka,Beauty,Bike,7,2.64,68.1,102.73,Heavy Rain,10.2,3.78,4.0,0,0.0,177.79,215.21,5,1,5.0
ORD104321,2025-06-13,Rajasthan,Jodhpur,Grocery,Van,1,7.02,57.9,103.1,Normal,5.6,2.32,2.5,0,0.0,111.58,99.75,5,0,4.8
ORD104322,2025-06-18,Tamil Nadu,Coimbatore,Books,Van,6,1.26,100.6,102.61,Normal,10.3,3.25,2.9,1,0.35,229.73,261.54,5,1,3.8
ORD104323,2025-04-07,West Bengal,Siliguri,Home & Kitchen,Van,2,1.89,36.6,101.33,Normal,5.8,3.47,4.1,0,0.0,121.53,137.07,5,1,5.0
ORD104324,2025-12-21,Delhi,Dwarka,Fashion,Truck,5,0.72,78.5,102.61,Normal,6.8,2.65,4.0,0,0.0,210.7,240.18,5,1,4.2
ORD104325,2025-05-24,Tamil Nadu,Chennai,Grocery,Bike,5,2.68,100.0,104.2,Rain,5.3,2.89,3.0,0,0.0,477.55,135.62,122,0,4.3
ORD104326,2025-11-07,West Bengal,Durgapur,Home & Kitchen,Truck,6,1.29,96.8,102.15,Rain,7.2,5.47,7.1,0,0.0,262.15,309.16,5,1,4.6
ORD104327,2025-06-05,Gujarat,Vadodara,Home & Kitchen,Bike,7,5.61,143.9,105.16,Rain,10.4,3.82,3.6,1,0.22,307.54,320.82,5,1,4.3
ORD104328,2025-01-18,Delhi,Dwarka,Sports,Bike,6,2.55,179.1,101.5,Normal,7.1,3.34,3.3,1,0.04,330.04,367.86,5,1,4.2
ORD104329,2025-11-17,Telangana,Hyderabad,Home & Kitchen,Truck,7,1.68,127.7,100.8,Normal,8.1,3.63,4.2,0,0.0,251.37,292.29,5,1,5.0
ORD104330,2025-03-09,Tamil Nadu,Madurai,Home & Kitchen,Van,5,1.68,109.7,102.23,Normal,11.0,2.92,3.8,0,0.0,199.76,220.08,5,1,4.8
ORD104331,2025-04-09,Delhi,Rohini,Beauty,Van,6,2.55,67.5,98.98,Normal,4.4,3.53,4.0,0,0.0,162.44,217.59,5,1,3.5
ORD104332,2025-11-11,Maharashtra,Mumbai,Electronics,Van,6,3.16,114.0,102.62,Rain,5.1,2.64,3.6,0,0.0,262.14,309.18,5,1,4.6
ORD104333,2025-11-23,Rajasthan,Udaipur,Electronics,Van,7,0.94,73.8,102.03,Normal,8.3,3.63,4.5,0,0.0,189.43,220.57,5,1,4.6
ORD104334,2025-12-01,Karnataka,Mangaluru,Electronics,Van,8,1.83,26.7,103.86,Normal,3.7,3.25,5.0,0,0.0,161.88,190.03,96,0,4.0
ORD104335,2025-06-05,Maharashtra,Nagpur,Electronics,Bike,9,2.01,148.5,99.54,Normal,9.7,3.81,4.6,0,0.0,321.42,370.47,5,1,4.4
ORD104336,2025-10-04,West Bengal,Durgapur,Fashion,Van,6,2.31,12.5,103.98,Normal,5.4,3.34,3.7,0,0.0,150.29,167.02,125,0,3.8
ORD104337,2025-04-30,Delhi,Rohini,Books,Truck,7,4.71,51.2,102.87,Normal,6.9,3.09,4.2,0,0.0,187.0,218.68,77,0,4.7
ORD104338,2025-09-28,Rajasthan,Udaipur,Fashion,Truck,10,0.8,40.3,105.44,Normal,10.7,4.26,3.4,1,0.86,199.76,260.18,65,0,3.8
ORD104339,2025-07-03,Gujarat,Vadodara,Fashion,Van,6,3.75,75.0,102.27,Normal,4.4,2.37,1.8,1,0.57,204.6,206.64,106,0,3.4
ORD104340,2025-01-19,Telangana,Warangal,Beauty,Van,8,2.55,124.6,103.18,Rain,3.1,5.82,7.3,0,0.0,263.78,318.52,5,1,4.3
ORD104341,2025-06-02,Rajasthan,Jaipur,Home & Kitchen,Van,4,1.46,106.9,103.7,Normal,1.3,4.41,4.6,0,0.0,220.54,226.49,5,1,5.0
ORD104342,2025-06-20,Telangana,Hyderabad,Fashion,Van,4,3.4,17.1,98.89,Normal,7.5,3.0,3.0,0,0.0,129.76,155.48,5,1,4.6
ORD104343,2025-04-04,Karnataka,Mangaluru,Fashion,Truck,5,1.57,27.2,104.54,Normal,9.0,3.09,4.2,0,0.0,120.54,167.79,230,0,4.4
ORD104344,2025-05-17,Delhi,Dwarka,Fashion,Van,5,0.62,110.2,102.3,Heavy Rain,4.1,4.43,5.0,0,0.0,234.0,251.6,5,1,4.1
ORD104345,2025-07-03,West Bengal,Siliguri,Fashion,Van,6,0.22,261.9,100.24,Rain,9.8,5.22,6.8,0,0.0,340.68,385.15,5,1,4.8
ORD104346,2025-01-19,Maharashtra,Pune,Electronics,Van,10,0.91,46.7,102.38,Normal,8.4,2.96,3.3,0,0.0,200.81,261.04,5,1,5.0
ORD104347,2025-02-25,Karnataka,Mysuru,Sports,Bike,6,1.41,24.9,104.62,Normal,7.4,3.4,5.2,0,0.0,131.64,153.93,5,1,4.9
ORD104348,2025-10-07,Maharashtra,Mumbai,Sports,Truck,5,2.25,54.6,101.88,Normal,9.3,2.85,3.2,0,0.0,148.45,171.28,5,1,4.9
ORD104349,2025-05-09,Rajasthan,Jodhpur,Books,Truck,5,2.97,22.1,102.68,Normal,2.6,2.61,4.1,0,0.0,123.58,143.37,11,1,5.0
ORD104350,2025-08-11,Rajasthan,Jodhpur,Electronics,Bike,4,1.7,63.4,98.88,Rain,8.2,5.93,6.7,0,0.0,175.48,235.34,9,1,4.3
ORD104351,2025-07-26,Karnataka,Bengaluru,Grocery,Bike,7,0.81,76.1,100.93,Normal,2.9,2.29,2.3,0,0.0,196.49,226.18,5,1,4.1
ORD104352,2025-07-21,Telangana,Hyderabad,Beauty,Van,6,1.57,142.8,103.73,Normal,3.2,2.98,3.6,0,0.0,293.1,341.84,5,1,4.7
ORD104353,2025-05-31,Karnataka,Mysuru,Electronics,Bike,7,1.75,101.1,104.36,Normal,4.0,3.53,4.3,0,0.0,211.19,261.08,5,1,4.6
ORD104354,2025-06-26,West Bengal,Kolkata,Sports,Truck,13,6.23,121.5,102.82,Normal,11.7,4.48,5.1,0,0.0,325.12,423.17,5,1,4.4
ORD104355,2025-10-28,Karnataka,Mangaluru,Books,Bike,5,2.89,63.0,103.48,Normal,8.6,1.65,1.6,1,0.05,137.64,194.18,5,1,4.0
ORD104356,2025-12-19,Maharashtra,Pune,Electronics,Bike,5,0.69,207.8,101.7,Normal,8.9,3.92,5.9,0,0.0,263.0,279.72,5,1,5.0
ORD104357,2025-04-04,Karnataka,Mysuru,Sports,Bike,2,1.64,22.2,102.45,Normal,5.7,3.37,4.3,0,0.0,69.33,101.77,131,0,4.7
ORD104358,2025-09-02,Maharashtra,Mumbai,Electronics,Van,10,3.17,64.9,100.49,Normal,7.8,4.61,3.3,1,1.31,213.29,263.18,99,0,4.2
ORD104359,2025-12-20,West Bengal,Durgapur,Fashion,Van,7,2.04,63.1,101.51,Rain,8.8,4.9,5.8,0,0.0,175.17,195.33,24,1,3.7
ORD104360,2025-01-03,Maharashtra,Pune,Electronics,Truck,7,0.7,42.0,102.33,Heavy Rain,7.0,6.75,7.9,0,0.0,165.91,221.63,190,0,5.0
ORD104361,2025-10-14,Rajasthan,Jodhpur,Electronics,Truck,7,3.43,159.5,99.56,Normal,8.2,4.71,3.6,1,1.11,268.5,310.11,5,1,3.9
ORD104362,2025-07-01,West Bengal,Kolkata,Sports,Van,8,2.55,5.8,106.67,Normal,7.8,2.4,2.5,0,0.0,191.2,243.31,190,0,4.6
ORD104363,2025-12-20,Karnataka,Bengaluru,Beauty,Bike,9,1.82,31.1,101.08,Normal,8.1,2.14,3.7,0,0.0,179.35,213.37,174,0,4.4
ORD104364,2025-07-31,Tamil Nadu,Madurai,Home & Kitchen,Bike,8,2.0,75.9,102.72,Normal,12.9,4.38,5.2,0,0.0,229.18,286.44,58,0,3.9
ORD104365,2025-11-02,Karnataka,Mangaluru,Books,Truck,5,3.89,56.9,100.08,Normal,9.3,2.27,3.1,0,0.0,147.96,193.92,96,0,3.7
ORD104366,2025-03-02,Tamil Nadu,Madurai,Sports,Bike,9,0.62,66.3,96.87,Rain,9.3,3.93,3.6,1,0.33,199.02,224.86,5,1,3.5
ORD104367,2025-02-21,West Bengal,Kolkata,Sports,Truck,4,0.73,33.6,105.39,Normal,5.4,3.54,3.5,1,0.04,125.9,132.79,58,0,5.0
ORD104368,2025-12-05,Delhi,Dwarka,Sports,Truck,7,1.25,47.5,102.4,Normal,7.6,3.76,3.2,1,0.56,180.82,225.05,138,0,4.7
ORD104369,2025-07-12,Tamil Nadu,Chennai,Sports,Van,5,2.45,138.2,98.37,Normal,9.3,4.03,3.0,1,1.03,261.25,290.54,5,1,3.9
ORD104370,2025-07-23,Delhi,Rohini,Grocery,Van,1,0.83,106.4,100.43,Rain,5.7,3.25,1.6,1,1.65,119.53,146.23,5,0,4.0
ORD104371,2025-03-04,Tamil Nadu,Chennai,Fashion,Truck,5,1.41,69.5,105.99,Normal,5.7,5.79,8.4,0,0.0,233.87,266.7,89,0,5.0
ORD104372,2025-03-24,Karnataka,Mysuru,Sports,Van,6,1.61,117.9,103.12,Normal,3.0,3.97,4.0,0,0.0,267.26,292.38,5,1,4.6
ORD104373,2025-10-26,Karnataka,Mangaluru,Electronics,Van,5,2.52,134.3,97.59,Normal,6.0,4.45,5.4,0,0.0,241.5,282.81,5,1,3.5
ORD104374,2025-04-21,Maharashtra,Nagpur,Electronics,Van,6,1.68,231.1,101.31,Heavy Rain,8.8,6.17,7.9,0,0.0,343.84,364.46,5,1,5.0
ORD104375,2025-08-02,Tamil Nadu,Madurai,Fashion,Van,4,1.69,113.7,101.89,Heavy Rain,3.3,6.68,7.5,0,0.0,205.15,214.87,5,1,4.5
ORD104376,2025-04-26,West Bengal,Durgapur,Home & Kitchen,Van,6,1.27,130.6,103.15,Rain,10.7,4.28,4.9,0,0.0,213.6,237.72,5,1,4.6
ORD104377,2025-04-07,Karnataka,Bengaluru,Beauty,Truck,8,4.09,39.2,102.18,Normal,8.7,4.39,5.4,0,0.0,156.19,164.95,204,0,4.5
ORD104378,2025-03-02,Delhi,New Delhi,Sports,Van,5,3.09,95.3,99.06,Normal,10.5,2.88,5.4,0,0.0,173.37,210.25,5,1,4.4
ORD104379,2025-12-06,West Bengal,Kolkata,Fashion,Van,5,3.02,73.3,101.03,Normal,6.7,4.08,4.8,0,0.0,148.93,164.91,18,1,4.9
ORD104380,2025-12-10,West Bengal,Kolkata,Beauty,Bike,7,1.21,133.3,100.53,Normal,1.9,3.74,3.1,1,0.64,293.93,341.46,5,1,4.0
ORD104381,2025-02-12,Delhi,Dwarka,Fashion,Truck,8,1.44,128.6,103.49,Normal,6.8,4.92,4.6,1,0.32,248.43,315.06,5,1,4.0
ORD104382,2025-05-09,Karnataka,Bengaluru,Grocery,Van,4,2.74,125.7,101.16,Normal,4.9,3.15,3.0,1,0.15,244.63,294.73,5,1,3.5
ORD104383,2025-07-25,Gujarat,Ahmedabad,Electronics,Van,5,1.37,154.1,101.12,Heavy Rain,4.6,5.31,5.8,0,0.0,242.43,292.89,5,1,5.0
ORD104384,2025-05-20,Rajasthan,Jodhpur,Electronics,Bike,7,1.1,101.4,101.64,Rain,8.6,5.1,4.7,1,0.4,217.86,234.0,5,1,4.6
ORD104385,2025-09-21,Rajasthan,Udaipur,Grocery,Truck,5,2.43,41.9,100.55,Normal,4.6,2.93,3.1,0,0.0,141.81,161.3,59,0,5.0
ORD104386,2025-04-05,Karnataka,Mangaluru,Beauty,Van,10,0.86,866.4,104.8,Normal,4.8,2.4,2.9,0,0.0,1238.65,274.66,5,1,5.0
ORD104387,2025-01-22,Maharashtra,Mumbai,Fashion,Van,7,1.76,132.0,104.09,Heavy Rain,5.9,3.99,5.6,0,0.0,297.39,327.47,5,1,4.6
ORD104388,2025-05-03,Delhi,Rohini,Home & Kitchen,Bike,6,3.6,134.9,104.17,Rain,9.4,5.21,5.1,1,0.11,257.83,320.0,5,1,4.5
ORD104389,2025-08-07,Delhi,Dwarka,Electronics,Bike,10,2.21,52.1,99.83,Normal,7.9,3.14,4.4,0,0.0,251.26,301.98,67,0,5.0
ORD104390,2025-03-07,Delhi,Dwarka,Grocery,Bike,9,1.02,12.7,102.67,Rain,5.8,3.31,4.2,0,0.0,166.08,218.53,128,0,4.6
ORD104391,2025-10-25,Karnataka,Mysuru,Fashion,Bike,5,2.74,172.9,103.44,Normal,5.8,2.72,4.0,0,0.0,309.4,330.11,5,1,4.5
ORD104392,2025-01-05,West Bengal,Siliguri,Fashion,Van,5,1.36,48.5,100.16,Rain,9.4,4.2,2.7,1,1.5,150.56,173.29,5,1,3.8
ORD104393,2025-01-25,Maharashtra,Pune,Sports,Van,9,3.49,64.5,99.88,Normal,9.5,3.17,2.2,1,0.97,216.43,269.13,5,1,4.0
ORD104394,2025-07-05,West Bengal,Kolkata,Grocery,Van,7,2.8,56.4,100.2,Normal,8.9,3.22,2.5,1,0.72,150.9,170.55,250,0,3.2
ORD104395,2025-07-06,West Bengal,Durgapur,Home & Kitchen,Van,3,1.61,82.5,99.34,Normal,7.2,2.0,3.9,0,0.0,176.49,195.03,5,1,4.9
ORD104396,2025-04-18,Rajasthan,Jaipur,Grocery,Van,5,1.24,57.1,103.84,Normal,2.5,1.69,1.7,0,0.0,194.14,235.17,67,0,5.0
ORD104397,2025-04-05,West Bengal,Kolkata,Electronics,Bike,6,1.16,77.5,103.66,Normal,6.7,2.09,1.7,1,0.39,211.61,259.93,5,1,3.6
ORD104398,2025-01-26,Delhi,New Delhi,Home & Kitchen,Truck,4,10.84,38.8,101.35,Normal,10.0,2.75,3.3,0,0.0,168.57,205.15,5,1,4.2
ORD104399,2025-08-30,Rajasthan,Jaipur,Grocery,Van,5,0.45,159.8,101.8,Normal,1.1,4.68,7.2,0,0.0,268.98,307.57,5,1,4.1
ORD104400,2025-05-19,Karnataka,Mysuru,Electronics,Van,6,0.64,104.1,100.68,Normal,2.0,5.2,5.3,0,0.0,182.67,220.81,41,0,4.3
ORD104401,2025-02-13,Tamil Nadu,Chennai,Home & Kitchen,Truck,7,4.12,77.1,106.06,Normal,5.0,5.15,5.2,0,0.0,189.39,217.89,5,1,3.9
ORD104402,2025-05-26,Telangana,Warangal,Sports,Van,6,3.58,8.8,101.09,Normal,5.4,0.76,2.3,0,0.0,117.54,170.78,235,0,4.3
ORD104403,2025-12-09,Karnataka,Bengaluru,Grocery,Van,7,2.0,33.5,100.91,Normal,7.6,4.03,4.9,0,0.0,147.69,160.4,93,0,5.0
ORD104404,2025-04-06,Tamil Nadu,Chennai,Sports,Van,4,0.55,117.5,101.62,Normal,2.9,2.98,3.7,0,0.0,212.2,261.73,5,1,3.9
ORD104405,2025-11-23,Gujarat,Vadodara,Sports,Truck,3,2.86,37.4,99.47,Normal,7.4,1.76,2.0,0,0.0,142.77,138.37,5,1,4.4
ORD104406,2025-04-05,Telangana,Hyderabad,Home & Kitchen,Truck,10,1.07,97.6,102.3,Normal,13.9,6.3,7.3,0,0.0,243.19,298.81,5,1,4.9
ORD104407,2025-03-09,Gujarat,Ahmedabad,Grocery,Bike,4,1.89,58.4,104.38,Normal,4.9,1.47,1.0,1,0.47,188.55,217.21,5,1,4.1
ORD104408,2025-04-06,Rajasthan,Jodhpur,Fashion,Van,4,2.62,77.1,101.48,Normal,2.9,2.68,3.6,0,0.0,157.79,172.09,5,1,4.8
ORD104409,2025-04-28,Karnataka,Bengaluru,Grocery,Truck,3,2.8,60.1,103.22,Rain,5.0,3.15,2.7,1,0.45,172.62,177.27,70,0,4.2
ORD104410,2025-02-14,Telangana,Hyderabad,Fashion,Truck,4,1.32,63.9,98.24,Normal,7.6,3.25,5.3,0,0.0,141.74,161.03,5,1,4.6
ORD104411,2025-08-03,Delhi,New Delhi,Electronics,Bike,5,4.64,115.4,100.04,Normal,7.4,3.07,4.7,0,0.0,230.42,260.51,5,1,3.9
ORD104412,2025-05-02,Delhi,Dwarka,Electronics,Van,3,3.42,117.8,101.91,Heavy Rain,8.0,4.95,6.3,0,0.0,203.4,232.02,5,1,4.6
ORD104413,2025-09-20,Telangana,Nizamabad,Books,Van,5,1.08,82.3,98.4,Normal,5.9,2.55,5.0,0,0.0,200.04,228.08,5,1,4.2
ORD104414,2025-06-29,Telangana,Warangal,Electronics,Bike,13,1.47,119.6,102.3,Normal,10.3,2.79,5.9,0,0.0,307.65,375.86,5,1,5.0
ORD104415,2025-06-11,Gujarat,Vadodara,Beauty,Van,5,1.23,25.4,101.14,Normal,13.0,1.84,2.5,0,0.0,83.9,111.93,71,0,4.2
ORD104416,2025-06-21,Karnataka,Mangaluru,Books,Van,9,1.93,72.2,102.21,Heavy Rain,7.1,5.49,6.2,0,0.0,193.07999999999998,296.11,60,0,5.0
ORD104417,2025-02-27,Delhi,Rohini,Grocery,Bike,6,3.03,53.2,101.25,Normal,7.2,1.43,2.8,0,0.0,174.03,197.48,72,0,4.6
ORD104418,2025-09-18,Maharashtra,Pune,Fashion,Bike,6,0.6,51.9,101.35,Normal,8.0,2.61,3.9,0,0.0,203.12,238.43,149,0,4.8
ORD104419,2025-02-08,Delhi,Dwarka,Home & Kitchen,Truck,6,0.55,48.0,96.95,Normal,13.1,3.49,2.0,1,1.49,123.24,143.35,8,1,4.2
ORD104420,2025-09-21,Telangana,Warangal,Sports,Truck,2,1.17,148.0,99.65,Heavy Rain,7.7,6.61,7.0,0,0.0,200.84,210.44,5,1,5.0
ORD104421,2025-12-31,Gujarat,Vadodara,Beauty,Truck,7,4.85,32.4,102.52,Normal,8.0,3.57,3.4,1,0.17,136.15,169.04,122,0,4.4
ORD104422,2025-10-06,Karnataka,Mysuru,Fashion,Truck,5,2.35,48.2,99.04,Rain,5.6,4.73,5.8,0,0.0,156.24,236.6,40,0,4.3
ORD104423,2025-06-16,Tamil Nadu,Coimbatore,Sports,Truck,4,5.61,82.0,99.81,Rain,10.2,4.33,5.4,0,0.0,194.31,227.95,5,1,4.9
ORD104424,2025-04-25,Karnataka,Bengaluru,Home & Kitchen,Van,12,2.0,50.2,100.77,Rain,8.9,6.16,6.9,0,0.0,271.75,338.38,35,1,4.8
ORD104425,2025-11-15,Maharashtra,Nagpur,Fashion,Bike,4,1.16,49.7,100.92,Normal,10.1,1.87,1.9,0,0.0,148.7,188.46,5,1,5.0
ORD104426,2025-04-04,Maharashtra,Pune,Electronics,Truck,3,0.68,55.2,102.82,Normal,5.2,2.54,2.7,0,0.0,114.45,136.4,61,0,4.6
ORD104427,2025-06-26,Rajasthan,Udaipur,Electronics,Van,10,1.17,105.6,101.93,Normal,6.9,5.52,7.9,0,0.0,263.96,338.92,14,1,5.0
ORD104428,2025-10-09,Maharashtra,Nagpur,Fashion,Van,5,1.35,153.6,100.31,Normal,3.0,2.97,1.5,1,1.47,272.88,318.74,5,1,4.0
ORD104429,2025-12-03,Rajasthan,Jaipur,Grocery,Truck,6,0.42,116.9,98.4,Normal,8.2,3.24,6.7,0,0.0,176.38,238.78,5,1,3.7
ORD104430,2025-12-03,Maharashtra,Pune,Home & Kitchen,Bike,5,1.17,220.5,106.97,Heavy Rain,2.1,4.77,7.1,0,0.0,324.42,373.83,5,1,4.6
ORD104431,2025-02-02,Telangana,Warangal,Grocery,Truck,5,1.16,193.8,101.52,Normal,9.8,3.68,4.2,0,0.0,267.59,322.64,5,1,4.1
ORD104432,2025-11-24,Delhi,New Delhi,Books,Van,7,2.04,16.4,103.08,Rain,3.8,3.09,4.4,0,0.0,136.67,188.02,194,0,4.3
ORD104433,2025-02-11,Telangana,Hyderabad,Sports,Bike,3,1.96,150.0,97.13,Normal,1.5,3.24,3.8,0,0.0,224.71,247.4,5,1,4.5
ORD104434,2025-08-02,Delhi,Dwarka,Electronics,Van,5,2.48,190.0,100.73,Rain,6.7,5.35,5.9,0,0.0,251.19,306.97,5,1,4.8
ORD104435,2025-12-06,Telangana,Hyderabad,Books,Van,7,0.7,102.7,100.65,Rain,9.6,4.26,4.5,0,0.0,182.73,224.5,5,1,4.3
ORD104436,2025-08-28,Rajasthan,Jodhpur,Electronics,Van,7,0.96,64.4,100.54,Normal,7.0,4.54,4.6,0,0.0,201.75,239.57,5,1,5.0
ORD104437,2025-12-12,Tamil Nadu,Madurai,Grocery,Van,4,3.68,37.8,102.76,Normal,8.5,3.11,4.4,0,0.0,128.53,159.59,121,0,4.6
ORD104438,2025-05-06,West Bengal,Kolkata,Fashion,Bike,3,1.7,111.1,100.86,Normal,6.8,2.02,1.9,1,0.12,184.93,215.35,5,1,3.9
ORD104439,2025-04-25,Maharashtra,Mumbai,Grocery,Bike,5,3.49,26.9,100.55,Normal,8.6,1.26,2.0,0,0.0,145.39,167.75,146,0,5.0
ORD104440,2025-04-30,Telangana,Hyderabad,Home & Kitchen,Bike,8,1.84,79.3,101.28,Normal,11.7,3.15,3.5,0,0.0,185.37,252.36,5,1,4.7
ORD104441,2025-05-10,Tamil Nadu,Madurai,Grocery,Bike,12,2.27,308.8,101.34,Rain,7.4,3.86,6.3,0,0.0,466.24,557.36,5,1,3.8
ORD104442,2025-09-07,Tamil Nadu,Madurai,Electronics,Bike,3,2.84,22.5,99.09,Normal,6.5,2.21,3.9,0,0.0,85.59,90.99,74,0,3.9
ORD104443,2025-06-15,Delhi,Rohini,Electronics,Van,4,1.4,80.8,103.04,Rain,1.4,3.32,3.3,1,0.02,109.28,135.39,5,1,5.0
ORD104444,2025-09-27,Karnataka,Bengaluru,Beauty,Bike,6,1.31,135.0,100.2,Normal,10.4,4.01,5.9,0,0.0,237.5,278.05,5,1,4.6
ORD104445,2025-06-01,Telangana,Warangal,Home & Kitchen,Van,12,1.29,87.6,101.04,Normal,8.2,5.44,6.5,0,0.0,265.2,315.7,101,0,4.5
ORD104446,2025-04-23,Telangana,Hyderabad,Grocery,Bike,10,1.91,112.3,103.9,Heavy Rain,8.6,5.15,6.8,0,0.0,284.05,331.07,5,1,5.0
ORD104447,2025-03-11,Telangana,Warangal,Grocery,Bike,6,2.92,23.0,106.42,Heavy Rain,6.4,5.03,6.6,0,0.0,153.71,179.0,123,0,4.5
ORD104448,,Telangana,Hyderabad,Grocery,Truck,1,1.55,215.6,102.02,Normal,3.6,3.47,2.9,1,0.57,216.97,262.61,5,0,3.8
ORD104449,2025-11-24,Gujarat,Surat,Grocery,Truck,9,4.27,85.6,98.02,Heavy Rain,10.3,6.09,7.3,0,0.0,204.98,242.49,29,1,4.6
ORD104450,2025-11-10,Delhi,Rohini,Books,Truck,4,6.28,27.9,100.62,Heavy Rain,8.3,3.26,3.9,0,0.0,128.51,164.6,111,0,4.4
ORD104451,2025-04-03,Rajasthan,Udaipur,Sports,Bike,8,1.14,130.7,104.21,Rain,6.3,4.24,6.7,0,0.0,266.64,311.43,5,1,4.5
ORD104452,2025-06-24,West Bengal,Kolkata,Electronics,Van,3,4.36,212.3,100.69,Rain,10.6,4.86,4.7,1,0.16,283.7,305.07,5,1,4.0
ORD104453,2025-09-15,Delhi,New Delhi,Beauty,Bike,5,1.99,60.0,102.59,Normal,8.9,1.83,3.2,0,0.0,143.4,178.56,52,0,4.8
ORD104454,2025-08-12,Telangana,Hyderabad,Grocery,Van,6,2.58,69.9,102.54,Normal,11.2,4.02,3.6,1,0.42,220.5,257.74,7,1,3.8
ORD104455,2025-01-25,Tamil Nadu,Chennai,Home & Kitchen,Truck,4,1.85,150.7,99.79,Normal,1.7,4.45,7.1,0,0.0,250.69,301.57,5,1,4.5
ORD104456,2025-08-04,Maharashtra,Pune,Home & Kitchen,Van,11,4.45,126.6,104.44,Normal,7.5,5.03,6.2,0,0.0,329.4,405.41,30,1,4.6
ORD104457,2025-01-15,Tamil Nadu,Coimbatore,Home & Kitchen,Truck,4,2.52,42.0,101.79,Rain,8.9,4.56,4.8,0,0.0,145.43,202.17,5,1,5.0
ORD104458,2025-02-12,Karnataka,Mangaluru,Beauty,Van,5,1.61,12.5,100.95,Normal,3.6,2.47,4.5,0,0.0,88.04,110.99,62,0,4.8
ORD104459,2025-08-27,Rajasthan,Udaipur,Fashion,Bike,6,1.54,215.0,100.69,Normal,6.0,4.63,6.9,0,0.0,338.01,383.97,5,1,3.1
ORD104460,2025-02-07,Karnataka,Mangaluru,Grocery,Bike,4,0.92,55.5,98.85,Normal,3.7,3.17,4.2,0,0.0,203.83,224.93,5,1,4.5
ORD104461,2025-05-04,Maharashtra,Mumbai,Beauty,Truck,7,1.39,31.0,99.53,Normal,8.4,1.89,2.4,0,0.0,171.28,205.96,88,0,3.8
ORD104462,2025-08-03,Delhi,New Delhi,Grocery,Van,8,4.45,44.4,99.09,Rain,7.2,2.8,2.4,1,0.4,195.1,224.49,24,1,3.8
ORD104463,2025-08-28,Karnataka,Mysuru,Home & Kitchen,Bike,8,4.07,172.2,105.0,Rain,5.5,4.6,4.4,1,0.2,278.56,331.75,5,1,3.8
ORD104464,2025-06-12,West Bengal,Siliguri,Grocery,Bike,7,1.33,3.6,102.76,Normal,11.7,3.41,2.9,1,0.51,110.81,116.61,285,0,3.1
ORD104465,2025-02-04,Tamil Nadu,Madurai,Grocery,Truck,6,0.99,148.2,99.06,Normal,8.6,4.44,6.2,0,0.0,270.6,333.23,5,1,5.0
ORD104466,2025-10-19,Tamil Nadu,Coimbatore,Electronics,Bike,5,3.74,103.0,104.17,Normal,8.5,2.3,4.1,0,0.0,229.58,267.57,5,1,4.6
ORD104467,2025-12-13,Maharashtra,Mumbai,Home & Kitchen,Truck,5,2.66,62.7,103.3,Normal,7.3,3.47,3.2,1,0.27,143.35,201.92,5,1,4.5
ORD104468,2025-11-21,Delhi,New Delhi,Home & Kitchen,Van,3,0.56,81.5,99.66,Normal,8.0,3.28,5.1,0,0.0,163.54,172.71,5,1,4.1
ORD104469,2025-10-01,Tamil Nadu,Chennai,Sports,Bike,5,13.09,121.5,101.76,Normal,9.5,2.8,3.2,0,0.0,258.26,314.69,5,1,4.5
ORD104470,2025-05-27,Telangana,Warangal,Home & Kitchen,Van,4,2.03,57.8,99.56,Normal,1.9,3.48,3.6,0,0.0,170.69,208.15,5,1,4.9
ORD104471,2025-11-16,Karnataka,Mysuru,Electronics,Van,8,6.09,44.4,102.61,Rain,13.2,3.69,4.8,0,0.0,221.87,245.26,5,1,3.8
ORD104472,2025-06-28,Maharashtra,Pune,Electronics,Van,3,2.26,117.0,101.63,Normal,10.6,3.42,4.0,0,0.0,219.06,229.01,5,1,5.0
ORD104473,2025-02-19,Rajasthan,Jaipur,Electronics,Bike,14,1.02,88.0,99.97,Normal,8.8,4.99,4.0,1,0.99,279.92,351.82,56,0,4.5
ORD104474,2025-11-07,Tamil Nadu,Coimbatore,Fashion,Bike,4,2.28,179.3,98.48,Normal,2.4,1.03,1.4,0,0.0,284.02,330.58,5,1,4.6
ORD104475,2025-04-27,West Bengal,Kolkata,Books,Truck,5,0.78,169.9,100.57,Normal,4.0,5.46,4.9,1,0.56,263.56,324.08,5,1,3.6
ORD104476,2025-12-09,Gujarat,Surat,Fashion,Van,4,1.86,62.9,101.56,Normal,3.9,4.03,3.1,1,0.93,162.91,177.34,5,1,4.0
ORD104477,2025-05-15,Maharashtra,Pune,Books,Van,6,0.99,74.3,102.99,Normal,7.9,1.41,1.5,0,0.0,184.65,253.86,5,1,3.3
ORD104478,2025-11-14,Telangana,Hyderabad,Electronics,Bike,3,1.76,163.4,101.77,Normal,5.1,2.83,3.4,0,0.0,214.3,229.4,5,1,4.7
ORD104479,2025-07-16,Telangana,Warangal,Fashion,Van,8,2.37,136.2,102.28,Normal,6.5,2.79,2.2,1,0.59,281.58,347.76,5,1,4.7
ORD104480,2025-06-20,Rajasthan,Jaipur,Books,Van,7,2.44,105.5,99.24,Normal,9.2,2.2,2.9,0,0.0,243.97,258.89,5,1,3.7
ORD104481,2025-04-19,Rajasthan,Jodhpur,Grocery,Bike,5,0.78,152.1,97.02,Rain,6.5,4.52,5.3,0,0.0,216.18,243.01,5,1,4.2
ORD104482,2025-11-02,Maharashtra,Pune,Books,Truck,10,1.32,24.9,97.51,Rain,11.0,5.93,7.2,0,0.0,200.19,264.77,276,0,4.0
ORD104483,2025-01-23,Telangana,Warangal,Home & Kitchen,Truck,4,0.56,104.7,100.01,Rain,6.3,4.78,5.3,0,0.0,198.51,261.62,5,1,5.0
ORD104484,2025-06-21,Karnataka,Bengaluru,Beauty,Bike,3,3.01,39.5,99.13,Normal,10.6,3.02,4.4,0,0.0,108.18,142.05,5,1,4.8
ORD104485,2025-05-15,Delhi,Dwarka,Grocery,Truck,6,2.3,129.5,100.28,Rain,12.9,3.68,5.1,0,0.0,249.3,294.73,5,1,4.2
ORD104486,2025-07-18,Delhi,Rohini,Electronics,Van,8,0.94,103.6,101.8,Normal,8.4,2.31,1.6,1,0.71,219.22,246.68,5,1,3.9
ORD104487,2025-04-03,West Bengal,Durgapur,Books,Van,5,5.02,147.9,101.59,Normal,6.5,3.31,5.6,0,0.0,277.78,334.95,5,1,4.6
ORD104488,2025-08-31,West Bengal,Siliguri,Home & Kitchen,Bike,2,2.73,172.5,96.22,Normal,5.8,2.64,4.4,0,0.0,215.71,242.09,5,1,3.9
ORD104489,2025-05-21,West Bengal,Siliguri,Electronics,Truck,6,1.88,29.3,105.07,Rain,9.9,4.93,5.3,0,0.0,178.26,235.85,104,0,3.9
ORD104490,2025-03-10,West Bengal,Kolkata,Grocery,Van,8,1.48,105.7,101.11,Normal,10.1,4.44,4.3,1,0.14,271.32,333.54,5,1,3.7
ORD104491,2025-03-13,Maharashtra,Nagpur,Grocery,Truck,4,1.33,51.6,100.9,Normal,1.7,2.05,3.5,0,0.0,193.07999999999998,198.24,17,0,4.0
ORD104492,2025-09-12,Rajasthan,Jaipur,Sports,Bike,6,1.21,121.5,100.1,Normal,8.6,2.49,2.6,0,0.0,277.81,304.59,5,1,4.4
ORD104493,2025-04-06,Tamil Nadu,Coimbatore,Sports,Bike,6,4.32,50.0,99.84,Normal,6.6,3.45,3.2,1,0.25,213.96,233.07,39,0,3.5
ORD104494,2025-04-23,Gujarat,Vadodara,Home & Kitchen,Truck,3,2.41,52.9,102.3,Normal,7.0,2.94,3.3,0,0.0,157.94,193.71,67,0,4.6
ORD104495,2025-08-17,Gujarat,Vadodara,Grocery,Van,7,1.02,85.5,98.55,Normal,7.5,3.43,5.2,0,0.0,244.91,285.97,5,1,4.5
ORD104496,2025-05-01,Telangana,Warangal,Sports,Bike,6,4.68,28.2,100.83,Normal,6.6,2.16,4.2,0,0.0,156.43,212.61,77,0,4.9
ORD104497,2025-05-22,Karnataka,Mangaluru,Home & Kitchen,Truck,8,1.9,39.9,102.99,Normal,3.8,3.48,5.9,0,0.0,165.53,220.07,217,0,4.7
ORD104498,2025-03-31,Gujarat,Surat,Fashion,Bike,2,1.11,111.9,100.58,Normal,1.8,2.82,3.3,0,0.0,195.92,225.84,5,1,3.5
ORD104499,2025-05-07,Telangana,Hyderabad,Sports,Truck,6,7.27,198.2,101.15,Normal,7.2,5.4,6.0,0,0.0,332.55,412.23,5,1,4.3
ORD104500,2025-09-10,Telangana,Hyderabad,Electronics,Truck,7,0.99,16.7,97.67,Normal,7.2,4.81,5.4,0,0.0,163.36,192.46,223,0,4.8
ORD104501,2025-07-14,Rajasthan,Udaipur,Sports,Bike,6,1.18,47.7,101.67,Normal,7.0,2.94,3.1,0,0.0,139.54,177.78,30,0,5.0
ORD104502,2025-12-31,Delhi,Rohini,Fashion,Van,10,2.01,98.9,100.83,Rain,9.3,5.37,5.5,0,0.0,243.54,283.3,5,1,5.0
ORD104503,2025-10-09,Tamil Nadu,Madurai,Sports,Truck,8,2.48,20.4,99.96,Normal,6.0,4.21,4.5,0,0.0,127.54,184.17,152,0,5.0
ORD104504,2025-01-07,Gujarat,Surat,Grocery,Truck,4,1.23,64.4,101.42,Rain,3.0,3.89,6.3,0,0.0,123.15,179.36,5,1,4.6
ORD104505,2025-05-19,Tamil Nadu,Chennai,Grocery,Van,5,0.48,92.0,98.04,Normal,9.2,2.23,2.2,1,0.03,193.63,228.31,87,0,4.6
ORD104506,2025-04-16,Gujarat,Vadodara,Books,Van,6,2.06,76.5,103.32,Normal,8.7,3.27,4.2,0,0.0,155.76,164.42,52,0,5.0
ORD104507,2025-08-03,West Bengal,Kolkata,Electronics,Van,3,1.02,55.3,105.27,Normal,4.4,2.79,4.0,0,0.0,104.4,139.02,49,0,5.0
ORD104508,2025-04-07,West Bengal,Siliguri,Grocery,Bike,6,1.59,25.1,98.96,Normal,9.4,3.77,6.4,0,0.0,119.57,170.06,41,0,4.7
ORD104509,2025-12-19,Tamil Nadu,Coimbatore,Sports,Van,8,1.19,277.4,102.13,Rain,5.4,5.57,6.5,0,0.0,390.88,445.84,5,1,4.8
ORD104510,2025-04-20,West Bengal,Durgapur,Sports,Bike,12,1.0,46.1,99.74,Normal,9.8,3.64,4.1,0,0.0,230.49,274.82,204,0,3.5
ORD104511,2025-07-10,Rajasthan,Jodhpur,Sports,Bike,6,1.69,127.0,97.76,Normal,7.9,4.51,4.3,1,0.21,285.95,340.72,5,1,3.7
ORD104512,2025-02-14,West Bengal,Siliguri,Grocery,Van,4,1.34,113.5,102.29,Normal,4.9,3.13,3.0,1,0.13,218.06,234.66,5,1,2.5
ORD104513,2025-11-29,Telangana,Nizamabad,Grocery,Truck,7,2.0,64.9,99.42,Normal,8.8,3.0,3.7,0,0.0,172.35,200.25,107,0,4.5
ORD104514,2025-11-29,Maharashtra,Mumbai,Beauty,Bike,4,3.77,56.1,101.01,Normal,3.6,1.06,1.5,0,0.0,157.58,167.65,68,0,4.0
ORD104515,2025-10-17,Rajasthan,Jodhpur,Beauty,Bike,7,1.05,26.8,103.33,Normal,7.5,2.25,2.9,0,0.0,136.79,162.13,148,0,3.6
ORD104516,2025-05-09,Karnataka,Mangaluru,Beauty,Bike,5,1.71,139.9,100.82,Normal,6.9,1.3,2.5,0,0.0,259.43,308.27,5,1,4.8
ORD104517,2025-01-22,West Bengal,Kolkata,Electronics,Bike,2,1.97,147.5,100.23,Normal,3.1,2.8,2.9,0,0.0,224.02,252.95,5,1,4.1
ORD104518,2025-09-17,West Bengal,Siliguri,Electronics,Truck,5,0.67,67.0,98.1,Normal,8.4,4.48,5.5,0,0.0,148.77,199.99,5,1,4.4
ORD104519,2025-06-06,Tamil Nadu,Chennai,Beauty,Van,3,0.97,48.4,98.09,Normal,8.9,2.12,3.8,0,0.0,131.95,159.22,161,0,4.7
ORD104520,2025-12-28,Rajasthan,Jodhpur,Home & Kitchen,Bike,4,1.96,36.8,99.54,Normal,6.5,4.85,3.9,1,0.95,140.09,181.64,80,0,3.0
ORD104521,2025-09-12,Rajasthan,Udaipur,Home & Kitchen,Truck,6,1.92,70.7,99.08,Rain,7.5,4.18,5.0,0,0.0,186.09,243.19,5,1,4.9
ORD104522,2025-07-16,Karnataka,Mysuru,Home & Kitchen,Bike,9,1.21,41.6,100.97,Normal,7.6,3.51,5.5,0,0.0,198.96,224.2,232,0,4.5
ORD104523,2025-12-27,Tamil Nadu,Chennai,Books,Van,7,1.98,85.0,97.76,Normal,7.4,3.6,4.7,0,0.0,225.08,258.96,5,1,4.8
ORD104524,2025-10-20,West Bengal,Kolkata,Sports,Truck,5,2.4,93.5,98.3,Rain,5.7,4.51,4.6,0,0.0,250.28,309.55,5,1,4.1
ORD104525,2025-06-17,Tamil Nadu,Madurai,Grocery,Van,6,2.95,94.0,99.41,Heavy Rain,7.4,4.98,6.2,0,0.0,242.48,284.72,5,1,5.0
ORD104526,2025-01-07,Delhi,Rohini,Sports,Bike,6,3.11,37.7,99.83,Normal,6.8,3.53,3.8,0,0.0,135.88,157.39,202,0,4.5
ORD104527,2025-02-03,Maharashtra,Mumbai,Sports,Van,3,4.42,40.7,99.74,Normal,10.6,3.49,5.0,0,0.0,140.25,152.38,5,1,4.6
ORD104528,2025-06-11,Delhi,Rohini,Home & Kitchen,Van,7,2.16,66.4,99.26,Normal,7.1,3.97,5.1,0,0.0,247.17,297.04,5,1,4.3
ORD104529,2025-07-25,Gujarat,Surat,Electronics,Van,4,0.82,137.8,98.18,Normal,4.1,2.38,4.8,0,0.0,227.54,255.41,5,1,3.7
ORD104530,2025-01-12,West Bengal,Kolkata,Home & Kitchen,Bike,3,1.66,93.7,100.61,Normal,1.9,3.28,3.9,0,0.0,215.26,256.36,5,1,4.5
ORD104531,2025-02-16,Maharashtra,Pune,Electronics,Truck,9,0.88,35.5,101.68,Rain,10.7,5.38,6.5,0,0.0,247.12,293.08,236,0,4.8
ORD104532,2025-09-15,Maharashtra,Nagpur,Beauty,Van,7,3.49,95.5,100.08,Rain,11.4,4.82,5.2,0,0.0,205.7,268.24,5,1,4.4
ORD104533,2025-10-02,West Bengal,Kolkata,Home & Kitchen,Van,7,4.92,3.0,98.46,Normal,5.0,2.54,3.3,0,0.0,147.17,193.77,164,0,4.0
ORD104534,2025-01-11,Maharashtra,Nagpur,Sports,Truck,2,2.01,118.9,96.03,Rain,7.4,4.47,4.4,1,0.07,184.84,207.24,5,1,3.7
ORD104535,2025-07-05,Delhi,Dwarka,Beauty,Truck,7,4.29,151.7,102.45,Normal,9.2,4.15,6.0,0,0.0,254.11,320.55,5,1,4.8
ORD104536,2025-01-30,West Bengal,Durgapur,Fashion,Van,8,4.1,53.3,99.12,Normal,8.2,4.54,5.5,0,0.0,238.95,257.33,93,0,5.0
ORD104537,2025-09-22,Telangana,Nizamabad,Sports,Bike,7,2.45,79.4,101.79,Rain,4.9,3.75,4.5,0,0.0,216.51,255.42,5,1,5.0
ORD104538,2025-11-01,Gujarat,Surat,Sports,Bike,6,2.84,39.7,102.35,Normal,8.6,1.53,3.0,0,0.0,119.02,147.95,17,1,5.0
ORD104539,2025-11-14,Rajasthan,Jaipur,Books,Van,6,3.73,31.9,100.82,Normal,10.8,2.56,4.6,0,0.0,165.9,168.59,114,0,3.9
ORD104540,2025-08-07,Delhi,Rohini,Books,Bike,5,0.81,134.7,101.07,Normal,10.3,2.59,5.3,0,0.0,207.72,217.68,5,1,4.7
ORD104541,2025-08-18,Maharashtra,Pune,Sports,Van,5,2.0,41.0,100.9,Normal,8.3,3.81,3.8,1,0.01,146.42,189.51,5,1,4.1
ORD104542,2025-12-05,West Bengal,Durgapur,Beauty,Van,5,2.89,77.6,98.91,Rain,9.2,3.78,5.1,0,0.0,122.31,151.22,51,0,4.3
ORD104543,2025-08-12,Maharashtra,Nagpur,Sports,Van,8,0.79,106.7,97.21,Normal,3.3,3.93,5.5,0,0.0,232.08,279.33,5,1,3.5
ORD104544,2025-06-12,Rajasthan,Jaipur,Electronics,Bike,6,6.98,85.4,100.69,Normal,9.4,1.91,2.5,0,0.0,247.58,277.51,5,1,4.3
ORD104545,2025-10-03,Rajasthan,Udaipur,Beauty,Truck,4,4.1,24.2,96.48,Heavy Rain,8.4,3.94,4.1,0,0.0,118.01,163.92,64,0,5.0
ORD104546,2025-08-04,Karnataka,Mysuru,Beauty,Van,6,4.12,67.6,98.51,Normal,6.7,3.34,5.1,0,0.0,149.46,159.12,74,0,4.7
ORD104547,2025-11-04,Karnataka,Mysuru,Electronics,Van,8,2.63,116.9,98.04,Rain,8.3,4.86,4.7,1,0.16,255.07,313.8,5,1,3.8
ORD104548,2025-07-11,Tamil Nadu,Coimbatore,Electronics,Van,7,1.09,68.2,100.2,Normal,6.2,3.99,5.1,0,0.0,184.74,250.61,5,1,4.0
ORD104549,2025-11-14,Maharashtra,Nagpur,Electronics,Bike,5,0.88,70.4,99.56,Normal,2.9,1.0,1.1,0,0.0,205.93,222.35,5,1,4.9
ORD104550,2025-01-17,Rajasthan,Jaipur,Home & Kitchen,Van,4,1.89,128.3,97.97,Heavy Rain,8.1,7.05,7.8,0,0.0,226.32,243.22,5,1,5.0
ORD104551,2025-01-14,Maharashtra,Mumbai,Electronics,Bike,8,3.17,110.5,98.34,Heavy Rain,12.9,4.87,4.2,1,0.67,247.65,298.74,5,1,4.2
ORD104552,2025-02-06,Karnataka,Mysuru,Fashion,Van,5,2.87,54.1,102.6,Normal,4.9,2.37,2.1,1,0.27,132.13,168.4,5,1,3.3
ORD104553,2025-07-23,Karnataka,Bengaluru,Books,Bike,4,6.12,174.4,97.64,Normal,7.3,3.22,2.3,1,0.92,281.22,298.93,5,1,3.3
ORD104554,2025-09-16,West Bengal,Kolkata,Beauty,Bike,6,1.65,42.5,98.7,Normal,3.9,2.74,5.8,0,0.0,204.87,228.63,8,1,3.9
ORD104555,2025-03-20,Karnataka,Mysuru,Grocery,Bike,4,1.59,52.1,100.05,Normal,7.1,3.1,2.5,1,0.6,150.74,195.78,109,0,5.0
ORD104556,2025-02-26,Gujarat,Vadodara,Electronics,Bike,5,2.02,76.9,99.11,Normal,5.4,2.97,4.5,0,0.0,195.6,253.55,5,1,4.6
ORD104557,2025-11-11,West Bengal,Siliguri,Books,Truck,9,0.95,106.9,100.06,Normal,7.9,5.52,5.5,1,0.02,187.94,242.34,10,1,4.3
ORD104558,2025-10-01,Delhi,New Delhi,Electronics,Truck,3,5.35,158.7,100.92,Normal,9.1,3.25,1.8,1,1.45,274.12,315.16,5,1,4.0
ORD104559,2025-08-25,Karnataka,Mangaluru,Home & Kitchen,Bike,4,1.71,53.5,101.51,Rain,7.3,4.16,5.1,0,0.0,145.57,172.8,152,0,4.7
ORD104560,2025-06-28,Maharashtra,Pune,Beauty,Bike,8,2.37,78.7,98.97,Normal,7.8,1.23,4.3,0,0.0,219.38,219.09,38,0,4.1
ORD104561,2025-06-03,West Bengal,Kolkata,Sports,Van,6,3.42,174.7,99.6,Normal,5.2,4.09,4.1,0,0.0,296.1,329.78,5,1,4.0
ORD104562,2025-01-08,Maharashtra,Nagpur,Sports,Bike,3,1.23,133.9,99.22,Rain,7.9,2.42,4.8,0,0.0,209.99,237.32,5,1,3.9
ORD104563,2025-03-10,West Bengal,Durgapur,Books,Van,7,2.41,96.6,97.21,Normal,4.9,3.65,6.1,0,0.0,217.57,292.34,5,1,4.5
ORD104564,2025-11-24,Karnataka,Mysuru,Grocery,Bike,6,2.0,85.3,99.15,Normal,10.6,2.46,2.2,1,0.26,186.66,227.27,5,1,3.7
ORD104565,2025-05-04,Gujarat,Surat,Beauty,Van,6,3.8,21.8,95.81,Normal,7.8,3.33,2.5,1,0.83,113.54,162.05,188,0,3.6
ORD104566,2025-09-15,Telangana,Nizamabad,Grocery,Truck,5,2.02,105.8,99.43,Normal,4.4,3.78,3.8,0,0.0,197.38,235.24,5,1,4.6
ORD104567,2025-09-14,Rajasthan,Jaipur,Electronics,Bike,6,0.31,56.5,94.89,Normal,3.3,2.57,4.3,0,0.0,190.18,227.71,5,1,3.6
ORD104568,2025-04-23,Karnataka,Bengaluru,Home & Kitchen,Truck,4,1.1,144.6,96.92,Heavy Rain,5.7,5.59,4.5,1,1.09,212.46,239.41,5,1,3.2
ORD104569,2025-03-16,Telangana,Warangal,Sports,Truck,7,0.76,82.9,100.22,Rain,6.6,5.08,6.2,0,0.0,221.85,245.59,5,1,5.0
ORD104570,2025-09-10,Delhi,New Delhi,Sports,Truck,11,7.05,27.7,99.49,Normal,10.8,3.6,4.4,0,0.0,205.31,243.63,273,0,5.0
ORD104571,2025-02-04,Maharashtra,Pune,Home & Kitchen,Van,8,5.05,35.6,98.6,Rain,5.8,5.32,5.4,0,0.0,158.73,188.28,29,1,5.0
ORD104572,2025-06-30,Maharashtra,Pune,Home & Kitchen,Van,5,0.5,236.4,97.8,Rain,8.8,5.2,5.5,0,0.0,311.6,366.41,5,1,4.3
ORD104573,2025-11-21,Tamil Nadu,Chennai,Home & Kitchen,Van,4,1.04,110.1,97.03,Normal,1.0,4.21,4.7,0,0.0,216.44,235.92,5,1,4.5
ORD104574,2025-09-17,Gujarat,Surat,Fashion,Truck,3,0.82,52.0,97.53,Rain,6.4,3.15,3.9,0,0.0,88.16,78.86,5,1,5.0
ORD104575,2025-10-06,Tamil Nadu,Coimbatore,Home & Kitchen,Bike,5,2.32,85.8,99.77,Normal,5.2,3.45,5.6,0,0.0,233.63,273.63,5,1,3.6
ORD104576,2025-01-31,Maharashtra,Pune,Grocery,Van,9,1.08,66.1,98.06,Rain,8.5,3.89,4.2,0,0.0,265.17,295.46,147,0,4.4
ORD104577,2025-03-14,Rajasthan,Jaipur,Electronics,Van,6,1.69,143.3,94.74,Normal,10.3,5.01,5.6,0,0.0,270.12,310.57,5,1,4.7
ORD104578,2025-04-11,West Bengal,Siliguri,Electronics,Bike,6,0.82,117.6,96.25,Normal,9.5,4.71,6.0,0,0.0,209.82,235.54,5,1,4.3
ORD104579,2025-04-17,Rajasthan,Udaipur,Home & Kitchen,Bike,2,2.66,305.9,96.98,Normal,6.9,4.32,4.1,1,0.22,352.37,410.74,5,1,4.5
ORD104580,2025-03-12,Gujarat,Surat,Books,Bike,7,0.68,93.6,97.94,Normal,10.9,3.91,6.1,0,0.0,194.45,205.92,5,1,4.6
ORD104581,2025-12-21,Gujarat,Ahmedabad,Home & Kitchen,Van,10,10.25,31.8,97.86,Normal,13.2,3.72,3.7,1,0.02,224.34,280.2,189,0,3.3
ORD104582,2025-03-02,Gujarat,Vadodara,Fashion,Bike,7,5.35,15.9,96.47,Rain,11.9,3.32,4.4,0,0.0,158.07,179.54,12,1,4.3
ORD104583,2025-09-16,Maharashtra,Mumbai,Grocery,Bike,6,10.11,10.3,99.45,Normal,6.8,2.13,2.6,0,0.0,126.69,145.16,149,0,4.0
ORD104584,2025-08-03,Delhi,New Delhi,Books,Bike,5,2.99,135.2,94.76,Normal,9.0,1.62,2.3,0,0.0,248.62,283.56,5,1,5.0
ORD104585,2025-08-11,Telangana,Hyderabad,Home & Kitchen,Van,6,5.54,81.9,96.95,Normal,9.7,4.89,7.4,0,0.0,186.98,217.82,5,1,4.9
ORD104586,2025-03-20,Telangana,Nizamabad,Grocery,Bike,6,3.6,66.1,99.68,Normal,7.6,2.68,3.6,0,0.0,168.08,218.99,47,0,4.9
ORD104587,2025-04-23,Maharashtra,Mumbai,Home & Kitchen,Bike,7,1.05,38.0,99.22,Normal,10.2,2.57,2.6,0,0.0,141.85,182.17,202,0,4.9
ORD104588,2025-08-10,Maharashtra,Pune,Grocery,Bike,6,1.58,72.6,97.74,Normal,7.4,1.81,1.7,1,0.11,193.7,244.42,5,1,4.4
ORD104589,2025-04-20,Karnataka,Bengaluru,Fashion,Van,3,2.0,117.1,99.89,Rain,2.6,5.09,6.9,0,0.0,224.46,255.98,5,1,5.0
ORD104590,2025-09-11,Tamil Nadu,Chennai,Sports,Bike,5,4.26,67.2,98.64,Normal,10.4,2.62,3.7,0,0.0,156.87,180.88,5,1,4.4
ORD104591,2025-01-15,Delhi,Dwarka,Sports,Truck,6,2.01,149.6,98.28,Normal,5.8,3.77,4.0,0,0.0,290.27,336.41,5,1,4.5
ORD104592,2025-01-27,Gujarat,Vadodara,Books,Bike,3,2.89,203.5,99.21,Heavy Rain,2.0,5.32,7.0,0,0.0,252.11,262.51,5,1,4.5
ORD104593,2025-09-23,Telangana,Hyderabad,Sports,Bike,9,1.62,85.9,98.83,Normal,16.3,4.63,4.6,1,0.03,215.31,288.06,5,1,4.1
ORD104594,2025-08-14,Delhi,New Delhi,Electronics,Van,6,1.54,62.9,100.47,Rain,4.6,3.3,3.2,1,0.1,197.65,225.17,162,0,4.1
ORD104595,2025-01-16,Maharashtra,Mumbai,Grocery,Truck,6,0.77,59.0,97.55,Normal,8.8,3.72,4.3,0,0.0,125.74,136.06,22,1,5.0
ORD104596,2025-11-25,Tamil Nadu,Madurai,Home & Kitchen,Van,7,2.69,83.0,97.59,Heavy Rain,5.1,6.25,6.7,0,0.0,198.85,219.3,65,0,5.0
ORD104597,2025-01-02,Karnataka,Bengaluru,Home & Kitchen,Bike,3,2.0,85.3,98.36,Normal,5.2,2.33,1.4,1,0.93,136.86,133.42,5,1,4.0
ORD104598,2025-12-15,Maharashtra,Mumbai,Beauty,Van,2,0.87,93.8,98.02,Rain,4.1,3.06,3.3,0,0.0,141.44,147.75,5,1,5.0
ORD104599,2025-09-24,West Bengal,Durgapur,Grocery,Van,7,1.37,21.5,101.29,Heavy Rain,5.1,4.55,5.8,0,0.0,129.8,166.6,157,0,3.7
ORD104600,2025-12-27,Karnataka,Bengaluru,Grocery,Van,5,2.42,91.4,98.87,Normal,9.2,3.5,3.9,0,0.0,151.61,149.5,5,1,4.8
ORD104601,2025-12-13,Maharashtra,Mumbai,Books,Truck,4,3.11,90.0,96.6,Normal,12.5,3.47,4.1,0,0.0,200.79,253.25,5,1,5.0
ORD104602,2025-04-25,Delhi,Dwarka,Beauty,Truck,7,1.79,114.6,95.19,Normal,7.7,3.69,3.5,1,0.19,246.38,284.56,5,1,2.2
ORD104603,2025-10-04,West Bengal,Durgapur,Sports,Van,7,4.03,125.8,100.68,Rain,3.5,4.31,5.3,0,0.0,283.05,320.77,5,1,5.0
ORD104604,2025-03-18,Maharashtra,Mumbai,Sports,Bike,6,5.31,156.1,97.15,Normal,5.1,4.08,5.2,0,0.0,274.29,313.77,5,1,5.0
ORD104605,2025-06-22,West Bengal,Siliguri,Books,Van,6,1.67,96.3,98.4,Rain,5.2,4.41,6.4,0,0.0,193.07999999999998,222.25,5,1,4.5
ORD104606,2025-03-29,Delhi,New Delhi,Home & Kitchen,Truck,5,3.79,126.6,97.74,Normal,7.5,3.2,3.6,0,0.0,258.43,310.22,5,1,4.9
ORD104607,2025-06-27,Tamil Nadu,Madurai,Beauty,Truck,4,1.3,97.0,99.2,Normal,5.5,3.21,3.7,0,0.0,187.9,200.26,5,1,4.3
ORD104608,2025-11-15,Karnataka,Bengaluru,Grocery,Bike,5,0.86,154.3,96.73,Normal,12.1,3.1,4.4,0,0.0,268.96,328.44,5,1,5.0
ORD104609,2025-06-09,West Bengal,Kolkata,Sports,Bike,5,1.09,74.4,97.92,Normal,6.6,1.57,2.1,0,0.0,192.51,203.38,6,1,5.0
ORD104610,2025-02-03,Rajasthan,Jaipur,Electronics,Bike,2,1.15,52.8,96.7,Normal,7.9,2.5,3.8,0,0.0,116.6,128.23,5,1,4.7
ORD104611,2025-04-29,Delhi,Rohini,Home & Kitchen,Truck,3,1.52,80.6,102.66,Normal,5.8,3.86,5.2,0,0.0,158.31,175.55,5,1,3.8
ORD104612,2025-10-15,Delhi,Dwarka,Fashion,Van,11,7.3,175.9,96.27,Normal,9.6,4.5,4.2,1,0.3,372.56,451.92,24,1,3.6
ORD104613,2025-07-10,Tamil Nadu,Madurai,Home & Kitchen,Bike,5,1.43,55.4,98.61,Normal,6.0,3.35,3.0,1,0.35,157.91,165.37,95,0,2.7
ORD104614,2025-07-24,Gujarat,Ahmedabad,Books,Bike,5,1.58,173.9,102.7,Normal,6.9,1.09,1.3,0,0.0,255.23,315.01,5,1,4.5
ORD104615,2025-06-07,Gujarat,Ahmedabad,Electronics,Bike,7,2.23,99.3,99.53,Normal,6.5,1.88,1.0,1,0.88,234.12,304.13,5,1,4.1
ORD104616,2025-04-17,Karnataka,Bengaluru,Fashion,Truck,4,0.85,134.5,97.49,Rain,6.6,5.04,7.4,0,0.0,220.04,237.21,5,1,4.4
ORD104617,2025-08-07,Telangana,Warangal,Grocery,Van,2,2.21,105.2,97.8,Normal,4.6,2.94,2.5,1,0.44,156.02,146.15,5,1,3.8
ORD104618,2025-08-20,Maharashtra,Mumbai,Fashion,Bike,4,3.09,84.7,96.01,Normal,12.4,2.25,4.0,0,0.0,190.13,210.09,5,1,4.3
ORD104619,2025-11-24,Delhi,Rohini,Electronics,Van,4,5.28,52.4,100.47,Normal,8.0,2.83,2.6,1,0.23,192.64,215.02,87,0,3.5
ORD104620,2025-08-14,Karnataka,Mangaluru,Beauty,Van,8,4.73,288.7,97.02,Rain,9.8,5.78,7.4,0,0.0,431.49,492.68,5,1,4.4
ORD104621,2025-12-30,West Bengal,Kolkata,Beauty,Van,10,2.55,25.5,97.27,Normal,8.4,3.34,5.1,0,0.0,194.98,231.76,234,0,4.7
ORD104622,2025-10-29,Rajasthan,Jodhpur,Sports,Truck,2,1.74,146.6,95.79,Normal,2.2,3.54,2.7,1,0.84,212.44,254.3,5,1,3.0
ORD104623,2025-01-29,Gujarat,Surat,Grocery,Bike,3,1.81,18.8,96.79,Normal,2.9,0.7,1.3,0,0.0,51.18,68.74,68,0,5.0
ORD104624,2025-05-24,Maharashtra,Nagpur,Sports,Bike,6,2.62,193.2,97.44,Normal,7.0,4.53,6.8,0,0.0,295.85,317.04,5,1,4.3
ORD104625,2025-05-21,Rajasthan,Jodhpur,Home & Kitchen,Bike,6,1.95,117.2,99.26,Rain,6.8,4.55,5.3,0,0.0,286.95,312.1,5,1,4.2
ORD104626,2025-01-02,Karnataka,Mysuru,Grocery,Van,6,1.9,42.2,97.75,Normal,8.3,3.72,5.2,0,0.0,158.61,205.63,128,0,5.0
ORD104627,2025-03-07,Tamil Nadu,Chennai,Beauty,Truck,5,1.1,44.8,99.22,Normal,7.3,2.32,3.3,0,0.0,121.17,155.02,5,1,5.0
ORD104628,2025-10-06,Gujarat,Surat,Grocery,Bike,7,3.11,80.8,93.11,Normal,6.6,2.47,4.0,0,0.0,211.91,247.1,5,1,5.0
ORD104629,2025-05-09,Maharashtra,Nagpur,Fashion,Van,4,2.44,17.5,99.72,Heavy Rain,13.3,3.67,5.5,0,0.0,98.94,96.15,46,0,5.0
ORD104630,2025-02-23,Tamil Nadu,Coimbatore,Home & Kitchen,Van,4,1.23,152.7,94.75,Heavy Rain,7.4,7.0,7.5,0,0.0,239.06,282.75,5,1,3.8
ORD104631,2025-04-15,Delhi,New Delhi,Electronics,Truck,4,5.3,49.1,98.53,Rain,5.9,5.95,6.7,0,0.0,163.38,191.39,5,1,4.8
ORD104632,2025-04-11,West Bengal,Kolkata,Books,Van,7,2.31,28.4,91.52,Rain,6.8,4.91,5.3,0,0.0,157.11,186.63,18,1,5.0
ORD104633,2025-03-05,Karnataka,Bengaluru,Books,Bike,6,0.8,137.5,97.21,Heavy Rain,9.0,3.84,3.4,1,0.44,264.32,317.88,5,1,4.4
ORD104634,2025-02-06,Maharashtra,Nagpur,Electronics,Van,2,3.72,14.6,98.77,Normal,5.6,1.51,2.8,0,0.0,63.06,55.4,6,1,3.7
ORD104635,2025-10-06,Delhi,New Delhi,Grocery,Truck,6,1.3,74.9,95.53,Normal,9.6,2.98,3.8,0,0.0,193.57,250.56,5,1,4.1
ORD104636,2025-10-28,West Bengal,Durgapur,Grocery,Van,6,1.54,36.2,97.08,Normal,7.1,3.04,4.9,0,0.0,175.97,207.25,76,0,4.2
ORD104637,2025-07-01,Maharashtra,Pune,Beauty,Truck,6,1.78,103.1,98.66,Normal,6.3,4.11,6.6,0,0.0,207.81,267.95,5,1,5.0
ORD104638,2025-08-13,Telangana,Hyderabad,Home & Kitchen,Van,7,3.53,154.7,98.29,Normal,4.3,4.65,4.9,0,0.0,305.68,346.39,5,1,4.3
ORD104639,2025-12-02,West Bengal,Siliguri,Sports,Van,4,1.94,16.9,94.13,Normal,9.2,2.96,3.3,0,0.0,104.0,139.68,127,0,4.8
ORD104640,2025-11-04,Karnataka,Mangaluru,Grocery,Bike,7,3.01,155.6,98.71,Normal,5.1,2.72,2.9,0,0.0,256.09,258.82,5,1,4.4
ORD104641,2025-01-12,Telangana,Nizamabad,Grocery,Van,9,0.72,68.0,99.96,Rain,10.1,3.63,5.6,0,0.0,164.01,185.92,75,0,5.0
ORD104642,2025-12-14,Telangana,Nizamabad,Grocery,Bike,9,0.98,32.8,99.05,Rain,6.8,4.07,3.5,1,0.57,165.66,190.15,191,0,4.1
ORD104643,2025-01-25,West Bengal,Siliguri,Grocery,Bike,7,2.06,31.1,94.62,Heavy Rain,9.8,2.79,3.8,0,0.0,151.98,170.76,62,0,4.7
ORD104644,2025-01-10,Gujarat,Vadodara,Electronics,Bike,3,1.26,68.3,94.85,Normal,9.4,2.14,1.5,1,0.64,197.64,232.74,13,0,2.9
ORD104645,2025-05-28,Telangana,Warangal,Sports,Van,5,1.76,14.6,96.92,Rain,5.1,3.95,6.0,0,0.0,119.69,110.66,98,0,4.1
ORD104646,2025-09-30,Karnataka,Mangaluru,Home & Kitchen,Truck,7,3.27,66.2,97.81,Normal,5.7,3.83,5.2,0,0.0,185.78,241.54,5,1,4.9
ORD104647,2025-01-30,Telangana,Warangal,Books,Bike,6,1.19,72.6,98.3,Normal,12.8,3.24,3.4,0,0.0,195.79,226.64,5,1,4.4
ORD104648,2025-04-17,Telangana,Hyderabad,Sports,Van,7,1.25,108.2,95.28,Rain,8.7,5.32,7.6,0,0.0,218.92,241.4,5,1,4.0
ORD104649,2025-04-06,Delhi,Dwarka,Grocery,Bike,5,2.16,146.3,96.54,Normal,8.8,2.47,2.5,0,0.0,271.69,333.96,5,1,3.8
ORD104650,2025-05-26,Tamil Nadu,Coimbatore,Beauty,Van,6,0.51,114.5,95.18,Rain,3.8,5.88,6.7,0,0.0,257.14,273.0,5,1,3.6
ORD104651,2025-12-26,Telangana,Hyderabad,Electronics,Bike,6,3.88,177.1,94.81,Rain,5.0,3.86,2.6,1,1.26,300.62,357.78,5,1,4.1
ORD104652,2025-05-01,Rajasthan,Udaipur,Fashion,Van,8,2.19,36.9,97.33,Normal,8.6,3.41,4.7,0,0.0,133.58,188.17,151,0,5.0
ORD104653,2025-03-18,Delhi,Rohini,Beauty,Truck,2,2.14,99.2,96.44,Normal,5.0,2.49,2.9,0,0.0,162.5,160.74,5,1,3.6
ORD104654,2025-02-14,Gujarat,Surat,Electronics,Van,4,1.42,104.8,97.37,Rain,4.1,4.56,5.1,0,0.0,186.33,197.67,5,1,4.8
ORD104655,2025-03-14,Telangana,Warangal,Electronics,Van,9,3.15,174.6,95.49,Normal,9.2,4.77,4.6,1,0.17,367.11,442.74,5,1,3.8
ORD104656,2025-02-18,Gujarat,Vadodara,Sports,Van,7,1.81,103.9,97.7,Normal,3.4,1.93,1.6,1,0.33,238.83,280.34,5,1,3.9
ORD104657,2025-07-29,Rajasthan,Jodhpur,Home & Kitchen,Bike,8,4.47,45.1,94.44,Normal,9.1,3.42,3.6,0,0.0,188.65,234.52,144,0,4.7
ORD104658,2025-06-03,Maharashtra,Nagpur,Fashion,Bike,8,0.66,76.2,95.62,Normal,5.6,2.49,4.3,0,0.0,241.97,282.69,38,0,3.7
ORD104659,2025-07-01,Maharashtra,Pune,Home & Kitchen,Bike,3,2.1,100.1,94.42,Rain,8.1,4.73,5.8,0,0.0,174.7,208.89,5,1,4.6
ORD104660,2025-10-31,Delhi,New Delhi,Grocery,Van,2,2.07,23.2,96.9,Rain,6.2,1.87,1.8,1,0.07,89.24,80.42,7,1,4.9
ORD104661,2025-07-31,Karnataka,Mangaluru,Fashion,Truck,8,2.47,188.8,99.63,Normal,9.4,4.5,3.2,1,1.3,311.43,383.78,5,1,4.0
ORD104662,2025-02-26,Delhi,New Delhi,Books,Van,4,5.01,77.2,97.0,Normal,10.4,1.27,3.7,0,0.0,212.9,234.22,5,1,4.6
ORD104663,2025-05-18,Gujarat,Ahmedabad,Beauty,Van,9,0.83,240.0,96.13,Normal,6.6,4.32,2.8,1,1.52,362.14,422.34,5,1,3.9
ORD104664,2025-04-25,Rajasthan,Udaipur,Electronics,Bike,3,0.81,26.5,95.93,Normal,3.7,3.93,5.6,0,0.0,116.88,110.21,137,0,4.4
ORD104665,2025-10-29,Karnataka,Mangaluru,Fashion,Bike,7,1.6,38.7,95.21,Normal,10.6,1.88,3.0,0,0.0,174.58,182.48,140,0,5.0
ORD104666,2025-04-23,Telangana,Nizamabad,Electronics,Truck,4,0.59,107.3,98.22,Heavy Rain,10.7,6.51,7.0,0,0.0,189.89,223.2,5,1,5.0
ORD104667,2025-02-20,Maharashtra,Nagpur,Books,Bike,3,9.02,59.5,96.95,Heavy Rain,10.3,3.95,4.1,0,0.0,199.95,236.07,127,0,4.4
ORD104668,2025-09-26,Tamil Nadu,Chennai,Electronics,Van,3,3.69,142.4,93.17,Normal,1.0,3.32,4.7,0,0.0,265.11,295.77,5,1,3.7
ORD104669,2025-06-06,West Bengal,Siliguri,Home & Kitchen,Bike,8,2.82,81.2,98.11,Rain,9.6,4.89,6.6,0,0.0,192.86,218.56,58,0,5.0
ORD104670,2025-02-04,Tamil Nadu,Coimbatore,Fashion,Bike,10,3.35,78.4,94.56,Normal,6.6,2.48,4.2,0,0.0,243.83,289.18,5,1,4.5
ORD104671,2025-09-09,Tamil Nadu,Chennai,Home & Kitchen,Bike,11,4.6,76.4,94.92,Normal,11.6,3.31,5.0,0,0.0,258.79,306.37,188,0,4.4
ORD104672,2025-03-18,Telangana,Warangal,Beauty,Truck,7,1.35,29.2,96.8,Normal,7.0,2.97,2.3,1,0.67,156.83,182.55,86,0,4.4
ORD104673,2025-11-13,Delhi,New Delhi,Fashion,Bike,5,1.59,82.6,94.97,Normal,6.1,3.52,3.6,0,0.0,167.72,202.48,8,1,4.4
ORD104674,2025-10-31,Karnataka,Mysuru,Sports,Van,6,2.52,36.8,100.06,Rain,6.4,4.56,4.7,0,0.0,130.12,142.6,61,0,5.0
ORD104675,2025-05-15,West Bengal,Durgapur,Electronics,Bike,9,1.45,245.8,95.57,Normal,6.8,5.19,5.9,0,0.0,381.78,435.6,5,1,5.0
ORD104676,2025-07-22,West Bengal,Kolkata,Beauty,Van,6,1.1,11.8,97.11,Normal,4.0,3.75,4.7,0,0.0,149.69,157.29,170,0,5.0
ORD104677,2025-07-27,Rajasthan,Udaipur,Grocery,Van,7,1.43,90.1,93.16,Normal,6.7,4.19,5.9,0,0.0,207.4,233.45,5,1,4.8
ORD104678,2025-08-27,Rajasthan,Jodhpur,Electronics,Van,6,2.58,97.5,94.81,Normal,7.7,2.69,3.4,0,0.0,224.21,281.55,5,1,4.6
ORD104679,2025-01-26,Karnataka,Mangaluru,Grocery,Bike,5,3.64,108.0,95.65,Normal,10.9,1.89,3.3,0,0.0,255.9,276.9,5,1,4.3
ORD104680,2025-04-29,Maharashtra,Pune,Books,Bike,5,0.88,126.6,97.66,Normal,8.1,2.41,2.8,0,0.0,224.27,250.91,5,1,4.0
ORD104681,2025-03-04,Karnataka,Mysuru,Books,Truck,6,1.78,19.4,93.9,Normal,6.6,3.15,5.7,0,0.0,159.98,204.95,248,0,5.0
ORD104682,2025-09-12,Delhi,Rohini,Sports,Van,3,1.94,100.0,97.97,Normal,5.4,1.89,2.0,0,0.0,203.75,242.01,5,1,4.6
ORD104683,2025-01-26,Karnataka,Bengaluru,Grocery,Bike,5,0.82,73.2,96.01,Normal,1.0,1.04,1.2,0,0.0,200.09,219.96,5,1,4.2
ORD104684,2025-07-08,West Bengal,Siliguri,Fashion,Van,4,2.7,65.9,96.35,Normal,5.7,2.34,3.3,0,0.0,212.49,253.92,5,1,4.9
ORD104685,2025-09-23,Karnataka,Bengaluru,Sports,Bike,4,1.88,137.1,94.39,Normal,7.0,2.14,3.9,0,0.0,220.4,236.81,5,1,5.0
ORD104686,2025-12-13,Maharashtra,Nagpur,Home & Kitchen,Van,8,1.09,164.0,93.97,Normal,6.4,3.96,4.0,0,0.0,315.63,376.22,5,1,4.6
ORD104687,2025-04-16,Karnataka,Mysuru,Beauty,Van,5,1.47,25.5,91.76,Normal,5.6,2.85,3.3,0,0.0,132.75,153.42,254,0,5.0
ORD104688,2025-01-03,Maharashtra,Pune,Grocery,Bike,7,2.85,76.9,96.19,Normal,1.6,2.43,2.8,0,0.0,220.19,262.64,5,1,5.0
ORD104689,2025-09-22,Delhi,New Delhi,Sports,Van,3,3.8,122.4,96.75,Rain,3.0,4.54,4.3,1,0.24,218.46,252.95,5,1,4.0
ORD104690,2025-01-01,Tamil Nadu,Coimbatore,Sports,Van,6,2.51,82.0,94.95,Rain,4.7,4.68,4.9,0,0.0,228.55,260.13,5,1,4.4
ORD104691,2025-01-25,Maharashtra,Pune,Electronics,Truck,4,6.95,156.4,92.72,Normal,5.4,3.81,3.9,0,0.0,257.12,306.5,5,1,5.0
ORD104692,2025-12-28,Tamil Nadu,Madurai,Grocery,Van,8,4.16,44.0,94.54,Normal,1.0,3.49,5.4,0,0.0,205.5,253.3,12,1,4.7
ORD104693,2025-11-11,Tamil Nadu,Madurai,Home & Kitchen,Van,13,2.88,148.3,96.19,Heavy Rain,9.4,6.97,7.8,0,0.0,315.95,360.21,5,1,4.7
ORD104694,2025-09-16,Gujarat,Surat,Books,Van,8,1.28,59.9,95.82,Heavy Rain,7.7,4.52,4.8,0,0.0,175.01,199.85,5,1,4.5
ORD104695,2025-11-01,Rajasthan,Jodhpur,Grocery,Bike,6,4.2,36.3,96.67,Heavy Rain,8.6,4.75,7.1,0,0.0,150.16,191.01,51,0,4.7
ORD104696,2025-01-28,West Bengal,Durgapur,Home & Kitchen,Van,4,1.22,82.5,92.53,Normal,5.5,3.8,6.1,0,0.0,182.89,178.77,5,1,4.3
ORD104697,2025-02-02,Gujarat,Surat,Books,Bike,9,3.27,68.5,94.68,Normal,10.6,3.46,5.7,0,0.0,236.54,262.58,5,1,4.3
ORD104698,2025-04-20,Telangana,Hyderabad,Fashion,Bike,4,0.41,23.2,95.2,Rain,10.9,4.69,5.0,0,0.0,142.3,183.06,239,0,5.0
ORD104699,2025-01-09,Telangana,Hyderabad,Beauty,Van,7,1.46,77.5,96.5,Normal,4.1,4.37,6.0,0,0.0,225.33,255.88,5,1,4.5
ORD104700,2025-11-21,Karnataka,Mangaluru,Sports,Bike,7,0.81,133.5,94.24,Normal,4.4,2.36,5.0,0,0.0,249.9,295.76,5,1,4.9
ORD104701,2025-01-21,Karnataka,Bengaluru,Grocery,Van,5,1.67,170.3,96.27,Normal,7.8,1.94,2.3,0,0.0,341.27,386.7,5,1,4.4
ORD104702,2025-07-18,West Bengal,Durgapur,Beauty,Van,5,0.74,121.9,93.57,Normal,8.3,4.42,4.9,0,0.0,219.6,259.91,5,1,5.0
ORD104703,2025-11-08,Rajasthan,Udaipur,Electronics,Bike,7,2.05,41.6,95.64,Normal,4.6,3.14,3.5,0,0.0,134.83,159.06,5,1,4.7
ORD104704,2025-09-26,Delhi,Dwarka,Home & Kitchen,Van,11,2.73,96.4,94.7,Normal,13.4,3.53,4.4,0,0.0,241.96,291.14,9,1,4.4
ORD104705,2025-03-27,Karnataka,Mysuru,Electronics,Van,10,1.32,20.3,94.56,Normal,6.3,4.67,7.0,0,0.0,198.98,272.59,105,0,3.5
ORD104706,2025-06-21,Tamil Nadu,Madurai,Home & Kitchen,Van,8,1.64,112.0,99.51,Normal,7.4,3.92,4.7,0,0.0,207.34,231.85,5,1,4.2
ORD104707,2025-07-20,West Bengal,Kolkata,Fashion,Truck,5,2.32,105.8,94.54,Rain,8.7,4.71,4.9,0,0.0,212.82,242.06,5,1,5.0
ORD104708,2025-10-08,Maharashtra,Pune,Beauty,Bike,11,1.95,41.3,94.36,Normal,12.7,2.65,3.3,0,0.0,208.58,239.03,263,0,3.3
ORD104709,2025-06-05,Delhi,New Delhi,Grocery,Truck,8,4.84,58.8,92.53,Normal,5.9,1.82,3.6,0,0.0,261.19,304.2,5,1,4.0
ORD104710,2025-04-15,Tamil Nadu,Coimbatore,Home & Kitchen,Van,5,1.29,90.2,96.85,Normal,8.8,2.79,1.0,1,1.79,158.6,174.46,5,1,2.0
ORD104711,2025-10-18,Telangana,Hyderabad,Beauty,Bike,7,2.86,105.0,94.06,Normal,7.5,2.63,3.7,0,0.0,259.36,317.9,5,1,3.3
ORD104712,2025-11-20,Delhi,Rohini,Sports,Van,4,2.38,137.0,94.95,Normal,3.0,1.79,2.3,0,0.0,217.53,272.69,5,1,4.7
ORD104713,2025-06-28,Delhi,Dwarka,Home & Kitchen,Bike,6,0.72,20.0,93.46,Heavy Rain,5.7,4.39,4.5,0,0.0,118.97,143.71,120,0,3.8
ORD104714,2025-01-11,Gujarat,Ahmedabad,Grocery,Bike,5,2.13,18.6,95.71,Normal,4.0,1.91,1.0,1,0.91,162.48,168.31,146,0,4.0
ORD104715,2025-07-02,West Bengal,Durgapur,Electronics,Bike,6,1.9,16.9,96.61,Normal,9.0,3.42,4.7,0,0.0,120.62,172.89,15,1,5.0
ORD104716,2025-11-21,Telangana,Warangal,Beauty,Truck,9,1.46,92.1,97.26,Rain,4.8,4.53,5.0,0,0.0,216.05,258.58,5,1,4.4
ORD104717,2025-12-28,Telangana,Warangal,Grocery,Truck,5,6.38,119.4,94.67,Normal,8.6,2.37,3.5,0,0.0,231.77,276.27,5,1,4.5
ORD104718,2025-05-27,Maharashtra,Mumbai,Electronics,Truck,6,4.64,62.0,93.78,Normal,7.6,3.51,3.2,1,0.31,166.2,210.01,67,0,3.6
ORD104719,2025-02-24,Maharashtra,Pune,Home & Kitchen,Bike,10,1.23,57.5,93.64,Normal,9.5,2.51,1.5,1,1.01,178.12,209.13,122,0,4.0
ORD104720,2025-07-28,Maharashtra,Mumbai,Sports,Van,10,3.04,35.8,94.83,Normal,8.8,3.66,3.3,1,0.36,186.21,223.04,284,0,3.9
ORD104721,2025-10-31,Maharashtra,Mumbai,Home & Kitchen,Truck,3,3.27,125.5,95.23,Normal,4.2,4.48,5.0,0,0.0,167.93,229.62,5,1,3.8
ORD104722,2025-12-11,Tamil Nadu,Coimbatore,Grocery,Bike,5,2.0,85.6,95.72,Normal,8.0,1.98,1.0,1,0.98,166.88,200.09,5,1,3.6
ORD104723,2025-01-19,West Bengal,Durgapur,Beauty,Van,5,0.99,102.7,93.19,Normal,7.2,3.29,4.1,0,0.0,175.78,214.32,5,1,5.0
ORD104724,2025-04-17,Delhi,New Delhi,Electronics,Bike,4,1.08,66.0,94.93,Normal,5.2,0.7,2.9,0,0.0,157.86,192.83,5,1,5.0
ORD104725,2025-06-24,West Bengal,Kolkata,Grocery,Van,6,2.84,59.6,92.83,Normal,13.8,2.81,1.3,1,1.51,146.91,183.32,95,0,3.9
ORD104726,2025-02-05,West Bengal,Durgapur,Beauty,Van,10,2.8,73.8,94.4,Rain,5.9,5.98,6.0,0,0.0,255.36,318.19,33,1,3.0
ORD104727,2025-11-20,Karnataka,Mangaluru,Electronics,Bike,5,1.67,69.0,97.12,Rain,8.2,3.69,4.2,0,0.0,115.77,151.04,5,1,5.0
ORD104728,2025-02-10,Maharashtra,Nagpur,Sports,Bike,12,4.74,162.5,94.17,Normal,11.2,3.64,4.2,0,0.0,336.22,400.58,5,1,3.8
ORD104729,2025-08-31,Rajasthan,Jaipur,Fashion,Van,6,5.32,32.9,92.97,Normal,7.0,2.67,4.5,0,0.0,162.13,236.34,106,0,4.2
ORD104730,2025-12-02,Maharashtra,Nagpur,Grocery,Van,7,5.28,126.9,95.16,Normal,8.7,3.37,3.7,0,0.0,258.49,291.77,5,1,4.5
ORD104731,2025-09-08,Maharashtra,Pune,Home & Kitchen,Bike,5,5.29,49.0,96.11,Normal,8.5,3.14,3.6,0,0.0,172.03,191.07,71,0,5.0
ORD104732,2025-10-06,Maharashtra,Pune,Electronics,Bike,6,1.99,57.8,93.09,Rain,7.1,2.9,3.3,0,0.0,139.21,189.91,5,1,4.4
ORD104733,2025-04-07,Karnataka,Bengaluru,Grocery,Truck,5,0.85,92.0,92.01,Normal,5.4,3.04,4.2,0,0.0,234.58,284.45,5,1,4.8
ORD104734,2025-10-30,Delhi,New Delhi,Grocery,Van,5,1.63,117.4,92.96,Normal,6.7,1.19,3.4,0,0.0,255.99,282.97,5,1,3.6
ORD104735,2025-06-02,Telangana,Nizamabad,Home & Kitchen,Van,14,1.87,66.9,93.61,Rain,8.6,6.23,6.9,0,0.0,211.92,267.71,128,0,4.6
ORD104736,2025-01-23,Karnataka,Bengaluru,Grocery,Van,6,1.34,30.7,97.1,Normal,10.7,1.86,3.9,0,0.0,158.59,185.35,5,1,5.0
ORD104737,2025-05-14,Delhi,New Delhi,Beauty,Truck,8,1.57,199.2,91.82,Normal,10.2,4.72,5.5,0,0.0,320.04,387.78,5,1,4.3
ORD104738,2025-05-08,Tamil Nadu,Chennai,Fashion,Bike,4,0.95,21.7,91.27,Normal,6.7,2.41,2.0,1,0.41,105.72,123.51,93,0,3.8
ORD104739,2025-07-10,Gujarat,Vadodara,Books,Bike,6,3.2,32.1,94.78,Normal,5.6,2.4,4.1,0,0.0,152.49,171.73,54,0,5.0
ORD104740,2025-04-07,Tamil Nadu,Madurai,Beauty,Van,7,5.8,174.8,92.98,Normal,7.3,3.77,4.4,0,0.0,296.96,355.3,5,1,4.3
ORD104741,2025-06-18,Maharashtra,Mumbai,Beauty,Truck,6,9.47,147.6,92.45,Normal,6.8,5.39,7.4,0,0.0,296.33,346.22,5,1,4.7
ORD104742,2025-06-06,Telangana,Nizamabad,Books,Bike,6,2.37,183.9,95.38,Normal,7.1,2.79,4.2,0,0.0,332.8,391.33,5,1,4.1
ORD104743,2025-04-30,Gujarat,Vadodara,Beauty,Bike,5,1.8,48.9,94.35,Normal,2.9,3.31,4.8,0,0.0,196.81,224.19,5,1,4.5
ORD104744,2025-09-12,Tamil Nadu,Coimbatore,Sports,Bike,8,1.97,39.4,95.97,Rain,6.6,3.96,4.0,0,0.0,176.2,189.53,25,1,3.9
ORD104745,2025-04-22,Rajasthan,Jodhpur,Books,Van,2,4.88,134.7,95.45,Normal,3.5,3.36,3.2,1,0.16,173.06,203.92,5,1,3.1
ORD104746,2025-10-07,Gujarat,Ahmedabad,Fashion,Van,6,4.82,30.0,91.93,Rain,5.9,3.41,4.1,0,0.0,155.48,197.12,50,0,4.2
ORD104747,2025-04-02,Maharashtra,Mumbai,Fashion,Van,11,1.72,40.0,91.06,Normal,13.6,3.8,3.3,1,0.5,206.57,260.74,148,0,4.6
ORD104748,2025-11-12,Telangana,Nizamabad,Sports,Bike,5,4.4,22.7,96.07,Normal,6.5,2.59,2.3,1,0.29,176.55,174.97,58,0,4.1
ORD104749,2025-05-14,Delhi,New Delhi,Sports,Van,3,2.24,46.7,93.8,Heavy Rain,6.8,5.67,5.7,0,0.0,97.35,118.79,48,0,4.9
ORD104750,2025-01-15,Tamil Nadu,Coimbatore,Home & Kitchen,Bike,3,1.25,35.6,99.43,Normal,5.6,1.47,1.1,1,0.37,64.44,73.22,5,1,3.3
ORD104751,2025-02-24,Tamil Nadu,Coimbatore,Home & Kitchen,Van,10,1.82,26.9,95.71,Normal,10.3,3.75,4.4,0,0.0,172.67,216.37,132,0,5.0
ORD104752,2025-10-22,Gujarat,Ahmedabad,Fashion,Bike,7,6.09,78.4,96.41,Rain,7.2,2.83,3.5,0,0.0,243.15,287.59,5,1,5.0
ORD104753,2025-11-15,Delhi,Rohini,Sports,Truck,7,3.22,55.8,92.22,Normal,6.5,3.11,3.3,0,0.0,165.93,204.59,12,1,4.0
ORD104754,2025-03-19,Tamil Nadu,Madurai,Sports,Van,7,1.45,100.3,93.74,Rain,5.9,4.46,4.0,1,0.46,215.63,264.78,5,1,3.6
ORD104755,2025-08-08,West Bengal,Siliguri,Books,Van,6,3.7,31.3,95.32,Normal,5.7,4.19,4.1,1,0.09,175.33,209.94,87,0,3.1
ORD104756,2025-07-29,Karnataka,Mysuru,Home & Kitchen,Bike,10,3.2,45.7,93.69,Normal,12.6,3.7,4.6,0,0.0,177.04,227.49,5,1,3.6
ORD104757,2025-02-18,Rajasthan,Jaipur,Sports,Bike,8,1.65,19.6,93.92,Rain,8.9,3.33,3.8,0,0.0,155.56,184.19,159,0,4.7
ORD104758,2025-06-14,Telangana,Hyderabad,Electronics,Van,9,1.24,54.2,94.23,Normal,6.8,3.56,4.4,0,0.0,206.83,263.96,146,0,3.3
ORD104759,2025-09-11,West Bengal,Durgapur,Fashion,Van,7,0.98,134.4,92.46,Normal,9.7,4.79,4.7,1,0.09,267.67,333.56,5,1,4.0
ORD104760,2025-12-20,Gujarat,Vadodara,Fashion,Van,2,0.69,118.6,92.15,Normal,8.7,2.14,3.2,0,0.0,164.58,186.35,5,1,4.1
ORD104761,2025-11-06,Gujarat,Ahmedabad,Beauty,Van,9,1.32,68.0,93.38,Normal,6.5,3.36,4.8,0,0.0,252.84,289.57,90,0,4.8
ORD104762,2025-02-05,Tamil Nadu,Madurai,Beauty,Van,7,1.79,238.9,92.94,Rain,6.9,5.33,4.9,1,0.43,343.0,393.43,5,1,4.0
ORD104763,2025-03-28,West Bengal,Kolkata,Home & Kitchen,Truck,4,4.57,20.5,92.08,Normal,7.0,3.56,3.8,0,0.0,147.3,185.51,5,1,3.7
ORD104764,2025-06-09,Tamil Nadu,Madurai,Home & Kitchen,Van,5,3.44,146.0,93.4,Rain,5.2,3.96,3.2,1,0.76,280.2,319.11,5,1,3.7
ORD104765,2025-02-24,West Bengal,Durgapur,Books,Truck,3,2.29,33.0,91.25,Normal,5.1,3.28,4.7,0,0.0,50.68,70.97,84,0,4.6
ORD104766,2025-07-28,Karnataka,Mysuru,Electronics,Van,3,0.6,71.4,94.95,Normal,4.9,4.39,7.1,0,0.0,180.14,189.53,5,1,4.5
ORD104767,2025-01-04,Delhi,Dwarka,Fashion,Bike,8,2.44,108.0,94.61,Heavy Rain,7.7,4.51,6.0,0,0.0,219.31,270.06,5,1,4.4
ORD104768,2025-02-11,Rajasthan,Jodhpur,Home & Kitchen,Van,5,0.69,42.2,94.76,Normal,14.5,3.2,3.8,0,0.0,127.44,161.63,121,0,5.0
ORD104769,2025-01-18,Karnataka,Bengaluru,Home & Kitchen,Bike,9,3.55,48.5,91.99,Normal,6.3,3.76,4.6,0,0.0,235.4,276.04,167,0,5.0
ORD104770,2025-04-18,Gujarat,Surat,Home & Kitchen,Bike,4,3.62,146.2,91.74,Heavy Rain,3.2,6.69,7.9,0,0.0,230.4,267.98,5,1,3.9
ORD104771,2025-10-06,Rajasthan,Udaipur,Grocery,Bike,6,2.08,77.2,95.83,Normal,9.8,2.24,1.8,1,0.44,189.15,229.8,5,1,3.1
ORD104772,2025-03-06,West Bengal,Kolkata,Fashion,Van,3,3.42,22.7,93.07,Normal,6.9,1.88,2.6,0,0.0,134.0,162.47,46,0,3.8
ORD104773,2025-12-27,Maharashtra,Nagpur,Home & Kitchen,Van,6,3.89,56.9,94.42,Rain,6.8,4.81,5.5,0,0.0,186.17,203.76,5,1,4.4
ORD104774,2025-04-09,Telangana,Warangal,Books,Bike,4,2.16,44.2,91.29,Normal,8.8,2.81,3.3,0,0.0,111.21,121.72,5,1,4.6
ORD104775,2025-01-17,Telangana,Nizamabad,Electronics,Bike,6,1.83,18.0,92.83,Normal,4.3,1.91,2.2,0,0.0,163.48,183.52,144,0,5.0
ORD104776,2025-05-03,Karnataka,Mangaluru,Grocery,Bike,6,0.85,22.9,95.46,Heavy Rain,8.0,3.73,4.5,0,0.0,141.57,168.67,141,0,4.0
ORD104777,2025-10-01,Delhi,New Delhi,Home & Kitchen,Bike,2,1.6,89.9,93.53,Rain,5.4,2.07,1.9,1,0.17,113.63,125.37,5,1,3.9
ORD104778,2025-02-08,Delhi,New Delhi,Sports,Bike,5,1.05,36.1,92.81,Heavy Rain,7.0,3.8,3.8,0,0.0,131.62,151.64,190,0,4.4
ORD104779,2025-01-27,Telangana,Nizamabad,Electronics,Bike,6,1.05,251.4,94.26,Normal,7.4,3.71,4.7,0,0.0,359.53,424.39,5,1,4.8
ORD104780,2025-11-07,Telangana,Hyderabad,Beauty,Truck,5,1.25,94.0,93.78,Normal,12.9,4.42,5.1,0,0.0,180.67,198.14,5,1,4.5
ORD104781,2025-08-05,West Bengal,Durgapur,Grocery,Van,3,0.56,135.8,96.94,Heavy Rain,4.9,5.94,6.7,0,0.0,161.83,178.16,5,1,4.0
ORD104782,2025-05-06,West Bengal,Siliguri,Beauty,Van,11,3.81,14.7,93.23,Rain,7.2,4.05,5.6,0,0.0,166.81,202.21,240,0,4.6
ORD104783,2025-10-03,West Bengal,Durgapur,Books,Bike,6,2.32,93.9,94.3,Normal,8.7,4.01,4.6,0,0.0,191.72,245.62,5,1,5.0
ORD104784,2025-11-05,Rajasthan,Jaipur,Electronics,Bike,4,4.28,80.1,92.87,Normal,9.5,3.77,4.3,0,0.0,191.13,217.79,14,1,4.5
ORD104785,2025-05-12,Rajasthan,Jaipur,Fashion,Bike,5,3.39,104.1,91.3,Rain,3.8,3.02,4.3,0,0.0,241.1,276.86,5,1,5.0
ORD104786,2025-07-24,Gujarat,Vadodara,Books,Van,10,2.79,7.4,93.82,Normal,9.8,3.86,6.1,0,0.0,141.74,169.96,248,0,4.4
ORD104787,2025-01-04,West Bengal,Siliguri,Sports,Truck,7,3.37,209.2,90.39,Normal,4.9,5.6,5.9,0,0.0,321.17,374.77,5,1,5.0
ORD104788,2025-04-22,Delhi,Dwarka,Fashion,Van,5,2.22,68.3,94.78,Normal,3.6,4.13,5.2,0,0.0,119.05,108.53,54,0,4.2
ORD104789,2025-08-06,Maharashtra,Pune,Beauty,Van,8,4.7,68.1,90.61,Heavy Rain,7.8,5.6,6.1,0,0.0,220.09,260.92,65,0,4.8
ORD104790,2025-03-13,Karnataka,Mangaluru,Grocery,Bike,8,1.45,76.6,91.36,Normal,6.3,3.89,3.7,1,0.19,248.89,279.79,5,1,4.6
ORD104791,2025-12-28,Maharashtra,Nagpur,Books,Van,7,1.99,40.4,91.18,Normal,4.5,1.62,2.3,0,0.0,193.31,201.68,96,0,5.0
ORD104792,2025-12-21,Gujarat,Surat,Sports,Truck,8,1.68,188.7,94.02,Normal,5.9,4.16,5.4,0,0.0,312.1,379.04,5,1,5.0
ORD104793,2025-04-05,West Bengal,Durgapur,Books,Bike,7,7.47,11.8,90.86,Normal,7.0,1.22,1.2,1,0.02,162.3,177.46,132,0,5.0
ORD104794,2025-05-25,Delhi,Rohini,Fashion,Truck,5,1.34,52.5,93.77,Normal,8.5,2.84,4.5,0,0.0,142.54,178.02,5,1,3.7
ORD104795,2025-03-11,Rajasthan,Udaipur,Grocery,Bike,6,4.65,53.9,91.61,Normal,5.2,2.94,3.3,0,0.0,175.63,210.08,5,1,3.9
ORD104796,2025-07-03,Delhi,Dwarka,Fashion,Van,7,0.83,40.5,92.59,Normal,7.7,2.78,3.1,0,0.0,161.97,236.15,97,0,3.7
ORD104797,2025-02-15,West Bengal,Siliguri,Electronics,Bike,7,2.15,62.7,91.81,Rain,3.1,4.65,6.0,0,0.0,180.61,209.96,130,0,5.0
ORD104798,2025-05-23,Rajasthan,Jaipur,Books,Van,4,1.79,52.3,96.94,Normal,6.1,4.89,5.8,0,0.0,141.62,166.45,5,1,4.2
ORD104799,2025-07-22,Delhi,Rohini,Beauty,Bike,4,1.04,34.9,89.73,Normal,8.4,1.45,1.5,0,0.0,92.95,112.11,57,0,4.3
ORD104800,2025-08-12,Tamil Nadu,Chennai,Electronics,Van,9,2.0,71.0,93.58,Normal,7.1,4.73,4.3,1,0.43,228.13,260.88,13,1,4.2
ORD104801,2025-08-06,Delhi,New Delhi,Grocery,Van,4,2.79,81.0,92.65,Rain,8.1,3.65,5.9,0,0.0,190.07,218.52,5,1,4.5
ORD104802,2025-03-22,Gujarat,Surat,Home & Kitchen,Van,10,1.62,273.1,91.24,Normal,3.9,5.24,6.1,0,0.0,484.75,568.76,5,1,4.7
ORD104803,2025-10-17,Tamil Nadu,Chennai,Electronics,Van,3,1.08,34.4,93.33,Normal,3.4,3.31,5.7,0,0.0,121.33,145.31,156,0,4.2
ORD104804,2025-09-10,Tamil Nadu,Coimbatore,Beauty,Bike,6,3.61,93.8,90.87,Normal,8.9,2.56,2.8,0,0.0,211.47,256.79,5,1,5.0
ORD104805,2025-10-02,Tamil Nadu,Madurai,Grocery,Van,3,1.99,92.2,90.64,Normal,7.9,3.4,4.4,0,0.0,209.04,219.87,5,1,3.9
ORD104806,2025-06-20,West Bengal,Siliguri,Beauty,Bike,7,2.5,129.0,90.48,Normal,12.4,2.25,1.8,1,0.45,289.82,334.1,5,1,3.8
ORD104807,2025-11-22,Telangana,Warangal,Electronics,Van,4,4.1,116.8,92.67,Heavy Rain,8.7,5.57,5.4,1,0.17,198.07,203.89,5,1,4.1
ORD104808,2025-05-23,West Bengal,Durgapur,Beauty,Bike,4,5.5,15.5,91.41,Normal,10.0,2.09,2.4,0,0.0,170.93,162.59,209,0,4.9
ORD104809,2025-10-22,Karnataka,Mysuru,Electronics,Van,8,0.46,60.5,90.91,Normal,5.5,5.21,7.4,0,0.0,199.03,263.47,106,0,4.7
ORD104810,2025-03-16,Karnataka,Bengaluru,Sports,Van,8,1.88,32.3,93.06,Normal,8.0,2.42,3.3,0,0.0,136.6,173.86,184,0,4.3
ORD104811,2025-04-01,Maharashtra,Nagpur,Home & Kitchen,Truck,3,0.68,36.7,94.36,Normal,2.7,3.64,5.3,0,0.0,91.13,124.68,74,0,4.1
ORD104812,2025-07-12,Karnataka,Bengaluru,Sports,Van,10,11.85,23.3,89.84,Normal,12.6,4.67,7.2,0,0.0,226.49,278.48,151,0,5.0
ORD104813,2025-07-22,Delhi,Dwarka,Electronics,Bike,2,2.22,60.1,92.96,Normal,5.2,1.37,2.9,0,0.0,165.2,179.66,5,1,3.8
ORD104814,2025-09-30,Karnataka,Mangaluru,Electronics,Van,4,3.79,96.5,93.28,Normal,8.1,3.06,4.6,0,0.0,199.75,247.02,50,0,5.0
ORD104815,2025-04-19,Maharashtra,Nagpur,Fashion,Bike,3,1.34,172.8,94.61,Normal,1.0,2.36,3.2,0,0.0,244.88,275.23,5,1,3.8
ORD104816,2025-11-15,Gujarat,Surat,Grocery,Bike,3,1.6,75.9,91.77,Normal,1.0,1.39,3.4,0,0.0,150.28,138.75,5,1,4.8
ORD104817,2025-05-01,Rajasthan,Jaipur,Sports,Van,10,4.11,37.4,95.05,Normal,13.4,5.48,6.5,0,0.0,262.51,309.32,31,1,5.0
ORD104818,2025-07-14,Tamil Nadu,Madurai,Beauty,Van,2,2.81,82.2,93.29,Normal,14.7,1.21,2.9,0,0.0,147.22,178.83,5,1,3.8
ORD104819,2025-12-07,Karnataka,Mangaluru,Fashion,Truck,12,5.99,102.2,88.83,Rain,10.8,5.73,6.1,0,0.0,298.5,345.3,5,1,4.9
ORD104820,2025-07-16,West Bengal,Durgapur,Electronics,Truck,4,1.17,157.0,92.73,Rain,10.4,3.44,4.8,0,0.0,268.15,306.45,5,1,4.1
ORD104821,2025-09-06,West Bengal,Kolkata,Beauty,Bike,5,1.75,32.8,92.14,Normal,5.1,3.19,4.3,0,0.0,139.81,180.09,5,1,3.2
ORD104822,2025-11-28,Karnataka,Mysuru,Fashion,Bike,6,2.81,22.8,93.91,Normal,3.5,2.01,2.4,0,0.0,179.27,219.02,5,1,4.9
ORD104823,2025-12-22,Rajasthan,Jodhpur,Sports,Truck,1,3.1,86.3,94.24,Heavy Rain,9.9,4.31,3.7,1,0.61,135.53,155.61,5,0,3.3
ORD104824,2025-07-02,Telangana,Nizamabad,Fashion,Bike,3,2.64,70.5,90.34,Normal,6.0,2.3,3.3,0,0.0,156.82,165.41,5,1,4.1
ORD104825,2025-06-02,Karnataka,Mangaluru,Grocery,Van,6,2.0,56.7,93.7,Normal,6.7,1.73,2.8,0,0.0,210.34,240.72,34,0,3.7
ORD104826,2025-03-13,Rajasthan,Jaipur,Books,Truck,4,1.09,67.5,91.81,Normal,10.7,4.35,4.2,1,0.15,140.57,175.99,77,0,3.5
ORD104827,2025-07-16,Karnataka,Bengaluru,Electronics,Bike,5,2.51,33.5,90.74,Normal,6.2,3.08,3.9,0,0.0,164.87,199.68,101,0,5.0
ORD104828,2025-12-02,Maharashtra,Nagpur,Fashion,Van,8,0.74,13.7,94.6,Rain,4.9,3.04,4.0,0,0.0,109.27,140.42,239,0,5.0
ORD104829,2025-06-27,Karnataka,Bengaluru,Sports,Truck,3,1.13,114.7,91.11,Rain,2.7,4.63,6.3,0,0.0,204.51,261.25,5,1,4.0
ORD104830,2025-05-08,Maharashtra,Pune,Fashion,Van,3,2.06,110.3,92.0,Normal,6.3,2.43,3.4,0,0.0,170.68,199.06,5,1,4.4
ORD104831,2025-02-09,Gujarat,Ahmedabad,Beauty,Truck,4,1.22,24.9,91.78,Heavy Rain,8.7,4.56,5.9,0,0.0,135.38,156.74,5,1,4.6
ORD104832,2025-05-23,Karnataka,Mysuru,Sports,Van,2,2.34,65.1,92.82,Normal,5.3,4.02,4.6,0,0.0,105.48,112.63,5,1,3.9
ORD104833,2025-03-28,Delhi,Dwarka,Home & Kitchen,Bike,5,1.9,106.5,94.24,Rain,6.7,3.21,3.6,0,0.0,232.01,251.59,5,1,4.8
ORD104834,2025-12-23,Karnataka,Bengaluru,Sports,Truck,7,1.21,98.0,94.74,Normal,5.7,5.03,5.6,0,0.0,216.88,279.62,5,1,5.0
ORD104835,2025-07-12,Rajasthan,Jodhpur,Fashion,Van,7,1.23,41.3,93.45,Rain,6.3,5.74,6.0,0,0.0,174.93,204.52,106,0,3.8
ORD104836,2025-02-20,Delhi,Dwarka,Beauty,Truck,4,4.62,80.5,88.75,Rain,10.9,3.63,4.1,0,0.0,187.57,178.03,5,1,5.0
ORD104837,2025-01-25,Tamil Nadu,Chennai,Home & Kitchen,Van,5,2.58,30.0,94.4,Normal,6.7,3.4,4.6,0,0.0,134.71,152.11,111,0,3.8
ORD104838,2025-11-07,West Bengal,Siliguri,Beauty,Van,5,2.36,121.9,92.83,Normal,5.1,3.14,4.3,0,0.0,206.88,259.6,5,1,4.3
ORD104839,2025-12-06,Rajasthan,Udaipur,Electronics,Bike,8,2.09,61.7,93.7,Normal,12.2,3.52,4.6,0,0.0,176.64,208.76,5,1,5.0
ORD104840,2025-10-06,Tamil Nadu,Coimbatore,Electronics,Bike,5,1.12,82.7,91.16,Normal,6.2,3.24,4.2,0,0.0,196.73,206.06,5,1,5.0
ORD104841,2025-02-15,Maharashtra,Mumbai,Fashion,Truck,3,1.4,92.3,91.65,Heavy Rain,5.8,5.25,7.1,0,0.0,193.07999999999998,161.08,5,1,3.7
ORD104842,2025-02-05,Gujarat,Surat,Home & Kitchen,Truck,9,0.42,62.3,93.36,Normal,7.6,4.41,6.3,0,0.0,200.11,260.03,5,1,5.0
ORD104843,2025-03-14,West Bengal,Durgapur,Beauty,Van,9,1.33,92.3,95.25,Normal,4.2,3.39,4.2,0,0.0,212.21,255.22,5,1,3.8
ORD104844,2025-10-02,Karnataka,Mysuru,Electronics,Truck,9,1.35,124.6,91.95,Normal,7.2,3.72,5.8,0,0.0,259.68,304.19,5,1,4.8
ORD104845,2025-10-07,Tamil Nadu,Coimbatore,Electronics,Van,4,2.88,33.2,89.33,Normal,7.2,2.59,4.6,0,0.0,82.8,111.1,164,0,4.3
ORD104846,2025-11-02,Karnataka,Mangaluru,Home & Kitchen,Truck,7,1.36,142.9,92.63,Normal,6.5,4.5,5.3,0,0.0,291.21,361.19,5,1,4.8
ORD104847,2025-02-05,Tamil Nadu,Chennai,Fashion,Van,4,3.36,50.1,91.19,Normal,9.2,3.84,4.0,0,0.0,166.52,210.0,5,1,4.7
ORD104848,2025-02-25,Maharashtra,Mumbai,Home & Kitchen,Van,15,1.7,95.6,89.61,Rain,7.9,5.6,6.0,0,0.0,313.41,387.48,84,0,4.6
ORD104849,2025-11-25,West Bengal,Kolkata,Electronics,Van,5,2.22,61.0,91.24,Normal,7.7,3.67,4.4,0,0.0,169.22,193.44,5,1,4.4
ORD104850,2025-12-05,West Bengal,Kolkata,Beauty,Van,6,1.97,85.6,92.32,Rain,6.0,3.53,4.0,0,0.0,228.1,268.43,30,0,5.0
ORD104851,2025-09-22,West Bengal,Siliguri,Grocery,Truck,6,3.17,136.3,93.33,Normal,9.8,4.69,4.5,1,0.19,240.0,306.75,5,1,3.7
ORD104852,2025-02-08,Rajasthan,Udaipur,Grocery,Van,9,4.41,70.9,90.54,Normal,12.5,3.58,3.4,1,0.18,266.91,326.55,75,0,3.6
ORD104853,2025-01-26,Delhi,Dwarka,Home & Kitchen,Truck,3,1.06,91.4,90.59,Normal,9.2,3.13,3.4,0,0.0,145.53,174.97,5,1,5.0
ORD104854,2025-01-21,Tamil Nadu,Madurai,Books,Bike,6,6.32,161.4,91.18,Normal,8.0,3.21,3.4,0,0.0,293.66,322.35,5,1,3.9
ORD104855,2025-09-10,Karnataka,Bengaluru,Beauty,Bike,8,1.15,51.3,94.5,Rain,7.8,3.02,2.0,1,1.02,150.84,192.25,151,0,4.4
ORD104856,2025-11-05,Telangana,Hyderabad,Beauty,Van,5,1.79,38.2,93.73,Normal,6.7,2.09,3.5,0,0.0,193.07999999999998,199.07,37,0,4.3
ORD104857,2025-08-19,West Bengal,Siliguri,Home & Kitchen,Van,5,1.43,130.2,92.31,Normal,4.2,4.26,5.9,0,0.0,218.97,261.03,5,1,4.0
ORD104858,2025-04-06,Maharashtra,Pune,Home & Kitchen,Truck,3,5.37,63.5,92.22,Rain,8.9,5.03,6.3,0,0.0,168.9,179.74,77,0,5.0
ORD104859,2025-10-04,Delhi,Dwarka,Fashion,Bike,3,1.01,57.3,90.68,Normal,1.0,0.81,1.0,0,0.0,111.33,119.97,5,1,4.7
ORD104860,2025-01-22,Tamil Nadu,Madurai,Home & Kitchen,Bike,7,3.21,144.1,92.61,Normal,6.8,3.83,4.4,0,0.0,267.96,326.07,5,1,4.5
ORD104861,2025-10-30,Telangana,Hyderabad,Grocery,Van,5,0.48,41.8,89.41,Normal,10.8,2.88,4.0,0,0.0,111.73,139.18,78,0,4.6
ORD104862,2025-11-22,Gujarat,Vadodara,Home & Kitchen,Truck,5,3.42,96.4,92.04,Normal,3.0,3.51,5.3,0,0.0,183.73,205.28,5,1,4.9
ORD104863,2025-09-20,Gujarat,Vadodara,Electronics,Truck,6,1.78,178.8,87.49,Normal,8.5,3.88,6.5,0,0.0,245.37,318.09,5,1,3.7
ORD104864,2025-11-17,Maharashtra,Pune,Electronics,Truck,5,1.58,30.9,88.17,Normal,8.8,4.18,4.9,0,0.0,125.92,152.86,64,0,5.0
ORD104865,2025-08-02,West Bengal,Durgapur,Electronics,Van,4,1.28,182.0,87.62,Normal,5.1,5.48,6.3,0,0.0,244.54,287.73,5,1,3.6
ORD104866,2025-06-20,Maharashtra,Mumbai,Fashion,Truck,5,1.93,54.3,94.47,Normal,4.3,4.39,5.5,0,0.0,211.75,238.62,203,0,3.9
ORD104867,2025-04-28,Telangana,Hyderabad,Electronics,Bike,8,1.6,57.1,90.77,Normal,3.7,3.58,3.8,0,0.0,165.11,207.7,5,1,4.9
ORD104868,2025-12-03,Rajasthan,Jaipur,Beauty,Truck,3,0.76,21.9,88.6,Rain,4.9,4.99,5.0,0,0.0,77.68,119.6,81,0,5.0
ORD104869,2025-09-12,Rajasthan,Udaipur,Home & Kitchen,Van,5,1.21,84.7,95.4,Normal,4.9,4.22,5.7,0,0.0,200.12,249.66,5,1,4.2
ORD104870,2025-03-11,Maharashtra,Mumbai,Beauty,Van,5,3.38,33.5,89.59,Normal,3.5,2.22,3.5,0,0.0,119.47,166.34,118,0,5.0
ORD104871,2025-12-16,Gujarat,Ahmedabad,Sports,Van,7,1.55,99.1,91.91,Normal,10.1,3.62,4.1,0,0.0,216.91,249.31,65,0,4.3
ORD104872,2025-01-22,Tamil Nadu,Chennai,Books,Van,6,1.2,66.9,89.53,Normal,5.0,2.0,1.3,1,0.7,193.69,235.07,5,1,3.0
ORD104873,2025-08-03,Gujarat,Ahmedabad,Beauty,Bike,8,2.08,83.7,92.35,Normal,9.1,2.17,1.0,1,1.17,236.6,253.24,5,1,3.5
ORD104874,2025-03-11,Tamil Nadu,Chennai,Fashion,Bike,4,2.77,108.5,90.87,Normal,4.5,3.39,4.0,0,0.0,200.79,234.37,5,1,3.7
ORD104875,2025-08-31,West Bengal,Kolkata,Grocery,Van,5,3.07,210.0,89.53,Rain,8.4,4.46,5.1,0,0.0,307.32,379.95,5,1,4.5
ORD104876,2025-05-31,West Bengal,Siliguri,Sports,Truck,4,2.51,71.5,88.45,Normal,7.2,3.15,3.6,0,0.0,187.08,201.19,31,0,4.7
ORD104877,2025-06-09,Rajasthan,Udaipur,Fashion,Van,6,4.42,99.9,89.55,Normal,10.2,3.42,4.9,0,0.0,254.85,278.03,5,1,4.7
ORD104878,2025-09-03,Karnataka,Mysuru,Electronics,Bike,8,2.08,90.6,89.0,Normal,4.0,2.14,3.0,0,0.0,228.35,268.76,5,1,3.8
ORD104879,2025-10-03,Karnataka,Mangaluru,Grocery,Van,5,1.73,82.9,87.61,Normal,5.0,2.9,1.8,1,1.1,194.28,220.28,5,1,4.1
ORD104880,2025-05-19,Karnataka,Mysuru,Electronics,Bike,3,3.55,25.2,92.08,Normal,8.7,1.66,4.2,0,0.0,99.56,126.67,91,0,4.8
ORD104881,2025-12-31,Karnataka,Mangaluru,Grocery,Bike,7,1.27,39.8,92.75,Normal,5.9,2.02,1.0,1,1.02,190.48,234.34,109,0,4.6
ORD104882,2025-07-01,Rajasthan,Udaipur,Electronics,Bike,5,1.55,26.7,89.49,Rain,5.9,3.95,4.2,0,0.0,146.27,138.71,5,1,4.2
ORD104883,2025-02-28,West Bengal,Kolkata,Electronics,Van,10,0.71,168.0,86.94,Normal,9.9,4.91,4.7,1,0.21,308.49,352.73,5,1,3.3
ORD104884,2025-01-03,West Bengal,Durgapur,Books,Bike,8,6.55,170.0,91.32,Normal,7.8,2.82,4.0,0,0.0,313.43,363.28,5,1,4.1
ORD104885,2025-03-15,Telangana,Nizamabad,Grocery,Bike,8,7.81,108.8,90.93,Normal,9.0,2.34,1.9,1,0.44,320.48,356.72,5,1,4.0
ORD104886,2025-09-10,Tamil Nadu,Chennai,Beauty,Bike,15,1.8,130.8,88.82,Normal,10.1,4.27,5.6,0,0.0,334.55,415.48,5,1,4.5
ORD104887,2025-07-16,West Bengal,Durgapur,Books,Van,6,3.31,27.3,90.5,Rain,6.6,4.32,4.7,0,0.0,143.91,177.13,131,0,4.4
ORD104888,2025-05-04,West Bengal,Durgapur,Books,Bike,7,3.17,99.8,85.62,Normal,4.3,2.58,3.9,0,0.0,198.02,204.12,5,1,4.2
ORD104889,2025-06-25,Maharashtra,Mumbai,Fashion,Bike,3,2.28,46.0,90.57,Rain,5.1,2.47,1.0,1,1.47,150.91,163.58,5,1,4.1
ORD104890,2025-11-02,Maharashtra,Mumbai,Sports,Van,6,4.44,33.2,90.26,Heavy Rain,8.9,5.2,5.7,0,0.0,148.13,163.19,148,0,4.8
ORD104891,2025-07-28,West Bengal,Kolkata,Fashion,Van,3,0.89,130.8,92.91,Normal,5.3,3.39,4.7,0,0.0,198.79,228.11,5,1,4.3
ORD104892,2025-01-22,Maharashtra,Nagpur,Home & Kitchen,Truck,5,1.79,99.4,90.95,Rain,8.1,4.71,4.4,1,0.31,195.71,245.55,5,1,5.0
ORD104893,2025-01-18,Telangana,Nizamabad,Books,Van,7,0.52,29.6,90.63,Rain,6.6,4.12,5.1,0,0.0,207.31,235.61,181,0,3.8
ORD104894,2025-06-25,Gujarat,Surat,Fashion,Van,3,1.04,158.2,93.98,Normal,7.3,2.27,3.2,0,0.0,270.01,281.7,5,1,4.2
ORD104895,2025-05-28,Gujarat,Ahmedabad,Sports,Truck,11,0.7,67.3,89.0,Rain,7.3,6.18,7.1,0,0.0,241.24,321.05,196,0,3.9
ORD104896,2025-11-07,Karnataka,Bengaluru,Electronics,Van,9,0.61,112.5,87.71,Normal,5.3,3.57,3.9,0,0.0,235.45,273.11,5,1,4.1
ORD104897,2025-08-01,Karnataka,Mysuru,Electronics,Van,10,1.46,50.5,92.03,Normal,10.8,4.88,6.2,0,0.0,212.71,250.86,133,0,4.4
ORD104898,2025-10-04,Rajasthan,Jaipur,Electronics,Bike,5,2.55,85.1,92.24,Normal,4.3,1.55,2.6,0,0.0,186.73,188.36,5,1,4.7
ORD104899,2025-08-02,Telangana,Warangal,Beauty,Bike,5,1.31,117.2,92.26,Heavy Rain,5.1,3.56,4.5,0,0.0,251.9,293.94,5,1,4.5
ORD104900,2025-05-07,Tamil Nadu,Madurai,Books,Bike,2,1.41,31.5,89.9,Normal,5.8,1.65,1.8,0,0.0,193.07999999999998,171.72,136,0,5.0
ORD104901,2025-08-28,Maharashtra,Mumbai,Fashion,Van,10,1.25,185.5,89.02,Normal,4.1,5.11,4.9,1,0.21,345.02,414.65,5,1,3.0
ORD104902,2025-08-15,Karnataka,Mysuru,Electronics,Truck,2,2.21,110.0,88.04,Normal,4.5,3.44,4.6,0,0.0,194.38,211.46,5,1,4.3
ORD104903,2025-09-20,Tamil Nadu,Madurai,Fashion,Bike,6,1.36,91.2,88.65,Rain,5.6,3.56,3.6,0,0.0,248.93,293.62,5,1,4.8
ORD104904,2025-03-11,Tamil Nadu,Coimbatore,Fashion,Van,5,1.05,10.1,87.52,Rain,6.1,3.75,5.7,0,0.0,122.34,164.79,56,0,3.0
ORD104905,2025-08-23,West Bengal,Siliguri,Grocery,Truck,7,3.69,71.9,89.42,Normal,7.2,3.83,6.4,0,0.0,193.07999999999998,196.63,5,1,4.9
ORD104906,2025-04-15,Rajasthan,Udaipur,Grocery,Van,8,1.14,132.2,93.17,Rain,6.7,6.23,6.3,0,0.0,259.06,313.59,5,1,5.0
ORD104907,2025-10-16,Delhi,Dwarka,Electronics,Bike,3,0.88,12.7,89.19,Normal,5.7,1.26,1.2,1,0.06,86.79,78.36,5,1,3.8
ORD104908,2025-10-19,Delhi,New Delhi,Fashion,Truck,6,3.26,168.9,90.38,Rain,11.1,5.68,6.8,0,0.0,266.33,325.37,5,1,4.1
ORD104909,2025-08-17,Maharashtra,Nagpur,Grocery,Bike,7,0.67,21.2,91.11,Normal,13.3,1.63,2.6,0,0.0,143.07,189.68,180,0,4.2
ORD104910,2025-12-12,Telangana,Warangal,Home & Kitchen,Bike,7,4.48,84.6,89.45,Normal,9.2,3.21,3.9,0,0.0,185.1,207.73,5,1,4.7
ORD104911,2025-07-16,Telangana,Warangal,Fashion,Van,5,1.03,191.7,89.42,Normal,6.0,3.11,4.3,0,0.0,232.44,263.29,5,1,4.6
ORD104912,2025-01-10,West Bengal,Kolkata,Beauty,Bike,5,2.12,93.6,92.38,Normal,4.7,3.46,4.8,0,0.0,193.27,226.54,5,1,4.8
ORD104913,2025-08-10,Delhi,Rohini,Fashion,Truck,9,1.05,121.9,90.38,Normal,6.4,4.96,5.0,0,0.0,258.28,316.68,5,1,4.0
ORD104914,2025-10-11,Delhi,New Delhi,Electronics,Bike,7,2.03,131.0,92.05,Normal,7.0,2.8,2.7,1,0.1,298.57,321.77,5,1,4.4
ORD104915,2025-02-06,Gujarat,Ahmedabad,Home & Kitchen,Truck,9,1.44,103.1,94.3,Rain,11.1,5.57,4.6,1,0.97,236.35,284.2,5,1,3.8
ORD104916,2025-02-08,Maharashtra,Mumbai,Books,Bike,8,1.06,38.3,88.41,Normal,5.3,2.64,1.8,1,0.84,180.31,205.33,5,1,5.0
ORD104917,2025-04-10,Gujarat,Surat,Home & Kitchen,Truck,4,0.71,60.9,89.68,Normal,7.3,3.8,3.6,1,0.2,133.8,161.68,123,0,3.4
ORD104918,2025-11-05,Tamil Nadu,Chennai,Books,Bike,9,1.42,38.7,89.64,Rain,7.0,4.49,4.9,0,0.0,141.29,208.25,72,0,5.0
ORD104919,2025-07-12,West Bengal,Durgapur,Fashion,Truck,7,2.74,180.0,89.02,Normal,10.1,3.86,5.3,0,0.0,303.43,363.39,5,1,4.1
ORD104920,2025-12-23,West Bengal,Kolkata,Fashion,Bike,4,3.12,61.9,89.12,Normal,5.8,1.83,3.1,0,0.0,164.24,171.54,59,0,3.8
ORD104921,2025-11-15,Maharashtra,Pune,Books,Truck,7,1.26,138.8,92.4,Normal,5.6,3.54,4.7,0,0.0,243.83,300.56,5,1,4.5
ORD104922,,Maharashtra,Nagpur,Fashion,Truck,11,1.26,112.2,90.03,Normal,7.2,4.27,4.8,0,0.0,275.3,336.9,16,1,3.8
ORD104923,2025-09-05,Tamil Nadu,Coimbatore,Home & Kitchen,Van,7,1.8,82.1,94.31,Normal,11.9,3.91,6.6,0,0.0,230.31,289.74,5,1,4.7
ORD104924,2025-05-01,Telangana,Warangal,Electronics,Bike,9,2.02,37.3,89.08,Rain,8.2,4.02,3.7,1,0.32,182.57,216.36,148,0,4.5
ORD104925,2025-02-02,Maharashtra,Mumbai,Grocery,Van,8,2.01,44.1,92.5,Normal,10.7,2.85,3.3,0,0.0,215.68,248.42,129,0,4.2
ORD104926,2025-05-26,Rajasthan,Jaipur,Fashion,Van,7,1.52,48.4,92.94,Normal,8.4,3.6,4.6,0,0.0,178.64,229.13,56,0,4.0
ORD104927,2025-08-05,Maharashtra,Nagpur,Books,Van,7,1.59,28.1,89.6,Normal,9.1,3.01,2.7,1,0.31,180.8,199.46,40,0,4.5
ORD104928,2025-03-08,Delhi,Dwarka,Fashion,Van,8,1.67,222.1,90.54,Heavy Rain,7.0,5.4,5.8,0,0.0,390.72,431.5,5,1,3.9
ORD104929,2025-03-22,Rajasthan,Jaipur,Fashion,Truck,7,0.42,107.5,91.3,Rain,7.1,3.67,3.1,1,0.57,200.85,253.82,5,1,3.0
ORD104930,2025-01-06,Gujarat,Surat,Home & Kitchen,Truck,5,1.55,82.0,88.69,Normal,4.2,2.97,3.4,0,0.0,208.28,248.66,5,1,5.0
ORD104931,2025-09-25,Delhi,New Delhi,Home & Kitchen,Van,5,3.35,15.6,92.67,Rain,4.6,4.35,6.4,0,0.0,161.28,163.22,62,0,4.6
ORD104932,2025-11-25,Telangana,Hyderabad,Books,Bike,9,4.98,64.8,88.19,Normal,8.1,1.19,2.0,0,0.0,258.77,272.7,5,1,4.5
ORD104933,2025-10-30,West Bengal,Durgapur,Electronics,Bike,5,4.33,68.7,88.7,Normal,6.3,3.79,6.2,0,0.0,177.41,210.47,14,1,4.0
ORD104934,2025-05-19,West Bengal,Durgapur,Sports,Van,7,2.14,77.8,88.7,Normal,7.3,3.31,5.3,0,0.0,135.85,177.91,5,1,4.9
ORD104935,2025-08-05,Karnataka,Mysuru,Electronics,Truck,14,0.93,79.0,90.0,Rain,11.9,6.3,5.7,1,0.6,344.43,426.03,185,0,4.3
ORD104936,2025-12-17,West Bengal,Siliguri,Beauty,Van,7,1.41,103.3,90.16,Normal,12.2,2.89,2.6,1,0.29,185.63,241.14,5,1,2.8
ORD104937,2025-08-04,Karnataka,Bengaluru,Electronics,Bike,5,1.23,26.4,88.41,Normal,4.3,0.7,2.7,0,0.0,176.74,201.41,61,0,5.0
ORD104938,2025-04-18,Maharashtra,Mumbai,Books,Van,8,0.81,52.1,89.33,Normal,8.8,2.47,3.1,0,0.0,155.81,191.74,19,1,3.7
ORD104939,2025-05-04,Rajasthan,Jodhpur,Home & Kitchen,Van,7,1.09,98.6,87.51,Normal,6.0,4.13,3.5,1,0.63,187.27,237.87,5,1,3.5
ORD104940,,Gujarat,Vadodara,Beauty,Truck,3,1.25,100.0,91.59,Heavy Rain,2.0,5.33,6.9,0,0.0,174.88,208.41,5,1,4.2
ORD104941,2025-06-12,Gujarat,Vadodara,Sports,Van,6,0.81,83.8,90.73,Normal,13.0,2.03,4.1,0,0.0,189.41,201.03,65,0,3.4
ORD104942,2025-11-02,Telangana,Nizamabad,Grocery,Bike,3,3.69,124.0,88.83,Rain,6.2,3.51,5.6,0,0.0,263.7,294.08,5,1,4.0
ORD104943,2025-11-12,West Bengal,Kolkata,Home & Kitchen,Bike,7,2.99,60.5,89.09,Normal,6.8,3.38,4.5,0,0.0,176.59,221.62,79,0,4.2
ORD104944,2025-01-14,West Bengal,Siliguri,Books,Bike,5,1.95,72.1,88.23,Normal,9.1,2.14,3.9,0,0.0,197.17,212.16,5,1,4.3
ORD104945,2025-09-22,Delhi,Rohini,Fashion,Van,4,2.58,124.8,87.73,Normal,12.6,2.95,4.1,0,0.0,228.53,285.18,5,1,4.1
ORD104946,2025-05-16,Delhi,Dwarka,Electronics,Van,5,2.46,28.4,87.44,Normal,7.7,2.64,2.5,1,0.14,113.39,132.05,131,0,4.6
ORD104947,2025-07-09,Karnataka,Mysuru,Fashion,Bike,7,1.25,182.3,87.7,Normal,13.8,3.69,5.4,0,0.0,313.1,379.08,5,1,4.7
ORD104948,2025-04-07,Tamil Nadu,Coimbatore,Books,Bike,9,6.48,115.9,91.07,Normal,8.8,3.51,4.0,0,0.0,286.9,322.07,5,1,5.0
ORD104949,2025-05-15,Tamil Nadu,Coimbatore,Fashion,Truck,5,1.22,48.6,91.19,Normal,9.4,3.53,5.9,0,0.0,177.52,223.75,5,1,4.3
ORD104950,2025-05-01,Maharashtra,Nagpur,Grocery,Truck,5,0.68,127.9,86.84,Normal,4.7,4.96,5.4,0,0.0,214.99,278.96,5,1,4.9
ORD104951,2025-01-19,Karnataka,Bengaluru,Grocery,Van,5,2.24,31.7,90.54,Normal,4.9,0.92,1.4,0,0.0,174.71,186.51,218,0,4.6
ORD104952,2025-10-13,Karnataka,Mysuru,Fashion,Van,7,2.91,165.7,87.07,Normal,8.5,2.77,2.5,1,0.27,301.92,354.17,5,1,4.3
ORD104953,2025-02-22,Delhi,Rohini,Home & Kitchen,Truck,5,1.65,16.7,90.63,Rain,10.2,4.8,6.2,0,0.0,89.91,116.35,141,0,3.9
ORD104954,2025-05-18,Rajasthan,Jodhpur,Grocery,Van,6,4.52,26.0,89.38,Rain,6.3,2.86,5.3,0,0.0,193.07999999999998,123.99,57,0,5.0
ORD104955,2025-03-12,Tamil Nadu,Madurai,Fashion,Truck,10,2.26,40.9,88.28,Normal,11.0,4.86,6.3,0,0.0,252.22,306.81,100,0,4.6
ORD104956,2025-02-28,Telangana,Hyderabad,Home & Kitchen,Bike,6,1.18,43.6,90.0,Normal,8.1,3.21,4.0,0,0.0,153.68,178.06,89,0,4.5
ORD104957,2025-05-17,Gujarat,Ahmedabad,Home & Kitchen,Bike,4,1.37,89.4,91.6,Normal,5.8,1.55,1.8,0,0.0,174.06,196.84,5,1,5.0
ORD104958,2025-12-02,West Bengal,Siliguri,Sports,Bike,9,2.22,122.0,85.78,Normal,10.2,4.53,4.6,0,0.0,193.07999999999998,310.69,5,1,4.3
ORD104959,2025-12-11,Delhi,New Delhi,Home & Kitchen,Truck,3,2.12,19.8,91.19,Normal,4.3,3.8,5.6,0,0.0,100.66,135.88,144,0,4.3
ORD104960,2025-05-20,Tamil Nadu,Coimbatore,Home & Kitchen,Van,5,4.43,172.3,87.69,Normal,9.8,4.04,4.2,0,0.0,286.13,320.51,5,1,5.0
ORD104961,2025-07-04,Delhi,New Delhi,Electronics,Bike,7,3.46,99.7,91.67,Normal,7.3,2.72,1.5,1,1.22,192.1,227.63,5,1,3.6
ORD104962,2025-12-26,West Bengal,Siliguri,Electronics,Truck,6,0.73,219.7,90.65,Normal,9.0,5.81,9.2,0,0.0,343.3,385.99,5,1,4.4
ORD104963,2025-03-27,Rajasthan,Jaipur,Sports,Truck,7,1.8,70.0,87.05,Rain,8.2,3.91,4.9,0,0.0,199.88,260.46,116,0,3.7
ORD104964,2025-12-11,Rajasthan,Jodhpur,Beauty,Bike,5,0.9,183.9,88.0,Normal,7.1,4.02,4.4,0,0.0,292.33,314.75,5,1,4.0
ORD104965,2025-02-08,West Bengal,Siliguri,Grocery,Van,11,5.2,231.6,89.9,Rain,1.0,4.59,4.7,0,0.0,401.96,449.68,5,1,5.0
ORD104966,2025-03-24,Maharashtra,Pune,Books,Van,5,1.07,43.6,90.72,Normal,5.5,3.05,4.2,0,0.0,142.27,169.6,11,1,4.6
ORD104967,2025-05-04,Maharashtra,Pune,Fashion,Bike,5,2.3,39.7,89.85,Normal,4.5,2.23,1.9,1,0.33,109.69,127.01,79,0,3.3
ORD104968,2025-01-14,Telangana,Nizamabad,Books,Van,5,1.28,58.6,89.68,Normal,8.3,2.88,3.0,0,0.0,185.72,222.16,83,0,4.2
ORD104969,2025-10-25,Delhi,Dwarka,Sports,Bike,4,0.56,55.5,87.81,Normal,5.9,3.26,4.4,0,0.0,135.99,181.91,5,1,4.0
ORD104970,2025-11-09,Maharashtra,Nagpur,Grocery,Truck,8,0.89,87.6,89.0,Normal,3.7,2.53,2.4,1,0.13,159.22,228.99,5,1,4.1
ORD104971,2025-05-20,Gujarat,Vadodara,Grocery,Truck,3,1.71,56.6,88.79,Rain,7.7,3.95,3.6,1,0.35,125.37,166.52,5,1,4.2
ORD104972,2025-11-02,Karnataka,Mysuru,Fashion,Truck,4,2.91,127.7,86.21,Rain,6.3,4.33,4.6,0,0.0,230.07,255.71,5,1,4.2
ORD104973,2025-10-09,Tamil Nadu,Madurai,Books,Van,6,2.84,106.4,89.5,Normal,7.3,3.34,3.8,0,0.0,260.76,313.21,5,1,3.9
ORD104974,2025-10-20,Karnataka,Mysuru,Electronics,Bike,5,0.85,41.1,88.21,Normal,8.0,2.94,3.4,0,0.0,102.33,120.45,5,1,3.6
ORD104975,2025-10-20,Tamil Nadu,Madurai,Grocery,Van,2,2.47,69.6,91.33,Rain,6.6,3.75,4.2,0,0.0,171.55,170.79,5,1,5.0
ORD104976,2025-07-29,Tamil Nadu,Coimbatore,Fashion,Van,6,3.73,132.6,90.95,Normal,12.6,4.1,5.1,0,0.0,271.43,319.49,57,0,4.3
ORD104977,2025-02-10,Maharashtra,Pune,Beauty,Bike,5,2.81,94.3,89.16,Normal,9.4,1.89,2.0,0,0.0,188.93,213.77,5,1,4.8
ORD104978,2025-12-04,Karnataka,Mysuru,Sports,Van,3,1.59,111.0,90.79,Normal,6.4,3.37,4.3,0,0.0,207.73,230.69,5,1,3.9
ORD104979,2025-08-11,Rajasthan,Jodhpur,Beauty,Bike,7,2.08,39.7,89.9,Normal,8.5,3.59,3.8,0,0.0,176.15,219.03,120,0,4.3
ORD104980,2025-11-25,Tamil Nadu,Coimbatore,Electronics,Bike,3,2.22,75.5,88.73,Normal,5.8,2.8,3.4,0,0.0,141.19,173.93,5,1,3.9
ORD104981,2025-12-17,Rajasthan,Jaipur,Grocery,Van,7,4.99,29.8,86.21,Rain,6.8,4.61,4.7,0,0.0,202.56,229.55,229,0,4.9
ORD104982,2025-03-10,Tamil Nadu,Coimbatore,Sports,Van,9,6.09,82.0,88.45,Normal,11.1,4.03,3.1,1,0.93,289.44,337.33,122,0,4.3
ORD104983,2025-05-27,Telangana,Warangal,Grocery,Van,4,3.06,66.9,88.12,Normal,10.8,1.88,2.9,0,0.0,128.31,166.18,5,1,4.9
ORD104984,2025-03-12,Maharashtra,Pune,Books,Van,10,2.08,85.8,88.51,Normal,8.3,3.33,5.0,0,0.0,257.14,296.58,97,0,4.1
ORD104985,2025-01-19,Gujarat,Surat,Books,Van,6,1.97,37.4,88.28,Normal,8.7,2.21,3.1,0,0.0,149.5,154.19,72,0,4.6
ORD104986,2025-12-19,Maharashtra,Pune,Books,Van,7,2.11,100.1,90.66,Rain,5.4,4.08,3.7,1,0.38,237.55,270.2,5,1,3.2
ORD104987,2025-12-04,West Bengal,Kolkata,Fashion,Van,5,2.3,135.2,90.84,Rain,8.6,4.16,3.7,1,0.46,227.94,259.28,5,1,4.0
ORD104988,2025-12-07,Maharashtra,Pune,Fashion,Van,6,1.44,11.0,87.76,Normal,5.0,4.15,5.6,0,0.0,163.29,186.63,215,0,4.9
ORD104989,2025-11-19,West Bengal,Durgapur,Books,Van,7,7.24,24.0,86.24,Normal,8.8,3.61,4.7,0,0.0,134.73,199.55,93,0,4.3
ORD104990,2025-08-25,Rajasthan,Udaipur,Sports,Van,7,1.2,43.2,86.86,Normal,8.7,3.68,4.5,0,0.0,171.18,193.46,185,0,4.4
ORD104991,2025-07-10,Rajasthan,Jodhpur,Electronics,Bike,4,4.67,58.0,90.83,Rain,10.3,3.95,5.4,0,0.0,150.58,171.06,5,1,4.0
ORD104992,2025-12-28,Telangana,Hyderabad,Home & Kitchen,Van,2,0.48,48.8,90.3,Normal,1.0,3.2,4.5,0,0.0,102.15,103.07,35,0,4.0
ORD104993,2025-07-21,West Bengal,Kolkata,Fashion,Bike,5,1.68,28.6,86.51,Normal,11.0,4.18,5.0,0,0.0,83.12,110.09,129,0,4.0
ORD104994,2025-08-23,Gujarat,Vadodara,Books,Truck,1,1.62,86.2,85.91,Normal,8.6,2.91,4.9,0,0.0,169.67,199.85,5,0,4.1
ORD104995,2025-03-19,Telangana,Hyderabad,Sports,Truck,4,2.34,83.1,87.47,Rain,8.0,4.22,6.5,0,0.0,139.75,184.93,5,1,5.0
ORD104996,2025-09-30,Karnataka,Bengaluru,Beauty,Van,5,1.59,48.8,91.75,Normal,6.2,1.89,3.7,0,0.0,161.47,191.11,77,0,4.1
ORD104997,2025-10-27,Tamil Nadu,Coimbatore,Electronics,Truck,4,4.96,94.9,89.25,Rain,9.7,4.72,6.1,0,0.0,186.53,223.33,5,1,4.5
ORD104998,2025-09-05,Delhi,Dwarka,Home & Kitchen,Van,7,1.72,64.9,88.06,Normal,12.4,4.79,5.6,0,0.0,183.17,182.58,23,1,4.9
ORD104999,2025-07-01,West Bengal,Durgapur,Books,Bike,6,1.03,189.1,88.24,Rain,6.6,4.06,4.8,0,0.0,306.97,364.4,5,1,4.7
